label,seq,start_unix_ns,latency_ns,ok,error
T3of5-strict-L20ms-c50-emulated,5,1790329815779432228,1761292289,1,
T3of5-strict-L20ms-c50-emulated,4,1790329815779371729,1766978945,1,
T3of5-strict-L20ms-c50-emulated,2,1790329815779136900,1785358430,1,
T3of5-strict-L20ms-c50-emulated,3,1790329815779308481,1857528019,1,
T3of5-strict-L20ms-c50-emulated,10,1790329815779657850,1857193483,1,
T3of5-strict-L20ms-c50-emulated,19,1790329815780078051,1858394045,1,
T3of5-strict-L20ms-c50-emulated,23,1790329815780243465,1858461169,1,
T3of5-strict-L20ms-c50-emulated,33,1790329815780685458,2072297688,0,Internal error occurred: failed to generate token: while signing jwt: rpc error: code = Unavailable desc = token signing failed: threshold not met
T3of5-strict-L20ms-c50-emulated,8,1790329815779560268,2086336163,0,Internal error occurred: failed to generate token: while signing jwt: rpc error: code = Unavailable desc = token signing failed: threshold not met
T3of5-strict-L20ms-c50-emulated,39,1790329815780964370,2085164891,1,
T3of5-strict-L20ms-c50-emulated,13,1790329815779809680,2101301288,0,Internal error occurred: failed to generate token: while signing jwt: rpc error: code = Unavailable desc = token signing failed: threshold not met
T3of5-strict-L20ms-c50-emulated,11,1790329815779717640,2101552451,0,Internal error occurred: failed to generate token: while signing jwt: rpc error: code = Unavailable desc = token signing failed: threshold not met
T3of5-strict-L20ms-c50-emulated,47,1790329815781239990,2115690798,0,Internal error occurred: failed to generate token: while signing jwt: rpc error: code = Unavailable desc = token signing failed: threshold not met
T3of5-strict-L20ms-c50-emulated,25,1790329815780335088,2120764464,0,Internal error occurred: failed to generate token: while signing jwt: rpc error: code = Unavailable desc = token signing failed: threshold not met
T3of5-strict-L20ms-c50-emulated,30,1790329815780550668,2120695048,0,Internal error occurred: failed to generate token: while signing jwt: rpc error: code = Unavailable desc = token signing failed: threshold not met
T3of5-strict-L20ms-c50-emulated,27,1790329815780417295,2120886004,0,Internal error occurred: failed to generate token: while signing jwt: rpc error: code = Unavailable desc = token signing failed: threshold not met
T3of5-strict-L20ms-c50-emulated,6,1790329815779481728,2121898611,0,Internal error occurred: failed to generate token: while signing jwt: rpc error: code = Unavailable desc = token signing failed: threshold not met
T3of5-strict-L20ms-c50-emulated,42,1790329815781121700,2124507485,0,Internal error occurred: failed to generate token: while signing jwt: rpc error: code = Unavailable desc = token signing failed: threshold not met
T3of5-strict-L20ms-c50-emulated,45,1790329815781210740,2137316521,0,Internal error occurred: failed to generate token: while signing jwt: rpc error: code = Unavailable desc = token signing failed: threshold not met
T3of5-strict-L20ms-c50-emulated,41,1790329815781077159,2137572850,0,Internal error occurred: failed to generate token: while signing jwt: rpc error: code = Unavailable desc = token signing failed: threshold not met
T3of5-strict-L20ms-c50-emulated,9,1790329815779607851,2226158332,0,Internal error occurred: failed to generate token: while signing jwt: rpc error: code = Unavailable desc = token signing failed: threshold not met
T3of5-strict-L20ms-c50-emulated,12,1790329815779764056,2226467993,0,Internal error occurred: failed to generate token: while signing jwt: rpc error: code = Unavailable desc = token signing failed: threshold not met
T3of5-strict-L20ms-c50-emulated,26,1790329815780377254,2225976668,0,Internal error occurred: failed to generate token: while signing jwt: rpc error: code = Unavailable desc = token signing failed: threshold not met
T3of5-strict-L20ms-c50-emulated,20,1790329815780120634,2227770680,0,Internal error occurred: failed to generate token: while signing jwt: rpc error: code = Unavailable desc = token signing failed: threshold not met
T3of5-strict-L20ms-c50-emulated,17,1790329815779987303,2242535767,0,Internal error occurred: failed to generate token: while signing jwt: rpc error: code = Unavailable desc = token signing failed: threshold not met
T3of5-strict-L20ms-c50-emulated,37,1790329815780882329,2241854821,0,Internal error occurred: failed to generate token: while signing jwt: rpc error: code = Unavailable desc = token signing failed: threshold not met
T3of5-strict-L20ms-c50-emulated,16,1790329815779921970,2242902095,0,Internal error occurred: failed to generate token: while signing jwt: rpc error: code = Unavailable desc = token signing failed: threshold not met
T3of5-strict-L20ms-c50-emulated,24,1790329815780281173,2259405444,0,Internal error occurred: failed to generate token: while signing jwt: rpc error: code = Unavailable desc = token signing failed: threshold not met
T3of5-strict-L20ms-c50-emulated,31,1790329815780595126,2259245322,0,Internal error occurred: failed to generate token: while signing jwt: rpc error: code = Unavailable desc = token signing failed: threshold not met
T3of5-strict-L20ms-c50-emulated,35,1790329815780769831,2259132824,0,Internal error occurred: failed to generate token: while signing jwt: rpc error: code = Unavailable desc = token signing failed: threshold not met
T3of5-strict-L20ms-c50-emulated,50,1790329815781286656,2258678582,0,Internal error occurred: failed to generate token: while signing jwt: rpc error: code = Unavailable desc = token signing failed: threshold not met
T3of5-strict-L20ms-c50-emulated,38,1790329815780928912,2259091617,0,Internal error occurred: failed to generate token: while signing jwt: rpc error: code = Unavailable desc = token signing failed: threshold not met
T3of5-strict-L20ms-c50-emulated,7,1790329815779520852,2260553425,0,Internal error occurred: failed to generate token: while signing jwt: rpc error: code = Unavailable desc = token signing failed: threshold not met
T3of5-strict-L20ms-c50-emulated,28,1790329815780462961,2260587217,0,Internal error occurred: failed to generate token: while signing jwt: rpc error: code = Unavailable desc = token signing failed: threshold not met
T3of5-strict-L20ms-c50-emulated,14,1790329815779846597,2261291372,0,Internal error occurred: failed to generate token: while signing jwt: rpc error: code = Unavailable desc = token signing failed: threshold not met
T3of5-strict-L20ms-c50-emulated,40,1790329815781067993,2294511151,0,Internal error occurred: failed to generate token: while signing jwt: rpc error: code = Unavailable desc = token signing failed: threshold not met
T3of5-strict-L20ms-c50-emulated,48,1790329815781263115,2294757564,0,Internal error occurred: failed to generate token: while signing jwt: rpc error: code = Unavailable desc = token signing failed: threshold not met
T3of5-strict-L20ms-c50-emulated,18,1790329815780029302,2297604809,0,Internal error occurred: failed to generate token: while signing jwt: rpc error: code = Unavailable desc = token signing failed: threshold not met
T3of5-strict-L20ms-c50-emulated,15,1790329815779884304,2315520843,0,Internal error occurred: failed to generate token: while signing jwt: rpc error: code = Unavailable desc = token signing failed: threshold not met
T3of5-strict-L20ms-c50-emulated,44,1790329815781200782,2340399262,0,Internal error occurred: failed to generate token: while signing jwt: rpc error: code = Unavailable desc = token signing failed: threshold not met
T3of5-strict-L20ms-c50-emulated,29,1790329815780504002,2373096134,0,Internal error occurred: failed to generate token: while signing jwt: rpc error: code = Unavailable desc = token signing failed: threshold not met
T3of5-strict-L20ms-c50-emulated,34,1790329815780725707,2413036760,0,Internal error occurred: failed to generate token: while signing jwt: rpc error: code = Unavailable desc = token signing failed: threshold not met
T3of5-strict-L20ms-c50-emulated,22,1790329815780201757,2491309665,0,Internal error occurred: failed to generate token: while signing jwt: rpc error: code = Unavailable desc = token signing failed: threshold not met
T3of5-strict-L20ms-c50-emulated,1,1790329815778863280,2494289282,0,Internal error occurred: failed to generate token: while signing jwt: rpc error: code = Unavailable desc = token signing failed: threshold not met
T3of5-strict-L20ms-c50-emulated,49,1790329815781272156,2492023611,0,Internal error occurred: failed to generate token: while signing jwt: rpc error: code = Unavailable desc = token signing failed: threshold not met
T3of5-strict-L20ms-c50-emulated,36,1790329815780845955,2526494328,0,Internal error occurred: failed to generate token: while signing jwt: rpc error: code = Unavailable desc = token signing failed: threshold not met
T3of5-strict-L20ms-c50-emulated,21,1790329815780159175,2541137544,0,Internal error occurred: failed to generate token: while signing jwt: rpc error: code = Unavailable desc = token signing failed: threshold not met
T3of5-strict-L20ms-c50-emulated,32,1790329815780636167,2540897173,0,Internal error occurred: failed to generate token: while signing jwt: rpc error: code = Unavailable desc = token signing failed: threshold not met
T3of5-strict-L20ms-c50-emulated,46,1790329815781236240,2540417305,0,Internal error occurred: failed to generate token: while signing jwt: rpc error: code = Unavailable desc = token signing failed: threshold not met
T3of5-strict-L20ms-c50-emulated,43,1790329815781163325,2568237509,0,Internal error occurred: failed to generate token: while signing jwt: rpc error: code = Unavailable desc = token signing failed: threshold not met
T3of5-strict-L20ms-c50-emulated,52,1790329817546367924,926944012,1,
T3of5-strict-L20ms-c50-emulated,55,1790329817636854790,893921938,1,
T3of5-strict-L20ms-c50-emulated,51,1790329817540733184,1115614161,1,
T3of5-strict-L20ms-c50-emulated,56,1790329817638477055,1020277958,1,
T3of5-strict-L20ms-c50-emulated,53,1790329817564506080,1101332191,1,
T3of5-strict-L20ms-c50-emulated,54,1790329817636845582,1038861190,1,
T3of5-strict-L20ms-c50-emulated,57,1790329817638707176,1399823553,1,
T3of5-strict-L20ms-c50-emulated,60,1790329817866131177,1566535117,1,
T3of5-strict-L20ms-c50-emulated,68,1790329817905632768,1539250446,1,
T3of5-strict-L20ms-c50-emulated,63,1790329817896934622,1550549633,1,
T3of5-strict-L20ms-c50-emulated,69,1790329817918531803,1529949935,1,
T3of5-strict-L20ms-c50-emulated,73,1790329818006355631,2014146668,0,Internal error occurred: failed to generate token: while signing jwt: rpc error: code = Unavailable desc = token signing failed: threshold not met
T3of5-strict-L20ms-c50-emulated,64,1790329817901101927,2128377765,0,Internal error occurred: failed to generate token: while signing jwt: rpc error: code = Unavailable desc = token signing failed: threshold not met
T3of5-strict-L20ms-c50-emulated,77,1790329818022825315,2014477247,0,Internal error occurred: failed to generate token: while signing jwt: rpc error: code = Unavailable desc = token signing failed: threshold not met
T3of5-strict-L20ms-c50-emulated,85,1790329818041140843,2013299975,0,Internal error occurred: failed to generate token: while signing jwt: rpc error: code = Unavailable desc = token signing failed: threshold not met
T3of5-strict-L20ms-c50-emulated,82,1790329818040021862,2021096679,0,Internal error occurred: failed to generate token: while signing jwt: rpc error: code = Unavailable desc = token signing failed: threshold not met
T3of5-strict-L20ms-c50-emulated,84,1790329818041052511,2020065904,0,Internal error occurred: failed to generate token: while signing jwt: rpc error: code = Unavailable desc = token signing failed: threshold not met
T3of5-strict-L20ms-c50-emulated,88,1790329818077650610,2018837592,0,Internal error occurred: failed to generate token: while signing jwt: rpc error: code = Unavailable desc = token signing failed: threshold not met
T3of5-strict-L20ms-c50-emulated,71,1790329818005770974,2120609772,0,Internal error occurred: failed to generate token: while signing jwt: rpc error: code = Unavailable desc = token signing failed: threshold not met
T3of5-strict-L20ms-c50-emulated,87,1790329818076033303,2051063557,0,Internal error occurred: failed to generate token: while signing jwt: rpc error: code = Unavailable desc = token signing failed: threshold not met
T3of5-strict-L20ms-c50-emulated,83,1790329818040075652,2090377027,0,Internal error occurred: failed to generate token: while signing jwt: rpc error: code = Unavailable desc = token signing failed: threshold not met
T3of5-strict-L20ms-c50-emulated,90,1790329818121610128,2023012274,0,Internal error occurred: failed to generate token: while signing jwt: rpc error: code = Unavailable desc = token signing failed: threshold not met
T3of5-strict-L20ms-c50-emulated,62,1790329817881272216,2278383685,0,Internal error occurred: failed to generate token: while signing jwt: rpc error: code = Unavailable desc = token signing failed: threshold not met
T3of5-strict-L20ms-c50-emulated,67,1790329817901381464,2258420310,0,Internal error occurred: failed to generate token: while signing jwt: rpc error: code = Unavailable desc = token signing failed: threshold not met
T3of5-strict-L20ms-c50-emulated,80,1790329818039904364,2119954617,0,Internal error occurred: failed to generate token: while signing jwt: rpc error: code = Unavailable desc = token signing failed: threshold not met
T3of5-strict-L20ms-c50-emulated,58,1790329817852988271,2306915418,0,Internal error occurred: failed to generate token: while signing jwt: rpc error: code = Unavailable desc = token signing failed: threshold not met
T3of5-strict-L20ms-c50-emulated,86,1790329818075585561,2085480233,0,Internal error occurred: failed to generate token: while signing jwt: rpc error: code = Unavailable desc = token signing failed: threshold not met
T3of5-strict-L20ms-c50-emulated,70,1790329817918651426,2287515618,0,Internal error occurred: failed to generate token: while signing jwt: rpc error: code = Unavailable desc = token signing failed: threshold not met
T3of5-strict-L20ms-c50-emulated,66,1790329817901304340,2306117433,0,Internal error occurred: failed to generate token: while signing jwt: rpc error: code = Unavailable desc = token signing failed: threshold not met
T3of5-strict-L20ms-c50-emulated,89,1790329818095412147,2112916528,0,Internal error occurred: failed to generate token: while signing jwt: rpc error: code = Unavailable desc = token signing failed: threshold not met
T3of5-strict-L20ms-c50-emulated,72,1790329818006236799,2262020713,0,Internal error occurred: failed to generate token: while signing jwt: rpc error: code = Unavailable desc = token signing failed: threshold not met
T3of5-strict-L20ms-c50-emulated,78,1790329818039692534,2233648768,0,Internal error occurred: failed to generate token: while signing jwt: rpc error: code = Unavailable desc = token signing failed: threshold not met
T3of5-strict-L20ms-c50-emulated,61,1790329817881114927,2415528446,0,Internal error occurred: failed to generate token: while signing jwt: rpc error: code = Unavailable desc = token signing failed: threshold not met
T3of5-strict-L20ms-c50-emulated,65,1790329817901247383,2398130986,0,Internal error occurred: failed to generate token: while signing jwt: rpc error: code = Unavailable desc = token signing failed: threshold not met
T3of5-strict-L20ms-c50-emulated,93,1790329818271523339,2028144150,0,Internal error occurred: failed to generate token: while signing jwt: rpc error: code = Unavailable desc = token signing failed: threshold not met
T3of5-strict-L20ms-c50-emulated,59,1790329817865901680,2434286925,0,Internal error occurred: failed to generate token: while signing jwt: rpc error: code = Unavailable desc = token signing failed: threshold not met
T3of5-strict-L20ms-c50-emulated,92,1790329818193774634,2122058295,0,Internal error occurred: failed to generate token: while signing jwt: rpc error: code = Unavailable desc = token signing failed: threshold not met
T3of5-strict-L20ms-c50-emulated,95,1790329818273297434,2047805115,0,Internal error occurred: failed to generate token: while signing jwt: rpc error: code = Unavailable desc = token signing failed: threshold not met
T3of5-strict-L20ms-c50-emulated,96,1790329818307349534,2021967962,0,Internal error occurred: failed to generate token: while signing jwt: rpc error: code = Unavailable desc = token signing failed: threshold not met
T3of5-strict-L20ms-c50-emulated,91,1790329818153609428,2182917906,0,Internal error occurred: failed to generate token: while signing jwt: rpc error: code = Unavailable desc = token signing failed: threshold not met
T3of5-strict-L20ms-c50-emulated,81,1790329818039966613,2328783644,0,Internal error occurred: failed to generate token: while signing jwt: rpc error: code = Unavailable desc = token signing failed: threshold not met
T3of5-strict-L20ms-c50-emulated,75,1790329818022536028,2346329393,0,Internal error occurred: failed to generate token: while signing jwt: rpc error: code = Unavailable desc = token signing failed: threshold not met
T3of5-strict-L20ms-c50-emulated,76,1790329818022738691,2349865585,0,Internal error occurred: failed to generate token: while signing jwt: rpc error: code = Unavailable desc = token signing failed: threshold not met
T3of5-strict-L20ms-c50-emulated,74,1790329818007894147,2364812460,0,Internal error occurred: failed to generate token: while signing jwt: rpc error: code = Unavailable desc = token signing failed: threshold not met
T3of5-strict-L20ms-c50-emulated,79,1790329818039841656,2332921451,0,Internal error occurred: failed to generate token: while signing jwt: rpc error: code = Unavailable desc = token signing failed: threshold not met
T3of5-strict-L20ms-c50-emulated,99,1790329818321656170,2069927873,0,Internal error occurred: failed to generate token: while signing jwt: rpc error: code = Unavailable desc = token signing failed: threshold not met
T3of5-strict-L20ms-c50-emulated,100,1790329818349409916,2047421915,0,Internal error occurred: failed to generate token: while signing jwt: rpc error: code = Unavailable desc = token signing failed: threshold not met
T3of5-strict-L20ms-c50-emulated,94,1790329818273159686,2125908524,0,Internal error occurred: failed to generate token: while signing jwt: rpc error: code = Unavailable desc = token signing failed: threshold not met
T3of5-strict-L20ms-c50-emulated,97,1790329818321306051,2109202511,0,Internal error occurred: failed to generate token: while signing jwt: rpc error: code = Unavailable desc = token signing failed: threshold not met
T3of5-strict-L20ms-c50-emulated,98,1790329818321537381,2119648462,0,Internal error occurred: failed to generate token: while signing jwt: rpc error: code = Unavailable desc = token signing failed: threshold not met
T3of5-strict-L20ms-c50-emulated,101,1790329818473321477,2009282427,0,Internal error occurred: failed to generate token: while signing jwt: rpc error: code = Unavailable desc = token signing failed: threshold not met
T3of5-strict-L20ms-c50-emulated,102,1790329818530786770,2033141657,0,Internal error occurred: failed to generate token: while signing jwt: rpc error: code = Unavailable desc = token signing failed: threshold not met
T3of5-strict-L20ms-c50-emulated,103,1790329818656359011,2018339656,0,Internal error occurred: failed to generate token: while signing jwt: rpc error: code = Unavailable desc = token signing failed: threshold not met
T3of5-strict-L20ms-c50-emulated,104,1790329818658761096,2018961688,0,Internal error occurred: failed to generate token: while signing jwt: rpc error: code = Unavailable desc = token signing failed: threshold not met
T3of5-strict-L20ms-c50-emulated,105,1790329818665848145,2014909630,0,Internal error occurred: failed to generate token: while signing jwt: rpc error: code = Unavailable desc = token signing failed: threshold not met
T3of5-strict-L20ms-c50-emulated,106,1790329818675718647,2016365439,0,Internal error occurred: failed to generate token: while signing jwt: rpc error: code = Unavailable desc = token signing failed: threshold not met
T3of5-strict-L20ms-c50-emulated,107,1790329819038537229,2018904364,0,Internal error occurred: failed to generate token: while signing jwt: rpc error: code = Unavailable desc = token signing failed: threshold not met
T3of5-strict-L20ms-c50-emulated,108,1790329819432674335,2013094220,0,Internal error occurred: failed to generate token: while signing jwt: rpc error: code = Unavailable desc = token signing failed: threshold not met
T3of5-strict-L20ms-c50-emulated,109,1790329819444957963,2009875482,0,Internal error occurred: failed to generate token: while signing jwt: rpc error: code = Unavailable desc = token signing failed: threshold not met
T3of5-strict-L20ms-c50-emulated,110,1790329819447489546,2007611228,0,Internal error occurred: failed to generate token: while signing jwt: rpc error: code = Unavailable desc = token signing failed: threshold not met
T3of5-strict-L20ms-c50-emulated,111,1790329819448485613,2006625661,0,Internal error occurred: failed to generate token: while signing jwt: rpc error: code = Unavailable desc = token signing failed: threshold not met
T3of5-strict-L20ms-c50-emulated,112,1790329820020510758,2008879096,0,Internal error occurred: failed to generate token: while signing jwt: rpc error: code = Unavailable desc = token signing failed: threshold not met
T3of5-strict-L20ms-c50-emulated,113,1790329820029488692,2008677016,0,Internal error occurred: failed to generate token: while signing jwt: rpc error: code = Unavailable desc = token signing failed: threshold not met
T3of5-strict-L20ms-c50-emulated,114,1790329820037305562,2004824747,0,Internal error occurred: failed to generate token: while signing jwt: rpc error: code = Unavailable desc = token signing failed: threshold not met
T3of5-strict-L20ms-c50-emulated,115,1790329820054442818,2004047052,0,Internal error occurred: failed to generate token: while signing jwt: rpc error: code = Unavailable desc = token signing failed: threshold not met
T3of5-strict-L20ms-c50-emulated,116,1790329820061121249,2006100226,0,Internal error occurred: failed to generate token: while signing jwt: rpc error: code = Unavailable desc = token signing failed: threshold not met
T3of5-strict-L20ms-c50-emulated,117,1790329820061121207,2006406095,0,Internal error occurred: failed to generate token: while signing jwt: rpc error: code = Unavailable desc = token signing failed: threshold not met
T3of5-strict-L20ms-c50-emulated,118,1790329820096491952,2008862555,0,Internal error occurred: failed to generate token: while signing jwt: rpc error: code = Unavailable desc = token signing failed: threshold not met
T3of5-strict-L20ms-c50-emulated,120,1790329820127100151,2007671285,0,Internal error occurred: failed to generate token: while signing jwt: rpc error: code = Unavailable desc = token signing failed: threshold not met
T3of5-strict-L20ms-c50-emulated,119,1790329820126387413,2008385856,0,Internal error occurred: failed to generate token: while signing jwt: rpc error: code = Unavailable desc = token signing failed: threshold not met
T3of5-strict-L20ms-c50-emulated,121,1790329820130455762,2008106360,0,Internal error occurred: failed to generate token: while signing jwt: rpc error: code = Unavailable desc = token signing failed: threshold not met
T3of5-strict-L20ms-c50-emulated,126,1790329820159904981,2018146028,0,Internal error occurred: failed to generate token: while signing jwt: rpc error: code = Unavailable desc = token signing failed: threshold not met
T3of5-strict-L20ms-c50-emulated,122,1790329820144628235,2039795877,0,Internal error occurred: failed to generate token: while signing jwt: rpc error: code = Unavailable desc = token signing failed: threshold not met
T3of5-strict-L20ms-c50-emulated,125,1790329820159860398,2026374683,0,Internal error occurred: failed to generate token: while signing jwt: rpc error: code = Unavailable desc = token signing failed: threshold not met
T3of5-strict-L20ms-c50-emulated,123,1790329820159660235,2030342326,0,Internal error occurred: failed to generate token: while signing jwt: rpc error: code = Unavailable desc = token signing failed: threshold not met
T3of5-strict-L20ms-c50-emulated,124,1790329820159803482,2031319767,0,Internal error occurred: failed to generate token: while signing jwt: rpc error: code = Unavailable desc = token signing failed: threshold not met
T3of5-strict-L20ms-c50-emulated,127,1790329820161068795,2030180786,0,Internal error occurred: failed to generate token: while signing jwt: rpc error: code = Unavailable desc = token signing failed: threshold not met
T3of5-strict-L20ms-c50-emulated,130,1790329820208331967,2009546255,0,Internal error occurred: failed to generate token: while signing jwt: rpc error: code = Unavailable desc = token signing failed: threshold not met
T3of5-strict-L20ms-c50-emulated,129,1790329820207425774,2024400217,0,Internal error occurred: failed to generate token: while signing jwt: rpc error: code = Unavailable desc = token signing failed: threshold not met
T3of5-strict-L20ms-c50-emulated,128,1790329820206171586,2032994782,0,Internal error occurred: failed to generate token: while signing jwt: rpc error: code = Unavailable desc = token signing failed: threshold not met
T3of5-strict-L20ms-c50-emulated,131,1790329820268266386,2007661538,0,Internal error occurred: failed to generate token: while signing jwt: rpc error: code = Unavailable desc = token signing failed: threshold not met
T3of5-strict-L20ms-c50-emulated,132,1790329820273347302,2024020641,0,Internal error occurred: failed to generate token: while signing jwt: rpc error: code = Unavailable desc = token signing failed: threshold not met
T3of5-strict-L20ms-c50-emulated,133,1790329820296649581,2010728821,0,Internal error occurred: failed to generate token: while signing jwt: rpc error: code = Unavailable desc = token signing failed: threshold not met
T3of5-strict-L20ms-c50-emulated,136,1790329820300193022,2009926959,0,Internal error occurred: failed to generate token: while signing jwt: rpc error: code = Unavailable desc = token signing failed: threshold not met
T3of5-strict-L20ms-c50-emulated,135,1790329820299669781,2012438251,0,Internal error occurred: failed to generate token: while signing jwt: rpc error: code = Unavailable desc = token signing failed: threshold not met
T3of5-strict-L20ms-c50-emulated,134,1790329820299382744,2012789203,0,Internal error occurred: failed to generate token: while signing jwt: rpc error: code = Unavailable desc = token signing failed: threshold not met
T3of5-strict-L20ms-c50-emulated,137,1790329820315841012,2010491533,0,Internal error occurred: failed to generate token: while signing jwt: rpc error: code = Unavailable desc = token signing failed: threshold not met
T3of5-strict-L20ms-c50-emulated,138,1790329820321106883,2011398185,0,Internal error occurred: failed to generate token: while signing jwt: rpc error: code = Unavailable desc = token signing failed: threshold not met
T3of5-strict-L20ms-c50-emulated,139,1790329820329322413,2010792696,0,Internal error occurred: failed to generate token: while signing jwt: rpc error: code = Unavailable desc = token signing failed: threshold not met
T3of5-strict-L20ms-c50-emulated,140,1790329820336531293,2027204090,0,Internal error occurred: failed to generate token: while signing jwt: rpc error: code = Unavailable desc = token signing failed: threshold not met
T3of5-strict-L20ms-c50-emulated,141,1790329820368754423,2020962652,0,Internal error occurred: failed to generate token: while signing jwt: rpc error: code = Unavailable desc = token signing failed: threshold not met
T3of5-strict-L20ms-c50-emulated,144,1790329820372708274,2017287672,0,Internal error occurred: failed to generate token: while signing jwt: rpc error: code = Unavailable desc = token signing failed: threshold not met
T3of5-strict-L20ms-c50-emulated,142,1790329820368866713,2022229840,0,Internal error occurred: failed to generate token: while signing jwt: rpc error: code = Unavailable desc = token signing failed: threshold not met
T3of5-strict-L20ms-c50-emulated,143,1790329820372607567,2024729341,0,Internal error occurred: failed to generate token: while signing jwt: rpc error: code = Unavailable desc = token signing failed: threshold not met
T3of5-strict-L20ms-c50-emulated,145,1790329820372764273,2024842713,0,Internal error occurred: failed to generate token: while signing jwt: rpc error: code = Unavailable desc = token signing failed: threshold not met
T3of5-strict-L20ms-c50-emulated,146,1790329820391588043,2032081843,0,Internal error occurred: failed to generate token: while signing jwt: rpc error: code = Unavailable desc = token signing failed: threshold not met
T3of5-strict-L20ms-c50-emulated,147,1790329820396835623,2037923164,0,Internal error occurred: failed to generate token: while signing jwt: rpc error: code = Unavailable desc = token signing failed: threshold not met
T3of5-strict-L20ms-c50-emulated,148,1790329820399071336,2047927706,1,
T3of5-strict-L20ms-c50-emulated,150,1790329820441190968,2010296123,0,Internal error occurred: failed to generate token: while signing jwt: rpc error: code = Unavailable desc = token signing failed: threshold not met
T3of5-strict-L20ms-c50-emulated,149,1790329820430513354,2058931940,0,Internal error occurred: failed to generate token: while signing jwt: rpc error: code = Unavailable desc = token signing failed: threshold not met
T3of5-strict-L20ms-c50-emulated,151,1790329820482610154,2014783216,1,
T3of5-strict-L20ms-c50-emulated,152,1790329820563933801,2006804809,0,Internal error occurred: failed to generate token: while signing jwt: rpc error: code = Unavailable desc = token signing failed: threshold not met
T3of5-strict-L20ms-c50-emulated,154,1790329820677726242,1958710193,1,
T3of5-strict-L20ms-c50-emulated,153,1790329820674702292,2006901268,0,Internal error occurred: failed to generate token: while signing jwt: rpc error: code = Unavailable desc = token signing failed: threshold not met
T3of5-strict-L20ms-c50-emulated,155,1790329820680761441,2005436209,0,Internal error occurred: failed to generate token: while signing jwt: rpc error: code = Unavailable desc = token signing failed: threshold not met
T3of5-strict-L20ms-c50-emulated,156,1790329820692088461,2006744230,0,Internal error occurred: failed to generate token: while signing jwt: rpc error: code = Unavailable desc = token signing failed: threshold not met
T3of5-strict-L20ms-c50-emulated,157,1790329821057447426,2006810737,0,Internal error occurred: failed to generate token: while signing jwt: rpc error: code = Unavailable desc = token signing failed: threshold not met
T3of5-strict-L20ms-c50-emulated,158,1790329821445775138,2025343521,0,Internal error occurred: failed to generate token: while signing jwt: rpc error: code = Unavailable desc = token signing failed: threshold not met
T3of5-strict-L20ms-c50-emulated,161,1790329821455114274,2016726040,0,Internal error occurred: failed to generate token: while signing jwt: rpc error: code = Unavailable desc = token signing failed: threshold not met
T3of5-strict-L20ms-c50-emulated,159,1790329821454836737,2017151533,0,Internal error occurred: failed to generate token: while signing jwt: rpc error: code = Unavailable desc = token signing failed: threshold not met
T3of5-strict-L20ms-c50-emulated,160,1790329821455102316,2028219933,0,Internal error occurred: failed to generate token: while signing jwt: rpc error: code = Unavailable desc = token signing failed: threshold not met
T3of5-strict-L20ms-c50-emulated,164,1790329822042133808,2012513332,0,Internal error occurred: failed to generate token: while signing jwt: rpc error: code = Unavailable desc = token signing failed: threshold not met
T3of5-strict-L20ms-c50-emulated,162,1790329822029393478,2025271745,0,Internal error occurred: failed to generate token: while signing jwt: rpc error: code = Unavailable desc = token signing failed: threshold not met
T3of5-strict-L20ms-c50-emulated,163,1790329822038169624,2016477725,0,Internal error occurred: failed to generate token: while signing jwt: rpc error: code = Unavailable desc = token signing failed: threshold not met
T3of5-strict-L20ms-c50-emulated,165,1790329822058498286,2067163301,0,Internal error occurred: failed to generate token: while signing jwt: rpc error: code = Unavailable desc = token signing failed: threshold not met
T3of5-strict-L20ms-c50-emulated,167,1790329822067528761,2058407196,0,Internal error occurred: failed to generate token: while signing jwt: rpc error: code = Unavailable desc = token signing failed: threshold not met
T3of5-strict-L20ms-c50-emulated,166,1790329822067226308,2059004811,0,Internal error occurred: failed to generate token: while signing jwt: rpc error: code = Unavailable desc = token signing failed: threshold not met
T3of5-strict-L20ms-c50-emulated,168,1790329822105359841,2021072983,0,Internal error occurred: failed to generate token: while signing jwt: rpc error: code = Unavailable desc = token signing failed: threshold not met
T3of5-strict-L20ms-c50-emulated,170,1790329822134776602,2014062892,0,Internal error occurred: failed to generate token: while signing jwt: rpc error: code = Unavailable desc = token signing failed: threshold not met
T3of5-strict-L20ms-c50-emulated,171,1790329822138567414,2014975168,0,Internal error occurred: failed to generate token: while signing jwt: rpc error: code = Unavailable desc = token signing failed: threshold not met
T3of5-strict-L20ms-c50-emulated,169,1790329822134776769,2019069058,0,Internal error occurred: failed to generate token: while signing jwt: rpc error: code = Unavailable desc = token signing failed: threshold not met
T3of5-strict-L20ms-c50-emulated,172,1790329822178054717,2014018519,0,Internal error occurred: failed to generate token: while signing jwt: rpc error: code = Unavailable desc = token signing failed: threshold not met
T3of5-strict-L20ms-c50-emulated,174,1790329822186238248,2007629791,0,Internal error occurred: failed to generate token: while signing jwt: rpc error: code = Unavailable desc = token signing failed: threshold not met
T3of5-strict-L20ms-c50-emulated,176,1790329822191126958,2010858571,0,Internal error occurred: failed to generate token: while signing jwt: rpc error: code = Unavailable desc = token signing failed: threshold not met
T3of5-strict-L20ms-c50-emulated,173,1790329822184426444,2023857189,0,Internal error occurred: failed to generate token: while signing jwt: rpc error: code = Unavailable desc = token signing failed: threshold not met
T3of5-strict-L20ms-c50-emulated,177,1790329822191250706,2020378913,0,Internal error occurred: failed to generate token: while signing jwt: rpc error: code = Unavailable desc = token signing failed: threshold not met
T3of5-strict-L20ms-c50-emulated,175,1790329822190003893,2021840389,0,Internal error occurred: failed to generate token: while signing jwt: rpc error: code = Unavailable desc = token signing failed: threshold not met
T3of5-strict-L20ms-c50-emulated,178,1790329822217883805,2005758781,0,Internal error occurred: failed to generate token: while signing jwt: rpc error: code = Unavailable desc = token signing failed: threshold not met
T3of5-strict-L20ms-c50-emulated,180,1790329822239171827,2024147435,0,Internal error occurred: failed to generate token: while signing jwt: rpc error: code = Unavailable desc = token signing failed: threshold not met
T3of5-strict-L20ms-c50-emulated,179,1790329822231833198,2039299934,0,Internal error occurred: failed to generate token: while signing jwt: rpc error: code = Unavailable desc = token signing failed: threshold not met
T3of5-strict-L20ms-c50-emulated,181,1790329822275933966,2033007039,0,Internal error occurred: failed to generate token: while signing jwt: rpc error: code = Unavailable desc = token signing failed: threshold not met
T3of5-strict-L20ms-c50-emulated,182,1790329822297373860,2011781059,0,Internal error occurred: failed to generate token: while signing jwt: rpc error: code = Unavailable desc = token signing failed: threshold not met
T3of5-strict-L20ms-c50-emulated,186,1790329822312176155,2025723703,0,Internal error occurred: failed to generate token: while signing jwt: rpc error: code = Unavailable desc = token signing failed: threshold not met
T3of5-strict-L20ms-c50-emulated,185,1790329822312111282,2025960282,0,Internal error occurred: failed to generate token: while signing jwt: rpc error: code = Unavailable desc = token signing failed: threshold not met
T3of5-strict-L20ms-c50-emulated,183,1790329822307384485,2030815201,0,Internal error occurred: failed to generate token: while signing jwt: rpc error: code = Unavailable desc = token signing failed: threshold not met
T3of5-strict-L20ms-c50-emulated,184,1790329822310123981,2028188703,0,Internal error occurred: failed to generate token: while signing jwt: rpc error: code = Unavailable desc = token signing failed: threshold not met
T3of5-strict-L20ms-c50-emulated,187,1790329822326340129,2020488622,0,Internal error occurred: failed to generate token: while signing jwt: rpc error: code = Unavailable desc = token signing failed: threshold not met
T3of5-strict-L20ms-c50-emulated,188,1790329822332514026,2017409924,0,Internal error occurred: failed to generate token: while signing jwt: rpc error: code = Unavailable desc = token signing failed: threshold not met
T3of5-strict-L20ms-c50-emulated,189,1790329822340122025,2031217403,0,Internal error occurred: failed to generate token: while signing jwt: rpc error: code = Unavailable desc = token signing failed: threshold not met
T3of5-strict-L20ms-c50-emulated,190,1790329822363744216,2037004058,0,Internal error occurred: failed to generate token: while signing jwt: rpc error: code = Unavailable desc = token signing failed: threshold not met
T3of5-strict-L20ms-c50-emulated,191,1790329822389726492,2035855828,0,Internal error occurred: failed to generate token: while signing jwt: rpc error: code = Unavailable desc = token signing failed: threshold not met
T3of5-strict-L20ms-c50-emulated,193,1790329822391102219,2056932395,0,Internal error occurred: failed to generate token: while signing jwt: rpc error: code = Unavailable desc = token signing failed: threshold not met
T3of5-strict-L20ms-c50-emulated,192,1790329822389999029,2061115909,0,Internal error occurred: failed to generate token: while signing jwt: rpc error: code = Unavailable desc = token signing failed: threshold not met
T3of5-strict-L20ms-c50-emulated,194,1790329822397344907,2057251515,0,Internal error occurred: failed to generate token: while signing jwt: rpc error: code = Unavailable desc = token signing failed: threshold not met
T3of5-strict-L20ms-c50-emulated,196,1790329822423678637,2033737572,0,Internal error occurred: failed to generate token: while signing jwt: rpc error: code = Unavailable desc = token signing failed: threshold not met
T3of5-strict-L20ms-c50-emulated,195,1790329822397609111,2064132901,0,Internal error occurred: failed to generate token: while signing jwt: rpc error: code = Unavailable desc = token signing failed: threshold not met
T3of5-strict-L20ms-c50-emulated,197,1790329822434770077,2039974136,0,Internal error occurred: failed to generate token: while signing jwt: rpc error: code = Unavailable desc = token signing failed: threshold not met
T3of5-strict-L20ms-c50-emulated,198,1790329822447009166,2032324221,0,Internal error occurred: failed to generate token: while signing jwt: rpc error: code = Unavailable desc = token signing failed: threshold not met
T3of5-strict-L20ms-c50-emulated,199,1790329822451495341,2027892628,0,Internal error occurred: failed to generate token: while signing jwt: rpc error: code = Unavailable desc = token signing failed: threshold not met
T3of5-strict-L20ms-c50-emulated,200,1790329822489457961,2019740764,0,Internal error occurred: failed to generate token: while signing jwt: rpc error: code = Unavailable desc = token signing failed: threshold not met
T3of5-strict-L20ms-c50-emulated,201,1790329822497403579,2012288013,0,Internal error occurred: failed to generate token: while signing jwt: rpc error: code = Unavailable desc = token signing failed: threshold not met
T3of5-strict-L20ms-c50-emulated,202,1790329822570748527,2010570793,0,Internal error occurred: failed to generate token: while signing jwt: rpc error: code = Unavailable desc = token signing failed: threshold not met
T3of5-strict-L20ms-c50-emulated,203,1790329822636445311,2013187917,0,Internal error occurred: failed to generate token: while signing jwt: rpc error: code = Unavailable desc = token signing failed: threshold not met
T3of5-strict-L20ms-c50-emulated,204,1790329822681616435,2008648911,0,Internal error occurred: failed to generate token: while signing jwt: rpc error: code = Unavailable desc = token signing failed: threshold not met
T3of5-strict-L20ms-c50-emulated,205,1790329822686204859,2011462614,0,Internal error occurred: failed to generate token: while signing jwt: rpc error: code = Unavailable desc = token signing failed: threshold not met
T3of5-strict-L20ms-c50-emulated,206,1790329822698840232,2006248410,0,Internal error occurred: failed to generate token: while signing jwt: rpc error: code = Unavailable desc = token signing failed: threshold not met
T3of5-strict-L20ms-c50-emulated,207,1790329823064262330,2009525280,0,Internal error occurred: failed to generate token: while signing jwt: rpc error: code = Unavailable desc = token signing failed: threshold not met
T3of5-strict-L20ms-c50-emulated,209,1790329823471844980,2017446242,0,Internal error occurred: failed to generate token: while signing jwt: rpc error: code = Unavailable desc = token signing failed: threshold not met
T3of5-strict-L20ms-c50-emulated,210,1790329823471990103,2019734287,0,Internal error occurred: failed to generate token: while signing jwt: rpc error: code = Unavailable desc = token signing failed: threshold not met
T3of5-strict-L20ms-c50-emulated,208,1790329823471142825,2021401718,0,Internal error occurred: failed to generate token: while signing jwt: rpc error: code = Unavailable desc = token signing failed: threshold not met
T3of5-strict-L20ms-c50-emulated,211,1790329823483328040,2011418467,0,Internal error occurred: failed to generate token: while signing jwt: rpc error: code = Unavailable desc = token signing failed: threshold not met
T3of5-strict-L20ms-c50-emulated,214,1790329824054821845,2095458588,0,Internal error occurred: failed to generate token: while signing jwt: rpc error: code = Unavailable desc = token signing failed: threshold not met
T3of5-strict-L20ms-c50-emulated,213,1790329824054668723,2096921688,0,Internal error occurred: failed to generate token: while signing jwt: rpc error: code = Unavailable desc = token signing failed: threshold not met
T3of5-strict-L20ms-c50-emulated,217,1790329824126234244,2026416483,0,Internal error occurred: failed to generate token: while signing jwt: rpc error: code = Unavailable desc = token signing failed: threshold not met
T3of5-strict-L20ms-c50-emulated,218,1790329824126439907,2027430550,0,Internal error occurred: failed to generate token: while signing jwt: rpc error: code = Unavailable desc = token signing failed: threshold not met
T3of5-strict-L20ms-c50-emulated,215,1790329824125670170,2028496615,0,Internal error occurred: failed to generate token: while signing jwt: rpc error: code = Unavailable desc = token signing failed: threshold not met
T3of5-strict-L20ms-c50-emulated,216,1790329824125969707,2042790004,0,Internal error occurred: failed to generate token: while signing jwt: rpc error: code = Unavailable desc = token signing failed: threshold not met
T3of5-strict-L20ms-c50-emulated,212,1790329824054664515,2117241935,0,Internal error occurred: failed to generate token: while signing jwt: rpc error: code = Unavailable desc = token signing failed: threshold not met
T3of5-strict-L20ms-c50-emulated,220,1790329824153547833,2027046765,0,Internal error occurred: failed to generate token: while signing jwt: rpc error: code = Unavailable desc = token signing failed: threshold not met
T3of5-strict-L20ms-c50-emulated,221,1790329824153848828,2038780321,0,Internal error occurred: failed to generate token: while signing jwt: rpc error: code = Unavailable desc = token signing failed: threshold not met
T3of5-strict-L20ms-c50-emulated,219,1790329824148848494,2045438585,0,Internal error occurred: failed to generate token: while signing jwt: rpc error: code = Unavailable desc = token signing failed: threshold not met
T3of5-strict-L20ms-c50-emulated,223,1790329824193871122,2011728478,0,Internal error occurred: failed to generate token: while signing jwt: rpc error: code = Unavailable desc = token signing failed: threshold not met
T3of5-strict-L20ms-c50-emulated,224,1790329824202099194,2026662814,0,Internal error occurred: failed to generate token: while signing jwt: rpc error: code = Unavailable desc = token signing failed: threshold not met
T3of5-strict-L20ms-c50-emulated,222,1790329824192079777,2037297179,0,Internal error occurred: failed to generate token: while signing jwt: rpc error: code = Unavailable desc = token signing failed: threshold not met
T3of5-strict-L20ms-c50-emulated,228,1790329824223649086,2009509599,0,Internal error occurred: failed to generate token: while signing jwt: rpc error: code = Unavailable desc = token signing failed: threshold not met
T3of5-strict-L20ms-c50-emulated,226,1790329824211633494,2024787804,0,Internal error occurred: failed to generate token: while signing jwt: rpc error: code = Unavailable desc = token signing failed: threshold not met
T3of5-strict-L20ms-c50-emulated,227,1790329824211846449,2024621431,0,Internal error occurred: failed to generate token: while signing jwt: rpc error: code = Unavailable desc = token signing failed: threshold not met
T3of5-strict-L20ms-c50-emulated,225,1790329824208289633,2028401327,0,Internal error occurred: failed to generate token: while signing jwt: rpc error: code = Unavailable desc = token signing failed: threshold not met
T3of5-strict-L20ms-c50-emulated,230,1790329824271138382,2018243747,0,Internal error occurred: failed to generate token: while signing jwt: rpc error: code = Unavailable desc = token signing failed: threshold not met
T3of5-strict-L20ms-c50-emulated,229,1790329824263323720,2043856156,0,Internal error occurred: failed to generate token: while signing jwt: rpc error: code = Unavailable desc = token signing failed: threshold not met
T3of5-strict-L20ms-c50-emulated,231,1790329824308955921,2033425079,0,Internal error occurred: failed to generate token: while signing jwt: rpc error: code = Unavailable desc = token signing failed: threshold not met
T3of5-strict-L20ms-c50-emulated,232,1790329824309156793,2039895014,0,Internal error occurred: failed to generate token: while signing jwt: rpc error: code = Unavailable desc = token signing failed: threshold not met
T3of5-strict-L20ms-c50-emulated,233,1790329824337905774,2030115885,0,Internal error occurred: failed to generate token: while signing jwt: rpc error: code = Unavailable desc = token signing failed: threshold not met
T3of5-strict-L20ms-c50-emulated,235,1790329824338201811,2030013928,0,Internal error occurred: failed to generate token: while signing jwt: rpc error: code = Unavailable desc = token signing failed: threshold not met
T3of5-strict-L20ms-c50-emulated,234,1790329824338073855,2030245632,0,Internal error occurred: failed to generate token: while signing jwt: rpc error: code = Unavailable desc = token signing failed: threshold not met
T3of5-strict-L20ms-c50-emulated,237,1790329824346836793,2042698010,0,Internal error occurred: failed to generate token: while signing jwt: rpc error: code = Unavailable desc = token signing failed: threshold not met
T3of5-strict-L20ms-c50-emulated,238,1790329824349929367,2053873991,0,Internal error occurred: failed to generate token: while signing jwt: rpc error: code = Unavailable desc = token signing failed: threshold not met
T3of5-strict-L20ms-c50-emulated,239,1790329824371345553,2032469763,0,Internal error occurred: failed to generate token: while signing jwt: rpc error: code = Unavailable desc = token signing failed: threshold not met
T3of5-strict-L20ms-c50-emulated,236,1790329824338315101,2065775336,0,Internal error occurred: failed to generate token: while signing jwt: rpc error: code = Unavailable desc = token signing failed: threshold not met
T3of5-strict-L20ms-c50-emulated,242,1790329824448041031,1956328027,1,
T3of5-strict-L20ms-c50-emulated,240,1790329824400754148,2025147594,0,Internal error occurred: failed to generate token: while signing jwt: rpc error: code = Unavailable desc = token signing failed: threshold not met
T3of5-strict-L20ms-c50-emulated,241,1790329824425588153,2017648135,0,Internal error occurred: failed to generate token: while signing jwt: rpc error: code = Unavailable desc = token signing failed: threshold not met
T3of5-strict-L20ms-c50-emulated,247,1790329824474752546,2017395640,0,Internal error occurred: failed to generate token: while signing jwt: rpc error: code = Unavailable desc = token signing failed: threshold not met
T3of5-strict-L20ms-c50-emulated,244,1790329824454602672,2038031048,0,Internal error occurred: failed to generate token: while signing jwt: rpc error: code = Unavailable desc = token signing failed: threshold not met
T3of5-strict-L20ms-c50-emulated,243,1790329824451119188,2041768611,0,Internal error occurred: failed to generate token: while signing jwt: rpc error: code = Unavailable desc = token signing failed: threshold not met
T3of5-strict-L20ms-c50-emulated,248,1790329824479341262,2013823574,1,
T3of5-strict-L20ms-c50-emulated,245,1790329824457420458,2035903542,0,Internal error occurred: failed to generate token: while signing jwt: rpc error: code = Unavailable desc = token signing failed: threshold not met
T3of5-strict-L20ms-c50-emulated,249,1790329824479390761,2016514322,0,Internal error occurred: failed to generate token: while signing jwt: rpc error: code = Unavailable desc = token signing failed: threshold not met
T3of5-strict-L20ms-c50-emulated,246,1790329824461751095,2035786002,0,Internal error occurred: failed to generate token: while signing jwt: rpc error: code = Unavailable desc = token signing failed: threshold not met
T3of5-strict-L20ms-c50-emulated,251,1790329824509695091,2013753535,0,Internal error occurred: failed to generate token: while signing jwt: rpc error: code = Unavailable desc = token signing failed: threshold not met
T3of5-strict-L20ms-c50-emulated,250,1790329824509206933,2018145004,0,Internal error occurred: failed to generate token: while signing jwt: rpc error: code = Unavailable desc = token signing failed: threshold not met
T3of5-strict-L20ms-c50-emulated,252,1790329824581329028,2012743470,0,Internal error occurred: failed to generate token: while signing jwt: rpc error: code = Unavailable desc = token signing failed: threshold not met
T3of5-strict-L20ms-c50-emulated,253,1790329824649639520,2013891077,0,Internal error occurred: failed to generate token: while signing jwt: rpc error: code = Unavailable desc = token signing failed: threshold not met
T3of5-strict-L20ms-c50-emulated,254,1790329824690268846,2008226838,0,Internal error occurred: failed to generate token: while signing jwt: rpc error: code = Unavailable desc = token signing failed: threshold not met
T3of5-strict-L20ms-c50-emulated,255,1790329824697670973,2007262855,0,Internal error occurred: failed to generate token: while signing jwt: rpc error: code = Unavailable desc = token signing failed: threshold not met
T3of5-strict-L20ms-c50-emulated,256,1790329824705092017,2008253506,0,Internal error occurred: failed to generate token: while signing jwt: rpc error: code = Unavailable desc = token signing failed: threshold not met
T3of5-strict-L20ms-c50-emulated,257,1790329825073792110,2029705659,0,Internal error occurred: failed to generate token: while signing jwt: rpc error: code = Unavailable desc = token signing failed: threshold not met
T3of5-strict-L20ms-c50-emulated,258,1790329825489299805,2006202557,0,Internal error occurred: failed to generate token: while signing jwt: rpc error: code = Unavailable desc = token signing failed: threshold not met
T3of5-strict-L20ms-c50-emulated,259,1790329825491729640,2005775398,0,Internal error occurred: failed to generate token: while signing jwt: rpc error: code = Unavailable desc = token signing failed: threshold not met
T3of5-strict-L20ms-c50-emulated,260,1790329825492550168,2005097950,0,Internal error occurred: failed to generate token: while signing jwt: rpc error: code = Unavailable desc = token signing failed: threshold not met
T3of5-strict-L20ms-c50-emulated,261,1790329825494751256,2008034611,0,Internal error occurred: failed to generate token: while signing jwt: rpc error: code = Unavailable desc = token signing failed: threshold not met
T3of5-strict-L20ms-c50-emulated,262,1790329826150284558,2005785121,0,Internal error occurred: failed to generate token: while signing jwt: rpc error: code = Unavailable desc = token signing failed: threshold not met
T3of5-strict-L20ms-c50-emulated,263,1790329826151593203,2006696689,0,Internal error occurred: failed to generate token: while signing jwt: rpc error: code = Unavailable desc = token signing failed: threshold not met
T3of5-strict-L20ms-c50-emulated,264,1790329826152699976,2009498851,0,Internal error occurred: failed to generate token: while signing jwt: rpc error: code = Unavailable desc = token signing failed: threshold not met
T3of5-strict-L20ms-c50-emulated,265,1790329826153872832,2008540075,0,Internal error occurred: failed to generate token: while signing jwt: rpc error: code = Unavailable desc = token signing failed: threshold not met
T3of5-strict-L20ms-c50-emulated,266,1790329826154169785,2017382304,0,Internal error occurred: failed to generate token: while signing jwt: rpc error: code = Unavailable desc = token signing failed: threshold not met
T3of5-strict-L20ms-c50-emulated,267,1790329826168778210,2007305929,0,Internal error occurred: failed to generate token: while signing jwt: rpc error: code = Unavailable desc = token signing failed: threshold not met
T3of5-strict-L20ms-c50-emulated,268,1790329826171911825,2004693139,0,Internal error occurred: failed to generate token: while signing jwt: rpc error: code = Unavailable desc = token signing failed: threshold not met
T3of5-strict-L20ms-c50-emulated,269,1790329826180598764,2004081442,0,Internal error occurred: failed to generate token: while signing jwt: rpc error: code = Unavailable desc = token signing failed: threshold not met
T3of5-strict-L20ms-c50-emulated,271,1790329826194291079,2013608409,0,Internal error occurred: failed to generate token: while signing jwt: rpc error: code = Unavailable desc = token signing failed: threshold not met
T3of5-strict-L20ms-c50-emulated,270,1790329826192634648,2025671751,0,Internal error occurred: failed to generate token: while signing jwt: rpc error: code = Unavailable desc = token signing failed: threshold not met
T3of5-strict-L20ms-c50-emulated,272,1790329826205605183,2034739685,0,Internal error occurred: failed to generate token: while signing jwt: rpc error: code = Unavailable desc = token signing failed: threshold not met
T3of5-strict-L20ms-c50-emulated,273,1790329826228767841,2026368199,0,Internal error occurred: failed to generate token: while signing jwt: rpc error: code = Unavailable desc = token signing failed: threshold not met
T3of5-strict-L20ms-c50-emulated,278,1790329826236693793,2053477000,0,Internal error occurred: failed to generate token: while signing jwt: rpc error: code = Unavailable desc = token signing failed: threshold not met
T3of5-strict-L20ms-c50-emulated,276,1790329826236427089,2053917743,0,Internal error occurred: failed to generate token: while signing jwt: rpc error: code = Unavailable desc = token signing failed: threshold not met
T3of5-strict-L20ms-c50-emulated,274,1790329826229381164,2061050542,0,Internal error occurred: failed to generate token: while signing jwt: rpc error: code = Unavailable desc = token signing failed: threshold not met
T3of5-strict-L20ms-c50-emulated,275,1790329826233163018,2057370228,0,Internal error occurred: failed to generate token: while signing jwt: rpc error: code = Unavailable desc = token signing failed: threshold not met
T3of5-strict-L20ms-c50-emulated,277,1790329826236472255,2054129198,0,Internal error occurred: failed to generate token: while signing jwt: rpc error: code = Unavailable desc = token signing failed: threshold not met
T3of5-strict-L20ms-c50-emulated,279,1790329826289389295,2006714942,0,Internal error occurred: failed to generate token: while signing jwt: rpc error: code = Unavailable desc = token signing failed: threshold not met
T3of5-strict-L20ms-c50-emulated,280,1790329826307187209,2009369398,0,Internal error occurred: failed to generate token: while signing jwt: rpc error: code = Unavailable desc = token signing failed: threshold not met
T3of5-strict-L20ms-c50-emulated,281,1790329826342387626,2031116039,0,Internal error occurred: failed to generate token: while signing jwt: rpc error: code = Unavailable desc = token signing failed: threshold not met
T3of5-strict-L20ms-c50-emulated,282,1790329826349057432,2033456918,0,Internal error occurred: failed to generate token: while signing jwt: rpc error: code = Unavailable desc = token signing failed: threshold not met
T3of5-strict-L20ms-c50-emulated,284,1790329826368218656,2057075194,0,Internal error occurred: failed to generate token: while signing jwt: rpc error: code = Unavailable desc = token signing failed: threshold not met
T3of5-strict-L20ms-c50-emulated,283,1790329826368028701,2066441789,0,Internal error occurred: failed to generate token: while signing jwt: rpc error: code = Unavailable desc = token signing failed: threshold not met
T3of5-strict-L20ms-c50-emulated,285,1790329826368321238,2071347875,0,Internal error occurred: failed to generate token: while signing jwt: rpc error: code = Unavailable desc = token signing failed: threshold not met
T3of5-strict-L20ms-c50-emulated,291,1790329826425909034,2033560251,0,Internal error occurred: failed to generate token: while signing jwt: rpc error: code = Unavailable desc = token signing failed: threshold not met
T3of5-strict-L20ms-c50-emulated,289,1790329826404094353,2058106928,0,Internal error occurred: failed to generate token: while signing jwt: rpc error: code = Unavailable desc = token signing failed: threshold not met
T3of5-strict-L20ms-c50-emulated,292,1790329826443244622,2019083741,0,Internal error occurred: failed to generate token: while signing jwt: rpc error: code = Unavailable desc = token signing failed: threshold not met
T3of5-strict-L20ms-c50-emulated,287,1790329826403815066,2058654752,0,Internal error occurred: failed to generate token: while signing jwt: rpc error: code = Unavailable desc = token signing failed: threshold not met
T3of5-strict-L20ms-c50-emulated,288,1790329826403819608,2058658502,0,Internal error occurred: failed to generate token: while signing jwt: rpc error: code = Unavailable desc = token signing failed: threshold not met
T3of5-strict-L20ms-c50-emulated,286,1790329826389542844,2072955807,0,Internal error occurred: failed to generate token: while signing jwt: rpc error: code = Unavailable desc = token signing failed: threshold not met
T3of5-strict-L20ms-c50-emulated,290,1790329826404371140,2058177344,0,Internal error occurred: failed to generate token: while signing jwt: rpc error: code = Unavailable desc = token signing failed: threshold not met
T3of5-strict-L20ms-c50-emulated,299,1790329826497541472,2016808030,0,Internal error occurred: failed to generate token: while signing jwt: rpc error: code = Unavailable desc = token signing failed: threshold not met
T3of5-strict-L20ms-c50-emulated,293,1790329826492155936,2022289814,0,Internal error occurred: failed to generate token: while signing jwt: rpc error: code = Unavailable desc = token signing failed: threshold not met
T3of5-strict-L20ms-c50-emulated,297,1790329826493326875,2021153374,0,Internal error occurred: failed to generate token: while signing jwt: rpc error: code = Unavailable desc = token signing failed: threshold not met
T3of5-strict-L20ms-c50-emulated,298,1790329826495909082,2018597959,0,Internal error occurred: failed to generate token: while signing jwt: rpc error: code = Unavailable desc = token signing failed: threshold not met
T3of5-strict-L20ms-c50-emulated,294,1790329826492639553,2021916028,0,Internal error occurred: failed to generate token: while signing jwt: rpc error: code = Unavailable desc = token signing failed: threshold not met
T3of5-strict-L20ms-c50-emulated,295,1790329826492891632,2022506686,0,Internal error occurred: failed to generate token: while signing jwt: rpc error: code = Unavailable desc = token signing failed: threshold not met
T3of5-strict-L20ms-c50-emulated,296,1790329826493167461,2023649875,0,Internal error occurred: failed to generate token: while signing jwt: rpc error: code = Unavailable desc = token signing failed: threshold not met
T3of5-strict-L20ms-c50-emulated,300,1790329826523456918,2010372470,0,Internal error occurred: failed to generate token: while signing jwt: rpc error: code = Unavailable desc = token signing failed: threshold not met
T3of5-strict-L20ms-c50-emulated,301,1790329826527360353,2011315371,0,Internal error occurred: failed to generate token: while signing jwt: rpc error: code = Unavailable desc = token signing failed: threshold not met
T3of5-strict-L20ms-c50-emulated,302,1790329826594084414,2011100377,0,Internal error occurred: failed to generate token: while signing jwt: rpc error: code = Unavailable desc = token signing failed: threshold not met
T3of5-strict-L20ms-c50-emulated,303,1790329826663541722,2006186917,0,Internal error occurred: failed to generate token: while signing jwt: rpc error: code = Unavailable desc = token signing failed: threshold not met
T3of5-strict-L20ms-c50-emulated,304,1790329826698505851,2010636595,0,Internal error occurred: failed to generate token: while signing jwt: rpc error: code = Unavailable desc = token signing failed: threshold not met
T3of5-strict-L20ms-c50-emulated,305,1790329826705185699,2016382083,0,Internal error occurred: failed to generate token: while signing jwt: rpc error: code = Unavailable desc = token signing failed: threshold not met
T3of5-strict-L20ms-c50-emulated,306,1790329826713354689,2020392059,0,Internal error occurred: failed to generate token: while signing jwt: rpc error: code = Unavailable desc = token signing failed: threshold not met
T3of5-strict-L20ms-c50-emulated,307,1790329827103517143,2026823878,0,Internal error occurred: failed to generate token: while signing jwt: rpc error: code = Unavailable desc = token signing failed: threshold not met
T3of5-strict-L20ms-c50-emulated,308,1790329827495508154,2006599429,0,Internal error occurred: failed to generate token: while signing jwt: rpc error: code = Unavailable desc = token signing failed: threshold not met
T3of5-strict-L20ms-c50-emulated,310,1790329827497649577,2009850459,0,Internal error occurred: failed to generate token: while signing jwt: rpc error: code = Unavailable desc = token signing failed: threshold not met
T3of5-strict-L20ms-c50-emulated,309,1790329827497509204,2010986190,0,Internal error occurred: failed to generate token: while signing jwt: rpc error: code = Unavailable desc = token signing failed: threshold not met
T3of5-strict-L20ms-c50-emulated,311,1790329827502794033,2006533890,0,Internal error occurred: failed to generate token: while signing jwt: rpc error: code = Unavailable desc = token signing failed: threshold not met
T3of5-strict-L20ms-c50-emulated,314,1790329828162204411,1735158681,1,
T3of5-strict-L20ms-c50-emulated,312,1790329828156073887,1741470284,1,
T3of5-strict-L20ms-c50-emulated,316,1790329828171556173,2008407707,0,Internal error occurred: failed to generate token: while signing jwt: rpc error: code = Unavailable desc = token signing failed: threshold not met
T3of5-strict-L20ms-c50-emulated,315,1790329828162414407,2017561514,0,Internal error occurred: failed to generate token: while signing jwt: rpc error: code = Unavailable desc = token signing failed: threshold not met
T3of5-strict-L20ms-c50-emulated,313,1790329828158294225,2021781694,0,Internal error occurred: failed to generate token: while signing jwt: rpc error: code = Unavailable desc = token signing failed: threshold not met
T3of5-strict-L20ms-c50-emulated,317,1790329828176087848,2021174205,0,Internal error occurred: failed to generate token: while signing jwt: rpc error: code = Unavailable desc = token signing failed: threshold not met
T3of5-strict-L20ms-c50-emulated,318,1790329828176606881,2020850959,0,Internal error occurred: failed to generate token: while signing jwt: rpc error: code = Unavailable desc = token signing failed: threshold not met
T3of5-strict-L20ms-c50-emulated,319,1790329828184684039,2024199196,0,Internal error occurred: failed to generate token: while signing jwt: rpc error: code = Unavailable desc = token signing failed: threshold not met
T3of5-strict-L20ms-c50-emulated,320,1790329828207903821,2024173906,0,Internal error occurred: failed to generate token: while signing jwt: rpc error: code = Unavailable desc = token signing failed: threshold not met
T3of5-strict-L20ms-c50-emulated,321,1790329828218310066,2014011365,0,Internal error occurred: failed to generate token: while signing jwt: rpc error: code = Unavailable desc = token signing failed: threshold not met
T3of5-strict-L20ms-c50-emulated,322,1790329828240348951,2011713279,0,Internal error occurred: failed to generate token: while signing jwt: rpc error: code = Unavailable desc = token signing failed: threshold not met
T3of5-strict-L20ms-c50-emulated,323,1790329828255141540,2005916250,0,Internal error occurred: failed to generate token: while signing jwt: rpc error: code = Unavailable desc = token signing failed: threshold not met
T3of5-strict-L20ms-c50-emulated,328,1790329828290603328,2019524234,0,Internal error occurred: failed to generate token: while signing jwt: rpc error: code = Unavailable desc = token signing failed: threshold not met
T3of5-strict-L20ms-c50-emulated,324,1790329828290176335,2021225998,0,Internal error occurred: failed to generate token: while signing jwt: rpc error: code = Unavailable desc = token signing failed: threshold not met
T3of5-strict-L20ms-c50-emulated,325,1790329828290348708,2021052542,0,Internal error occurred: failed to generate token: while signing jwt: rpc error: code = Unavailable desc = token signing failed: threshold not met
T3of5-strict-L20ms-c50-emulated,326,1790329828290433498,2022211065,0,Internal error occurred: failed to generate token: while signing jwt: rpc error: code = Unavailable desc = token signing failed: threshold not met
T3of5-strict-L20ms-c50-emulated,327,1790329828290534996,2022217439,0,Internal error occurred: failed to generate token: while signing jwt: rpc error: code = Unavailable desc = token signing failed: threshold not met
T3of5-strict-L20ms-c50-emulated,329,1790329828296108404,2016719030,0,Internal error occurred: failed to generate token: while signing jwt: rpc error: code = Unavailable desc = token signing failed: threshold not met
T3of5-strict-L20ms-c50-emulated,330,1790329828316562149,2025113267,0,Internal error occurred: failed to generate token: while signing jwt: rpc error: code = Unavailable desc = token signing failed: threshold not met
T3of5-strict-L20ms-c50-emulated,331,1790329828373507873,2005048642,0,Internal error occurred: failed to generate token: while signing jwt: rpc error: code = Unavailable desc = token signing failed: threshold not met
T3of5-strict-L20ms-c50-emulated,332,1790329828382518266,2003306713,0,Internal error occurred: failed to generate token: while signing jwt: rpc error: code = Unavailable desc = token signing failed: threshold not met
T3of5-strict-L20ms-c50-emulated,333,1790329828425298100,2005158641,0,Internal error occurred: failed to generate token: while signing jwt: rpc error: code = Unavailable desc = token signing failed: threshold not met
T3of5-strict-L20ms-c50-emulated,334,1790329828434474282,2003565085,0,Internal error occurred: failed to generate token: while signing jwt: rpc error: code = Unavailable desc = token signing failed: threshold not met
T3of5-strict-L20ms-c50-emulated,335,1790329828439673029,2003614917,0,Internal error occurred: failed to generate token: while signing jwt: rpc error: code = Unavailable desc = token signing failed: threshold not met
T3of5-strict-L20ms-c50-emulated,336,1790329828459473868,2006861613,0,Internal error occurred: failed to generate token: while signing jwt: rpc error: code = Unavailable desc = token signing failed: threshold not met
T3of5-strict-L20ms-c50-emulated,342,1790329828462550317,2014386281,0,Internal error occurred: failed to generate token: while signing jwt: rpc error: code = Unavailable desc = token signing failed: threshold not met
T3of5-strict-L20ms-c50-emulated,337,1790329828462205114,2022666686,0,Internal error occurred: failed to generate token: while signing jwt: rpc error: code = Unavailable desc = token signing failed: threshold not met
T3of5-strict-L20ms-c50-emulated,338,1790329828462329612,2022879099,0,Internal error occurred: failed to generate token: while signing jwt: rpc error: code = Unavailable desc = token signing failed: threshold not met
T3of5-strict-L20ms-c50-emulated,339,1790329828462506568,2022777685,0,Internal error occurred: failed to generate token: while signing jwt: rpc error: code = Unavailable desc = token signing failed: threshold not met
T3of5-strict-L20ms-c50-emulated,340,1790329828462479902,2022850183,0,Internal error occurred: failed to generate token: while signing jwt: rpc error: code = Unavailable desc = token signing failed: threshold not met
T3of5-strict-L20ms-c50-emulated,341,1790329828462500860,2041398377,0,Internal error occurred: failed to generate token: while signing jwt: rpc error: code = Unavailable desc = token signing failed: threshold not met
T3of5-strict-L20ms-c50-emulated,351,1790329828538678558,2020729137,0,Internal error occurred: failed to generate token: while signing jwt: rpc error: code = Unavailable desc = token signing failed: threshold not met
T3of5-strict-L20ms-c50-emulated,349,1790329828516820044,2042600400,0,Internal error occurred: failed to generate token: while signing jwt: rpc error: code = Unavailable desc = token signing failed: threshold not met
T3of5-strict-L20ms-c50-emulated,344,1790329828514446750,2045458061,0,Internal error occurred: failed to generate token: while signing jwt: rpc error: code = Unavailable desc = token signing failed: threshold not met
T3of5-strict-L20ms-c50-emulated,345,1790329828514481000,2050030486,0,Internal error occurred: failed to generate token: while signing jwt: rpc error: code = Unavailable desc = token signing failed: threshold not met
T3of5-strict-L20ms-c50-emulated,346,1790329828514507583,2050036401,0,Internal error occurred: failed to generate token: while signing jwt: rpc error: code = Unavailable desc = token signing failed: threshold not met
T3of5-strict-L20ms-c50-emulated,350,1790329828533833680,2030772428,0,Internal error occurred: failed to generate token: while signing jwt: rpc error: code = Unavailable desc = token signing failed: threshold not met
T3of5-strict-L20ms-c50-emulated,347,1790329828514556748,2050064943,0,Internal error occurred: failed to generate token: while signing jwt: rpc error: code = Unavailable desc = token signing failed: threshold not met
T3of5-strict-L20ms-c50-emulated,348,1790329828515401068,2049284789,0,Internal error occurred: failed to generate token: while signing jwt: rpc error: code = Unavailable desc = token signing failed: threshold not met
T3of5-strict-L20ms-c50-emulated,343,1790329828514352668,2050403937,0,Internal error occurred: failed to generate token: while signing jwt: rpc error: code = Unavailable desc = token signing failed: threshold not met
T3of5-strict-L20ms-c50-emulated,352,1790329828605190332,2023029892,0,Internal error occurred: failed to generate token: while signing jwt: rpc error: code = Unavailable desc = token signing failed: threshold not met
T3of5-strict-L20ms-c50-emulated,353,1790329828669733265,2010111815,0,Internal error occurred: failed to generate token: while signing jwt: rpc error: code = Unavailable desc = token signing failed: threshold not met
T3of5-strict-L20ms-c50-emulated,354,1790329828709148404,2016162049,0,Internal error occurred: failed to generate token: while signing jwt: rpc error: code = Unavailable desc = token signing failed: threshold not met
T3of5-strict-L20ms-c50-emulated,355,1790329828721573449,2015729890,0,Internal error occurred: failed to generate token: while signing jwt: rpc error: code = Unavailable desc = token signing failed: threshold not met
T3of5-strict-L20ms-c50-emulated,356,1790329828733756997,2009082458,0,Internal error occurred: failed to generate token: while signing jwt: rpc error: code = Unavailable desc = token signing failed: threshold not met
T3of5-strict-L20ms-c50-emulated,357,1790329829130347438,2011417720,0,Internal error occurred: failed to generate token: while signing jwt: rpc error: code = Unavailable desc = token signing failed: threshold not met
T3of5-strict-L20ms-c50-emulated,358,1790329829502113292,2009146849,0,Internal error occurred: failed to generate token: while signing jwt: rpc error: code = Unavailable desc = token signing failed: threshold not met
T3of5-strict-L20ms-c50-emulated,360,1790329829508499895,2005832113,0,Internal error occurred: failed to generate token: while signing jwt: rpc error: code = Unavailable desc = token signing failed: threshold not met
T3of5-strict-L20ms-c50-emulated,359,1790329829507501494,2007038759,0,Internal error occurred: failed to generate token: while signing jwt: rpc error: code = Unavailable desc = token signing failed: threshold not met
T3of5-strict-L20ms-c50-emulated,361,1790329829509332214,2005356121,0,Internal error occurred: failed to generate token: while signing jwt: rpc error: code = Unavailable desc = token signing failed: threshold not met
T3of5-strict-L20ms-c50-emulated,362,1790329829897367008,2004410645,0,Internal error occurred: failed to generate token: while signing jwt: rpc error: code = Unavailable desc = token signing failed: threshold not met
T3of5-strict-L20ms-c50-emulated,363,1790329829897545921,2005495502,0,Internal error occurred: failed to generate token: while signing jwt: rpc error: code = Unavailable desc = token signing failed: threshold not met
T3of5-strict-L20ms-c50-emulated,364,1790329830179971296,2018091967,0,Internal error occurred: failed to generate token: while signing jwt: rpc error: code = Unavailable desc = token signing failed: threshold not met
T3of5-strict-L20ms-c50-emulated,366,1790329830180077836,2018004593,0,Internal error occurred: failed to generate token: while signing jwt: rpc error: code = Unavailable desc = token signing failed: threshold not met
T3of5-strict-L20ms-c50-emulated,365,1790329830179978963,2018171424,0,Internal error occurred: failed to generate token: while signing jwt: rpc error: code = Unavailable desc = token signing failed: threshold not met
T3of5-strict-L20ms-c50-emulated,368,1790329830197460299,2014737398,0,Internal error occurred: failed to generate token: while signing jwt: rpc error: code = Unavailable desc = token signing failed: threshold not met
T3of5-strict-L20ms-c50-emulated,367,1790329830197268260,2015534885,0,Internal error occurred: failed to generate token: while signing jwt: rpc error: code = Unavailable desc = token signing failed: threshold not met
T3of5-strict-L20ms-c50-emulated,369,1790329830208893402,2042461358,0,Internal error occurred: failed to generate token: while signing jwt: rpc error: code = Unavailable desc = token signing failed: threshold not met
T3of5-strict-L20ms-c50-emulated,370,1790329830232086227,2019460695,0,Internal error occurred: failed to generate token: while signing jwt: rpc error: code = Unavailable desc = token signing failed: threshold not met
T3of5-strict-L20ms-c50-emulated,371,1790329830232361222,2019286865,0,Internal error occurred: failed to generate token: while signing jwt: rpc error: code = Unavailable desc = token signing failed: threshold not met
T3of5-strict-L20ms-c50-emulated,372,1790329830252069355,2015099851,0,Internal error occurred: failed to generate token: while signing jwt: rpc error: code = Unavailable desc = token signing failed: threshold not met
T3of5-strict-L20ms-c50-emulated,373,1790329830261065290,2006474744,0,Internal error occurred: failed to generate token: while signing jwt: rpc error: code = Unavailable desc = token signing failed: threshold not met
T3of5-strict-L20ms-c50-emulated,374,1790329830310133687,2011281957,0,Internal error occurred: failed to generate token: while signing jwt: rpc error: code = Unavailable desc = token signing failed: threshold not met
T3of5-strict-L20ms-c50-emulated,375,1790329830311408541,2021076129,0,Internal error occurred: failed to generate token: while signing jwt: rpc error: code = Unavailable desc = token signing failed: threshold not met
T3of5-strict-L20ms-c50-emulated,377,1790329830312650979,2020283725,0,Internal error occurred: failed to generate token: while signing jwt: rpc error: code = Unavailable desc = token signing failed: threshold not met
T3of5-strict-L20ms-c50-emulated,378,1790329830312756144,2024749652,0,Internal error occurred: failed to generate token: while signing jwt: rpc error: code = Unavailable desc = token signing failed: threshold not met
T3of5-strict-L20ms-c50-emulated,376,1790329830311409333,2028656462,0,Internal error occurred: failed to generate token: while signing jwt: rpc error: code = Unavailable desc = token signing failed: threshold not met
T3of5-strict-L20ms-c50-emulated,380,1790329830341679624,2023249428,0,Internal error occurred: failed to generate token: while signing jwt: rpc error: code = Unavailable desc = token signing failed: threshold not met
T3of5-strict-L20ms-c50-emulated,379,1790329830312829226,2052215657,0,Internal error occurred: failed to generate token: while signing jwt: rpc error: code = Unavailable desc = token signing failed: threshold not met
T3of5-strict-L20ms-c50-emulated,381,1790329830378560640,2007767267,0,Internal error occurred: failed to generate token: while signing jwt: rpc error: code = Unavailable desc = token signing failed: threshold not met
T3of5-strict-L20ms-c50-emulated,382,1790329830385828978,2004948397,0,Internal error occurred: failed to generate token: while signing jwt: rpc error: code = Unavailable desc = token signing failed: threshold not met
T3of5-strict-L20ms-c50-emulated,383,1790329830430462074,2008990165,0,Internal error occurred: failed to generate token: while signing jwt: rpc error: code = Unavailable desc = token signing failed: threshold not met
T3of5-strict-L20ms-c50-emulated,384,1790329830438043658,2007270485,0,Internal error occurred: failed to generate token: while signing jwt: rpc error: code = Unavailable desc = token signing failed: threshold not met
T3of5-strict-L20ms-c50-emulated,385,1790329830443292529,2008307176,0,Internal error occurred: failed to generate token: while signing jwt: rpc error: code = Unavailable desc = token signing failed: threshold not met
T3of5-strict-L20ms-c50-emulated,386,1790329830466341357,2012894184,0,Internal error occurred: failed to generate token: while signing jwt: rpc error: code = Unavailable desc = token signing failed: threshold not met
T3of5-strict-L20ms-c50-emulated,387,1790329830476985097,2014254037,0,Internal error occurred: failed to generate token: while signing jwt: rpc error: code = Unavailable desc = token signing failed: threshold not met
T3of5-strict-L20ms-c50-emulated,389,1790329830485212962,2007396233,0,Internal error occurred: failed to generate token: while signing jwt: rpc error: code = Unavailable desc = token signing failed: threshold not met
T3of5-strict-L20ms-c50-emulated,388,1790329830484877467,2007739186,0,Internal error occurred: failed to generate token: while signing jwt: rpc error: code = Unavailable desc = token signing failed: threshold not met
T3of5-strict-L20ms-c50-emulated,404,1790329830725316662,1806315932,1,
T3of5-strict-L20ms-c50-emulated,391,1790329830485331710,2071441969,0,Internal error occurred: failed to generate token: while signing jwt: rpc error: code = Unavailable desc = token signing failed: threshold not met
T3of5-strict-L20ms-c50-emulated,392,1790329830503908111,2063240104,0,Internal error occurred: failed to generate token: while signing jwt: rpc error: code = Unavailable desc = token signing failed: threshold not met
T3of5-strict-L20ms-c50-emulated,390,1790329830485286752,2082441787,0,Internal error occurred: failed to generate token: while signing jwt: rpc error: code = Unavailable desc = token signing failed: threshold not met
T3of5-strict-L20ms-c50-emulated,394,1790329830559424444,2012752855,0,Internal error occurred: failed to generate token: while signing jwt: rpc error: code = Unavailable desc = token signing failed: threshold not met
T3of5-strict-L20ms-c50-emulated,393,1790329830559465818,2012948852,0,Internal error occurred: failed to generate token: while signing jwt: rpc error: code = Unavailable desc = token signing failed: threshold not met
T3of5-strict-L20ms-c50-emulated,395,1790329830559908061,2013496218,0,Internal error occurred: failed to generate token: while signing jwt: rpc error: code = Unavailable desc = token signing failed: threshold not met
T3of5-strict-L20ms-c50-emulated,399,1790329830564623233,2010233730,0,Internal error occurred: failed to generate token: while signing jwt: rpc error: code = Unavailable desc = token signing failed: threshold not met
T3of5-strict-L20ms-c50-emulated,398,1790329830564607317,2012729314,0,Internal error occurred: failed to generate token: while signing jwt: rpc error: code = Unavailable desc = token signing failed: threshold not met
T3of5-strict-L20ms-c50-emulated,397,1790329830564547484,2014240206,0,Internal error occurred: failed to generate token: while signing jwt: rpc error: code = Unavailable desc = token signing failed: threshold not met
T3of5-strict-L20ms-c50-emulated,400,1790329830564688107,2014236789,0,Internal error occurred: failed to generate token: while signing jwt: rpc error: code = Unavailable desc = token signing failed: threshold not met
T3of5-strict-L20ms-c50-emulated,396,1790329830564514693,2020395396,0,Internal error occurred: failed to generate token: while signing jwt: rpc error: code = Unavailable desc = token signing failed: threshold not met
T3of5-strict-L20ms-c50-emulated,401,1790329830564759356,2020436187,0,Internal error occurred: failed to generate token: while signing jwt: rpc error: code = Unavailable desc = token signing failed: threshold not met
T3of5-strict-L20ms-c50-emulated,402,1790329830628223766,2020781058,0,Internal error occurred: failed to generate token: while signing jwt: rpc error: code = Unavailable desc = token signing failed: threshold not met
T3of5-strict-L20ms-c50-emulated,403,1790329830679850954,2012373698,0,Internal error occurred: failed to generate token: while signing jwt: rpc error: code = Unavailable desc = token signing failed: threshold not met
T3of5-strict-L20ms-c50-emulated,405,1790329830737310213,2031987459,0,Internal error occurred: failed to generate token: while signing jwt: rpc error: code = Unavailable desc = token signing failed: threshold not met
T3of5-strict-L20ms-c50-emulated,406,1790329830744755090,2047144125,0,Internal error occurred: failed to generate token: while signing jwt: rpc error: code = Unavailable desc = token signing failed: threshold not met
T3of5-strict-L20ms-c50-emulated,407,1790329831141776116,2054376765,0,Internal error occurred: failed to generate token: while signing jwt: rpc error: code = Unavailable desc = token signing failed: threshold not met
T3of5-strict-L20ms-c50-emulated,408,1790329831511274433,2006503646,0,Internal error occurred: failed to generate token: while signing jwt: rpc error: code = Unavailable desc = token signing failed: threshold not met
T3of5-strict-L20ms-c50-emulated,411,1790329831514691126,2014002898,0,Internal error occurred: failed to generate token: while signing jwt: rpc error: code = Unavailable desc = token signing failed: threshold not met
T3of5-strict-L20ms-c50-emulated,410,1790329831514543337,2014157729,0,Internal error occurred: failed to generate token: while signing jwt: rpc error: code = Unavailable desc = token signing failed: threshold not met
T3of5-strict-L20ms-c50-emulated,409,1790329831514338674,2014363351,0,Internal error occurred: failed to generate token: while signing jwt: rpc error: code = Unavailable desc = token signing failed: threshold not met
T3of5-strict-L20ms-c50-emulated,413,1790329831903044840,2008881283,0,Internal error occurred: failed to generate token: while signing jwt: rpc error: code = Unavailable desc = token signing failed: threshold not met
T3of5-strict-L20ms-c50-emulated,412,1790329831901781652,2010372467,0,Internal error occurred: failed to generate token: while signing jwt: rpc error: code = Unavailable desc = token signing failed: threshold not met
T3of5-strict-L20ms-c50-emulated,415,1790329832198085304,2007476521,0,Internal error occurred: failed to generate token: while signing jwt: rpc error: code = Unavailable desc = token signing failed: threshold not met
T3of5-strict-L20ms-c50-emulated,416,1790329832198153053,2007913722,0,Internal error occurred: failed to generate token: while signing jwt: rpc error: code = Unavailable desc = token signing failed: threshold not met
T3of5-strict-L20ms-c50-emulated,414,1790329832198070138,2008004303,0,Internal error occurred: failed to generate token: while signing jwt: rpc error: code = Unavailable desc = token signing failed: threshold not met
T3of5-strict-L20ms-c50-emulated,418,1790329832212806062,2010618969,0,Internal error occurred: failed to generate token: while signing jwt: rpc error: code = Unavailable desc = token signing failed: threshold not met
T3of5-strict-L20ms-c50-emulated,417,1790329832212203696,2011221210,0,Internal error occurred: failed to generate token: while signing jwt: rpc error: code = Unavailable desc = token signing failed: threshold not met
T3of5-strict-L20ms-c50-emulated,419,1790329832251361592,2007732143,0,Internal error occurred: failed to generate token: while signing jwt: rpc error: code = Unavailable desc = token signing failed: threshold not met
T3of5-strict-L20ms-c50-emulated,420,1790329832251550256,2007641144,0,Internal error occurred: failed to generate token: while signing jwt: rpc error: code = Unavailable desc = token signing failed: threshold not met
T3of5-strict-L20ms-c50-emulated,421,1790329832251651129,2007770892,0,Internal error occurred: failed to generate token: while signing jwt: rpc error: code = Unavailable desc = token signing failed: threshold not met
T3of5-strict-L20ms-c50-emulated,423,1790329832267544117,2010979590,0,Internal error occurred: failed to generate token: while signing jwt: rpc error: code = Unavailable desc = token signing failed: threshold not met
T3of5-strict-L20ms-c50-emulated,422,1790329832267193331,2011906282,0,Internal error occurred: failed to generate token: while signing jwt: rpc error: code = Unavailable desc = token signing failed: threshold not met
T3of5-strict-L20ms-c50-emulated,424,1790329832321425561,2013181929,0,Internal error occurred: failed to generate token: while signing jwt: rpc error: code = Unavailable desc = token signing failed: threshold not met
T3of5-strict-L20ms-c50-emulated,425,1790329832332494212,2012700145,0,Internal error occurred: failed to generate token: while signing jwt: rpc error: code = Unavailable desc = token signing failed: threshold not met
T3of5-strict-L20ms-c50-emulated,426,1790329832332940121,2040944681,0,Internal error occurred: failed to generate token: while signing jwt: rpc error: code = Unavailable desc = token signing failed: threshold not met
T3of5-strict-L20ms-c50-emulated,428,1790329832340072587,2047188828,0,Internal error occurred: failed to generate token: while signing jwt: rpc error: code = Unavailable desc = token signing failed: threshold not met
T3of5-strict-L20ms-c50-emulated,430,1790329832365048675,2022212615,0,Internal error occurred: failed to generate token: while signing jwt: rpc error: code = Unavailable desc = token signing failed: threshold not met
T3of5-strict-L20ms-c50-emulated,427,1790329832337512254,2049965240,0,Internal error occurred: failed to generate token: while signing jwt: rpc error: code = Unavailable desc = token signing failed: threshold not met
T3of5-strict-L20ms-c50-emulated,429,1790329832364938177,2022761773,0,Internal error occurred: failed to generate token: while signing jwt: rpc error: code = Unavailable desc = token signing failed: threshold not met
T3of5-strict-L20ms-c50-emulated,431,1790329832386337949,2013585591,0,Internal error occurred: failed to generate token: while signing jwt: rpc error: code = Unavailable desc = token signing failed: threshold not met
T3of5-strict-L20ms-c50-emulated,432,1790329832390785708,2010774429,0,Internal error occurred: failed to generate token: while signing jwt: rpc error: code = Unavailable desc = token signing failed: threshold not met
T3of5-strict-L20ms-c50-emulated,433,1790329832439461947,2013392053,0,Internal error occurred: failed to generate token: while signing jwt: rpc error: code = Unavailable desc = token signing failed: threshold not met
T3of5-strict-L20ms-c50-emulated,434,1790329832445321434,2033502180,0,Internal error occurred: failed to generate token: while signing jwt: rpc error: code = Unavailable desc = token signing failed: threshold not met
T3of5-strict-L20ms-c50-emulated,435,1790329832451606622,2027766901,0,Internal error occurred: failed to generate token: while signing jwt: rpc error: code = Unavailable desc = token signing failed: threshold not met
T3of5-strict-L20ms-c50-emulated,436,1790329832479253416,2011178299,0,Internal error occurred: failed to generate token: while signing jwt: rpc error: code = Unavailable desc = token signing failed: threshold not met
T3of5-strict-L20ms-c50-emulated,437,1790329832491248593,2012349530,0,Internal error occurred: failed to generate token: while signing jwt: rpc error: code = Unavailable desc = token signing failed: threshold not met
T3of5-strict-L20ms-c50-emulated,438,1790329832492617237,2011154008,0,Internal error occurred: failed to generate token: while signing jwt: rpc error: code = Unavailable desc = token signing failed: threshold not met
T3of5-strict-L20ms-c50-emulated,439,1790329832492620820,2015624476,0,Internal error occurred: failed to generate token: while signing jwt: rpc error: code = Unavailable desc = token signing failed: threshold not met
T3of5-strict-L20ms-c50-emulated,440,1790329832531643926,2011421922,0,Internal error occurred: failed to generate token: while signing jwt: rpc error: code = Unavailable desc = token signing failed: threshold not met
T3of5-strict-L20ms-c50-emulated,441,1790329832556783595,2017971772,0,Internal error occurred: failed to generate token: while signing jwt: rpc error: code = Unavailable desc = token signing failed: threshold not met
T3of5-strict-L20ms-c50-emulated,443,1790329832567734372,2010658185,0,Internal error occurred: failed to generate token: while signing jwt: rpc error: code = Unavailable desc = token signing failed: threshold not met
T3of5-strict-L20ms-c50-emulated,442,1790329832567156049,2015443273,0,Internal error occurred: failed to generate token: while signing jwt: rpc error: code = Unavailable desc = token signing failed: threshold not met
T3of5-strict-L20ms-c50-emulated,445,1790329832572419129,2017997314,0,Internal error occurred: failed to generate token: while signing jwt: rpc error: code = Unavailable desc = token signing failed: threshold not met
T3of5-strict-L20ms-c50-emulated,444,1790329832572186091,2022362701,0,Internal error occurred: failed to generate token: while signing jwt: rpc error: code = Unavailable desc = token signing failed: threshold not met
T3of5-strict-L20ms-c50-emulated,451,1790329832584915797,2023386601,0,Internal error occurred: failed to generate token: while signing jwt: rpc error: code = Unavailable desc = token signing failed: threshold not met
T3of5-strict-L20ms-c50-emulated,450,1790329832578930479,2029819078,0,Internal error occurred: failed to generate token: while signing jwt: rpc error: code = Unavailable desc = token signing failed: threshold not met
T3of5-strict-L20ms-c50-emulated,446,1790329832573411904,2035429402,0,Internal error occurred: failed to generate token: while signing jwt: rpc error: code = Unavailable desc = token signing failed: threshold not met
T3of5-strict-L20ms-c50-emulated,448,1790329832577344047,2031555257,0,Internal error occurred: failed to generate token: while signing jwt: rpc error: code = Unavailable desc = token signing failed: threshold not met
T3of5-strict-L20ms-c50-emulated,449,1790329832578792982,2030173321,0,Internal error occurred: failed to generate token: while signing jwt: rpc error: code = Unavailable desc = token signing failed: threshold not met
T3of5-strict-L20ms-c50-emulated,452,1790329832585199376,2024079464,0,Internal error occurred: failed to generate token: while signing jwt: rpc error: code = Unavailable desc = token signing failed: threshold not met
T3of5-strict-L20ms-c50-emulated,447,1790329832574861047,2034418252,0,Internal error occurred: failed to generate token: while signing jwt: rpc error: code = Unavailable desc = token signing failed: threshold not met
T3of5-strict-L20ms-c50-emulated,453,1790329832649009532,2017468575,0,Internal error occurred: failed to generate token: while signing jwt: rpc error: code = Unavailable desc = token signing failed: threshold not met
T3of5-strict-L20ms-c50-emulated,454,1790329832692230277,2007595696,0,Internal error occurred: failed to generate token: while signing jwt: rpc error: code = Unavailable desc = token signing failed: threshold not met
T3of5-strict-L20ms-c50-emulated,455,1790329832769305380,2008250395,0,Internal error occurred: failed to generate token: while signing jwt: rpc error: code = Unavailable desc = token signing failed: threshold not met
T3of5-strict-L20ms-c50-emulated,456,1790329832791907507,2015108825,0,Internal error occurred: failed to generate token: while signing jwt: rpc error: code = Unavailable desc = token signing failed: threshold not met
T3of5-strict-L20ms-c50-emulated,457,1790329833196159048,2036235570,0,Internal error occurred: failed to generate token: while signing jwt: rpc error: code = Unavailable desc = token signing failed: threshold not met
T3of5-strict-L20ms-c50-emulated,458,1790329833517782871,2004073064,0,Internal error occurred: failed to generate token: while signing jwt: rpc error: code = Unavailable desc = token signing failed: threshold not met
T3of5-strict-L20ms-c50-emulated,461,1790329833528706441,2009269229,0,Internal error occurred: failed to generate token: while signing jwt: rpc error: code = Unavailable desc = token signing failed: threshold not met
T3of5-strict-L20ms-c50-emulated,459,1790329833528697941,2014793055,0,Internal error occurred: failed to generate token: while signing jwt: rpc error: code = Unavailable desc = token signing failed: threshold not met
T3of5-strict-L20ms-c50-emulated,460,1790329833528703524,2014948635,0,Internal error occurred: failed to generate token: while signing jwt: rpc error: code = Unavailable desc = token signing failed: threshold not met
T3of5-strict-L20ms-c50-emulated,462,1790329833911930372,2008241212,0,Internal error occurred: failed to generate token: while signing jwt: rpc error: code = Unavailable desc = token signing failed: threshold not met
T3of5-strict-L20ms-c50-emulated,463,1790329833912159743,2008168381,0,Internal error occurred: failed to generate token: while signing jwt: rpc error: code = Unavailable desc = token signing failed: threshold not met
T3of5-strict-L20ms-c50-emulated,466,1790329834206078608,2005355850,0,Internal error occurred: failed to generate token: while signing jwt: rpc error: code = Unavailable desc = token signing failed: threshold not met
T3of5-strict-L20ms-c50-emulated,464,1790329834205568367,2005873008,0,Internal error occurred: failed to generate token: while signing jwt: rpc error: code = Unavailable desc = token signing failed: threshold not met
T3of5-strict-L20ms-c50-emulated,465,1790329834206072317,2006864658,0,Internal error occurred: failed to generate token: while signing jwt: rpc error: code = Unavailable desc = token signing failed: threshold not met
T3of5-strict-L20ms-c50-emulated,468,1790329834223433447,2007402566,0,Internal error occurred: failed to generate token: while signing jwt: rpc error: code = Unavailable desc = token signing failed: threshold not met
T3of5-strict-L20ms-c50-emulated,467,1790329834223433572,2007407441,0,Internal error occurred: failed to generate token: while signing jwt: rpc error: code = Unavailable desc = token signing failed: threshold not met
T3of5-strict-L20ms-c50-emulated,470,1790329834259192316,2009925401,0,Internal error occurred: failed to generate token: while signing jwt: rpc error: code = Unavailable desc = token signing failed: threshold not met
T3of5-strict-L20ms-c50-emulated,471,1790329834259422938,2013692255,0,Internal error occurred: failed to generate token: while signing jwt: rpc error: code = Unavailable desc = token signing failed: threshold not met
T3of5-strict-L20ms-c50-emulated,469,1790329834259096901,2014159331,0,Internal error occurred: failed to generate token: while signing jwt: rpc error: code = Unavailable desc = token signing failed: threshold not met
T3of5-strict-L20ms-c50-emulated,473,1790329834279101572,2013504509,0,Internal error occurred: failed to generate token: while signing jwt: rpc error: code = Unavailable desc = token signing failed: threshold not met
T3of5-strict-L20ms-c50-emulated,472,1790329834278526456,2014181914,0,Internal error occurred: failed to generate token: while signing jwt: rpc error: code = Unavailable desc = token signing failed: threshold not met
T3of5-strict-L20ms-c50-emulated,474,1790329834334614990,2010074400,0,Internal error occurred: failed to generate token: while signing jwt: rpc error: code = Unavailable desc = token signing failed: threshold not met
T3of5-strict-L20ms-c50-emulated,475,1790329834345198566,2010470977,0,Internal error occurred: failed to generate token: while signing jwt: rpc error: code = Unavailable desc = token signing failed: threshold not met
T3of5-strict-L20ms-c50-emulated,477,1790329834387267373,2006137007,0,Internal error occurred: failed to generate token: while signing jwt: rpc error: code = Unavailable desc = token signing failed: threshold not met
T3of5-strict-L20ms-c50-emulated,476,1790329834373889260,2021833665,0,Internal error occurred: failed to generate token: while signing jwt: rpc error: code = Unavailable desc = token signing failed: threshold not met
T3of5-strict-L20ms-c50-emulated,478,1790329834387265623,2010744806,0,Internal error occurred: failed to generate token: while signing jwt: rpc error: code = Unavailable desc = token signing failed: threshold not met
T3of5-strict-L20ms-c50-emulated,480,1790329834387701574,2014500453,0,Internal error occurred: failed to generate token: while signing jwt: rpc error: code = Unavailable desc = token signing failed: threshold not met
T3of5-strict-L20ms-c50-emulated,479,1790329834387479244,2014792574,0,Internal error occurred: failed to generate token: while signing jwt: rpc error: code = Unavailable desc = token signing failed: threshold not met
T3of5-strict-L20ms-c50-emulated,481,1790329834399928414,2015919764,0,Internal error occurred: failed to generate token: while signing jwt: rpc error: code = Unavailable desc = token signing failed: threshold not met
T3of5-strict-L20ms-c50-emulated,482,1790329834401564929,2015153818,0,Internal error occurred: failed to generate token: while signing jwt: rpc error: code = Unavailable desc = token signing failed: threshold not met
T3of5-strict-L20ms-c50-emulated,483,1790329834452861750,2017335908,0,Internal error occurred: failed to generate token: while signing jwt: rpc error: code = Unavailable desc = token signing failed: threshold not met
T3of5-strict-L20ms-c50-emulated,485,1790329834479377480,2020844018,0,Internal error occurred: failed to generate token: while signing jwt: rpc error: code = Unavailable desc = token signing failed: threshold not met
T3of5-strict-L20ms-c50-emulated,484,1790329834478832448,2022715153,0,Internal error occurred: failed to generate token: while signing jwt: rpc error: code = Unavailable desc = token signing failed: threshold not met
T3of5-strict-L20ms-c50-emulated,486,1790329834490439881,2019376292,0,Internal error occurred: failed to generate token: while signing jwt: rpc error: code = Unavailable desc = token signing failed: threshold not met
T3of5-strict-L20ms-c50-emulated,489,1790329834508249213,2012097412,0,Internal error occurred: failed to generate token: while signing jwt: rpc error: code = Unavailable desc = token signing failed: threshold not met
T3of5-strict-L20ms-c50-emulated,487,1790329834503604331,2021946833,0,Internal error occurred: failed to generate token: while signing jwt: rpc error: code = Unavailable desc = token signing failed: threshold not met
T3of5-strict-L20ms-c50-emulated,488,1790329834503773370,2021893918,0,Internal error occurred: failed to generate token: while signing jwt: rpc error: code = Unavailable desc = token signing failed: threshold not met
T3of5-strict-L20ms-c50-emulated,490,1790329834543076014,2012252077,0,Internal error occurred: failed to generate token: while signing jwt: rpc error: code = Unavailable desc = token signing failed: threshold not met
T3of5-strict-L20ms-c50-emulated,491,1790329834574759617,2010588105,0,Internal error occurred: failed to generate token: while signing jwt: rpc error: code = Unavailable desc = token signing failed: threshold not met
T3of5-strict-L20ms-c50-emulated,493,1790329834582602779,2011546631,0,Internal error occurred: failed to generate token: while signing jwt: rpc error: code = Unavailable desc = token signing failed: threshold not met
T3of5-strict-L20ms-c50-emulated,492,1790329834578396057,2022639157,0,Internal error occurred: failed to generate token: while signing jwt: rpc error: code = Unavailable desc = token signing failed: threshold not met
T3of5-strict-L20ms-c50-emulated,495,1790329834594553958,2022112750,0,Internal error occurred: failed to generate token: while signing jwt: rpc error: code = Unavailable desc = token signing failed: threshold not met
T3of5-strict-L20ms-c50-emulated,494,1790329834590420526,2026626300,0,Internal error occurred: failed to generate token: while signing jwt: rpc error: code = Unavailable desc = token signing failed: threshold not met
T3of5-strict-L20ms-c50-emulated,498,1790329834608842889,2026876922,0,Internal error occurred: failed to generate token: while signing jwt: rpc error: code = Unavailable desc = token signing failed: threshold not met
T3of5-strict-L20ms-c50-emulated,499,1790329834608900471,2028286315,0,Internal error occurred: failed to generate token: while signing jwt: rpc error: code = Unavailable desc = token signing failed: threshold not met
T3of5-strict-L20ms-c50-emulated,500,1790329834608967470,2028311647,0,Internal error occurred: failed to generate token: while signing jwt: rpc error: code = Unavailable desc = token signing failed: threshold not met
T3of5-strict-L20ms-c50-emulated,501,1790329834609281965,2028154484,0,Internal error occurred: failed to generate token: while signing jwt: rpc error: code = Unavailable desc = token signing failed: threshold not met
T3of5-strict-L20ms-c50-emulated,496,1790329834608307314,2030014537,0,Internal error occurred: failed to generate token: while signing jwt: rpc error: code = Unavailable desc = token signing failed: threshold not met
T3of5-strict-L20ms-c50-emulated,502,1790329834609281382,2029152884,0,Internal error occurred: failed to generate token: while signing jwt: rpc error: code = Unavailable desc = token signing failed: threshold not met
T3of5-strict-L20ms-c50-emulated,497,1790329834608752474,2032873322,0,Internal error occurred: failed to generate token: while signing jwt: rpc error: code = Unavailable desc = token signing failed: threshold not met
T3of5-strict-L20ms-c50-emulated,503,1790329834666489356,2005973767,0,Internal error occurred: failed to generate token: while signing jwt: rpc error: code = Unavailable desc = token signing failed: threshold not met
T3of5-strict-L20ms-c50-emulated,504,1790329834699836348,2011319429,0,Internal error occurred: failed to generate token: while signing jwt: rpc error: code = Unavailable desc = token signing failed: threshold not met
T3of5-strict-L20ms-c50-emulated,505,1790329834777566401,2009576293,0,Internal error occurred: failed to generate token: while signing jwt: rpc error: code = Unavailable desc = token signing failed: threshold not met
T3of5-strict-L20ms-c50-emulated,506,1790329834807026540,2014008763,0,Internal error occurred: failed to generate token: while signing jwt: rpc error: code = Unavailable desc = token signing failed: threshold not met
T3of5-strict-L20ms-c50-emulated,507,1790329835232407867,2025660706,0,Internal error occurred: failed to generate token: while signing jwt: rpc error: code = Unavailable desc = token signing failed: threshold not met
T3of5-strict-L20ms-c50-emulated,508,1790329835521861935,2007618633,0,Internal error occurred: failed to generate token: while signing jwt: rpc error: code = Unavailable desc = token signing failed: threshold not met
T3of5-strict-L20ms-c50-emulated,510,1790329835543495828,2011835023,0,Internal error occurred: failed to generate token: while signing jwt: rpc error: code = Unavailable desc = token signing failed: threshold not met
T3of5-strict-L20ms-c50-emulated,509,1790329835537982003,2019143277,0,Internal error occurred: failed to generate token: while signing jwt: rpc error: code = Unavailable desc = token signing failed: threshold not met
T3of5-strict-L20ms-c50-emulated,511,1790329835543656159,2014738517,0,Internal error occurred: failed to generate token: while signing jwt: rpc error: code = Unavailable desc = token signing failed: threshold not met
T3of5-strict-L20ms-c50-emulated,513,1790329835920330332,2012227524,0,Internal error occurred: failed to generate token: while signing jwt: rpc error: code = Unavailable desc = token signing failed: threshold not met
T3of5-strict-L20ms-c50-emulated,512,1790329835920177626,2012461062,0,Internal error occurred: failed to generate token: while signing jwt: rpc error: code = Unavailable desc = token signing failed: threshold not met
T3of5-strict-L20ms-c50-emulated,515,1790329836211470541,2004632615,0,Internal error occurred: failed to generate token: while signing jwt: rpc error: code = Unavailable desc = token signing failed: threshold not met
T3of5-strict-L20ms-c50-emulated,514,1790329836211440041,2004845694,0,Internal error occurred: failed to generate token: while signing jwt: rpc error: code = Unavailable desc = token signing failed: threshold not met
T3of5-strict-L20ms-c50-emulated,516,1790329836212940308,2006200255,0,Internal error occurred: failed to generate token: while signing jwt: rpc error: code = Unavailable desc = token signing failed: threshold not met
T3of5-strict-L20ms-c50-emulated,517,1790329836230842180,2014073252,0,Internal error occurred: failed to generate token: while signing jwt: rpc error: code = Unavailable desc = token signing failed: threshold not met
T3of5-strict-L20ms-c50-emulated,518,1790329836230845055,2014193333,0,Internal error occurred: failed to generate token: while signing jwt: rpc error: code = Unavailable desc = token signing failed: threshold not met
T3of5-strict-L20ms-c50-emulated,520,1790329836273119818,2009515368,0,Internal error occurred: failed to generate token: while signing jwt: rpc error: code = Unavailable desc = token signing failed: threshold not met
T3of5-strict-L20ms-c50-emulated,521,1790329836273258524,2009534618,0,Internal error occurred: failed to generate token: while signing jwt: rpc error: code = Unavailable desc = token signing failed: threshold not met
T3of5-strict-L20ms-c50-emulated,519,1790329836269124800,2013765674,0,Internal error occurred: failed to generate token: while signing jwt: rpc error: code = Unavailable desc = token signing failed: threshold not met
T3of5-strict-L20ms-c50-emulated,523,1790329836292712371,2013186725,0,Internal error occurred: failed to generate token: while signing jwt: rpc error: code = Unavailable desc = token signing failed: threshold not met
T3of5-strict-L20ms-c50-emulated,522,1790329836292613747,2013296807,0,Internal error occurred: failed to generate token: while signing jwt: rpc error: code = Unavailable desc = token signing failed: threshold not met
T3of5-strict-L20ms-c50-emulated,524,1790329836344704265,2020018156,0,Internal error occurred: failed to generate token: while signing jwt: rpc error: code = Unavailable desc = token signing failed: threshold not met
T3of5-strict-L20ms-c50-emulated,525,1790329836355684835,2015833766,0,Internal error occurred: failed to generate token: while signing jwt: rpc error: code = Unavailable desc = token signing failed: threshold not met
T3of5-strict-L20ms-c50-emulated,526,1790329836393413880,2025091157,0,Internal error occurred: failed to generate token: while signing jwt: rpc error: code = Unavailable desc = token signing failed: threshold not met
T3of5-strict-L20ms-c50-emulated,527,1790329836395729217,2024796204,0,Internal error occurred: failed to generate token: while signing jwt: rpc error: code = Unavailable desc = token signing failed: threshold not met
T3of5-strict-L20ms-c50-emulated,528,1790329836398014971,2025386278,0,Internal error occurred: failed to generate token: while signing jwt: rpc error: code = Unavailable desc = token signing failed: threshold not met
T3of5-strict-L20ms-c50-emulated,530,1790329836402272568,2021625297,0,Internal error occurred: failed to generate token: while signing jwt: rpc error: code = Unavailable desc = token signing failed: threshold not met
T3of5-strict-L20ms-c50-emulated,532,1790329836416722164,2007467864,0,Internal error occurred: failed to generate token: while signing jwt: rpc error: code = Unavailable desc = token signing failed: threshold not met
T3of5-strict-L20ms-c50-emulated,529,1790329836402204069,2022313536,0,Internal error occurred: failed to generate token: while signing jwt: rpc error: code = Unavailable desc = token signing failed: threshold not met
T3of5-strict-L20ms-c50-emulated,531,1790329836415851761,2025346653,0,Internal error occurred: failed to generate token: while signing jwt: rpc error: code = Unavailable desc = token signing failed: threshold not met
T3of5-strict-L20ms-c50-emulated,533,1790329836470202117,2007443448,0,Internal error occurred: failed to generate token: while signing jwt: rpc error: code = Unavailable desc = token signing failed: threshold not met
T3of5-strict-L20ms-c50-emulated,534,1790329836500225706,2009808827,0,Internal error occurred: failed to generate token: while signing jwt: rpc error: code = Unavailable desc = token signing failed: threshold not met
T3of5-strict-L20ms-c50-emulated,535,1790329836501551434,2008736553,0,Internal error occurred: failed to generate token: while signing jwt: rpc error: code = Unavailable desc = token signing failed: threshold not met
T3of5-strict-L20ms-c50-emulated,536,1790329836509820423,2006904875,0,Internal error occurred: failed to generate token: while signing jwt: rpc error: code = Unavailable desc = token signing failed: threshold not met
T3of5-strict-L20ms-c50-emulated,537,1790329836520351583,2010142031,0,Internal error occurred: failed to generate token: while signing jwt: rpc error: code = Unavailable desc = token signing failed: threshold not met
T3of5-strict-L20ms-c50-emulated,538,1790329836525554831,2011083640,0,Internal error occurred: failed to generate token: while signing jwt: rpc error: code = Unavailable desc = token signing failed: threshold not met
T3of5-strict-L20ms-c50-emulated,539,1790329836525668746,2010970641,0,Internal error occurred: failed to generate token: while signing jwt: rpc error: code = Unavailable desc = token signing failed: threshold not met
T3of5-strict-L20ms-c50-emulated,540,1790329836555333383,2005813602,0,Internal error occurred: failed to generate token: while signing jwt: rpc error: code = Unavailable desc = token signing failed: threshold not met
T3of5-strict-L20ms-c50-emulated,541,1790329836585353347,2007638864,0,Internal error occurred: failed to generate token: while signing jwt: rpc error: code = Unavailable desc = token signing failed: threshold not met
T3of5-strict-L20ms-c50-emulated,542,1790329836594155077,2004996742,0,Internal error occurred: failed to generate token: while signing jwt: rpc error: code = Unavailable desc = token signing failed: threshold not met
T3of5-strict-L20ms-c50-emulated,543,1790329836601043297,2011726089,0,Internal error occurred: failed to generate token: while signing jwt: rpc error: code = Unavailable desc = token signing failed: threshold not met
T3of5-strict-L20ms-c50-emulated,545,1790329836617053242,2016409763,0,Internal error occurred: failed to generate token: while signing jwt: rpc error: code = Unavailable desc = token signing failed: threshold not met
T3of5-strict-L20ms-c50-emulated,544,1790329836616677040,2016934296,0,Internal error occurred: failed to generate token: while signing jwt: rpc error: code = Unavailable desc = token signing failed: threshold not met
T3of5-strict-L20ms-c50-emulated,547,1790329836637191411,2031216311,0,Internal error occurred: failed to generate token: while signing jwt: rpc error: code = Unavailable desc = token signing failed: threshold not met
T3of5-strict-L20ms-c50-emulated,550,1790329836638325559,2030372783,0,Internal error occurred: failed to generate token: while signing jwt: rpc error: code = Unavailable desc = token signing failed: threshold not met
T3of5-strict-L20ms-c50-emulated,549,1790329836637441407,2031323976,0,Internal error occurred: failed to generate token: while signing jwt: rpc error: code = Unavailable desc = token signing failed: threshold not met
T3of5-strict-L20ms-c50-emulated,546,1790329836635731143,2033087656,0,Internal error occurred: failed to generate token: while signing jwt: rpc error: code = Unavailable desc = token signing failed: threshold not met
T3of5-strict-L20ms-c50-emulated,552,1790329836641630005,2027249377,0,Internal error occurred: failed to generate token: while signing jwt: rpc error: code = Unavailable desc = token signing failed: threshold not met
T3of5-strict-L20ms-c50-emulated,548,1790329836637283534,2031714804,0,Internal error occurred: failed to generate token: while signing jwt: rpc error: code = Unavailable desc = token signing failed: threshold not met
T3of5-strict-L20ms-c50-emulated,551,1790329836638439349,2030725570,0,Internal error occurred: failed to generate token: while signing jwt: rpc error: code = Unavailable desc = token signing failed: threshold not met
T3of5-strict-L20ms-c50-emulated,553,1790329836672467330,2008185025,0,Internal error occurred: failed to generate token: while signing jwt: rpc error: code = Unavailable desc = token signing failed: threshold not met
T3of5-strict-L20ms-c50-emulated,554,1790329836711160360,2005107993,0,Internal error occurred: failed to generate token: while signing jwt: rpc error: code = Unavailable desc = token signing failed: threshold not met
T3of5-strict-L20ms-c50-emulated,555,1790329836787150443,2013455565,0,Internal error occurred: failed to generate token: while signing jwt: rpc error: code = Unavailable desc = token signing failed: threshold not met
T3of5-strict-L20ms-c50-emulated,556,1790329836821039844,2004268509,0,Internal error occurred: failed to generate token: while signing jwt: rpc error: code = Unavailable desc = token signing failed: threshold not met
T3of5-strict-L20ms-c50-emulated,557,1790329837258077072,2032248975,0,Internal error occurred: failed to generate token: while signing jwt: rpc error: code = Unavailable desc = token signing failed: threshold not met
T3of5-strict-L20ms-c50-emulated,558,1790329837529483776,2007623427,0,Internal error occurred: failed to generate token: while signing jwt: rpc error: code = Unavailable desc = token signing failed: threshold not met
T3of5-strict-L20ms-c50-emulated,561,1790329837558399259,2013044797,0,Internal error occurred: failed to generate token: while signing jwt: rpc error: code = Unavailable desc = token signing failed: threshold not met
T3of5-strict-L20ms-c50-emulated,560,1790329837557129530,2014373067,0,Internal error occurred: failed to generate token: while signing jwt: rpc error: code = Unavailable desc = token signing failed: threshold not met
T3of5-strict-L20ms-c50-emulated,559,1790329837555335018,2020299511,0,Internal error occurred: failed to generate token: while signing jwt: rpc error: code = Unavailable desc = token signing failed: threshold not met
T3of5-strict-L20ms-c50-emulated,562,1790329837932566607,2004787399,0,Internal error occurred: failed to generate token: while signing jwt: rpc error: code = Unavailable desc = token signing failed: threshold not met
T3of5-strict-L20ms-c50-emulated,563,1790329837932642605,2005050936,0,Internal error occurred: failed to generate token: while signing jwt: rpc error: code = Unavailable desc = token signing failed: threshold not met
T3of5-strict-L20ms-c50-emulated,564,1790329838216108155,2005154524,0,Internal error occurred: failed to generate token: while signing jwt: rpc error: code = Unavailable desc = token signing failed: threshold not met
T3of5-strict-L20ms-c50-emulated,565,1790329838216287235,2004975444,0,Internal error occurred: failed to generate token: while signing jwt: rpc error: code = Unavailable desc = token signing failed: threshold not met
T3of5-strict-L20ms-c50-emulated,566,1790329838219147272,2005186441,0,Internal error occurred: failed to generate token: while signing jwt: rpc error: code = Unavailable desc = token signing failed: threshold not met
T3of5-strict-L20ms-c50-emulated,568,1790329838245041054,2008473929,0,Internal error occurred: failed to generate token: while signing jwt: rpc error: code = Unavailable desc = token signing failed: threshold not met
T3of5-strict-L20ms-c50-emulated,567,1790329838244919806,2008959879,0,Internal error occurred: failed to generate token: while signing jwt: rpc error: code = Unavailable desc = token signing failed: threshold not met
T3of5-strict-L20ms-c50-emulated,569,1790329838282641603,2012474614,0,Internal error occurred: failed to generate token: while signing jwt: rpc error: code = Unavailable desc = token signing failed: threshold not met
T3of5-strict-L20ms-c50-emulated,570,1790329838282795267,2012387657,0,Internal error occurred: failed to generate token: while signing jwt: rpc error: code = Unavailable desc = token signing failed: threshold not met
T3of5-strict-L20ms-c50-emulated,571,1790329838282892099,2012345157,0,Internal error occurred: failed to generate token: while signing jwt: rpc error: code = Unavailable desc = token signing failed: threshold not met
T3of5-strict-L20ms-c50-emulated,573,1790329838305912929,2011655586,0,Internal error occurred: failed to generate token: while signing jwt: rpc error: code = Unavailable desc = token signing failed: threshold not met
T3of5-strict-L20ms-c50-emulated,572,1790329838305905179,2013034730,0,Internal error occurred: failed to generate token: while signing jwt: rpc error: code = Unavailable desc = token signing failed: threshold not met
T3of5-strict-L20ms-c50-emulated,575,1790329838371561350,2012480199,0,Internal error occurred: failed to generate token: while signing jwt: rpc error: code = Unavailable desc = token signing failed: threshold not met
T3of5-strict-L20ms-c50-emulated,574,1790329838364728754,2019605166,0,Internal error occurred: failed to generate token: while signing jwt: rpc error: code = Unavailable desc = token signing failed: threshold not met
T3of5-strict-L20ms-c50-emulated,576,1790329838418512121,2037300335,0,Internal error occurred: failed to generate token: while signing jwt: rpc error: code = Unavailable desc = token signing failed: threshold not met
T3of5-strict-L20ms-c50-emulated,579,1790329838423900490,2032139169,0,Internal error occurred: failed to generate token: while signing jwt: rpc error: code = Unavailable desc = token signing failed: threshold not met
T3of5-strict-L20ms-c50-emulated,580,1790329838424192652,2031937464,0,Internal error occurred: failed to generate token: while signing jwt: rpc error: code = Unavailable desc = token signing failed: threshold not met
T3of5-strict-L20ms-c50-emulated,581,1790329838424519980,2032057254,0,Internal error occurred: failed to generate token: while signing jwt: rpc error: code = Unavailable desc = token signing failed: threshold not met
T3of5-strict-L20ms-c50-emulated,578,1790329838423407248,2033259276,0,Internal error occurred: failed to generate token: while signing jwt: rpc error: code = Unavailable desc = token signing failed: threshold not met
T3of5-strict-L20ms-c50-emulated,582,1790329838441205164,2017939320,0,Internal error occurred: failed to generate token: while signing jwt: rpc error: code = Unavailable desc = token signing failed: threshold not met
T3of5-strict-L20ms-c50-emulated,577,1790329838425542755,2041999382,0,Internal error occurred: failed to generate token: while signing jwt: rpc error: code = Unavailable desc = token signing failed: threshold not met
T3of5-strict-L20ms-c50-emulated,583,1790329838477656690,2016275848,0,Internal error occurred: failed to generate token: while signing jwt: rpc error: code = Unavailable desc = token signing failed: threshold not met
T3of5-strict-L20ms-c50-emulated,584,1790329838510043075,2011144891,0,Internal error occurred: failed to generate token: while signing jwt: rpc error: code = Unavailable desc = token signing failed: threshold not met
T3of5-strict-L20ms-c50-emulated,585,1790329838510293696,2011002934,0,Internal error occurred: failed to generate token: while signing jwt: rpc error: code = Unavailable desc = token signing failed: threshold not met
T3of5-strict-L20ms-c50-emulated,586,1790329838516732673,2012664157,0,Internal error occurred: failed to generate token: while signing jwt: rpc error: code = Unavailable desc = token signing failed: threshold not met
T3of5-strict-L20ms-c50-emulated,587,1790329838530502197,2010347070,0,Internal error occurred: failed to generate token: while signing jwt: rpc error: code = Unavailable desc = token signing failed: threshold not met
T3of5-strict-L20ms-c50-emulated,588,1790329838536644513,2004964410,0,Internal error occurred: failed to generate token: while signing jwt: rpc error: code = Unavailable desc = token signing failed: threshold not met
T3of5-strict-L20ms-c50-emulated,589,1790329838536646721,2005041908,0,Internal error occurred: failed to generate token: while signing jwt: rpc error: code = Unavailable desc = token signing failed: threshold not met
T3of5-strict-L20ms-c50-emulated,590,1790329838561157152,2013252357,0,Internal error occurred: failed to generate token: while signing jwt: rpc error: code = Unavailable desc = token signing failed: threshold not met
T3of5-strict-L20ms-c50-emulated,591,1790329838593001295,2020156536,0,Internal error occurred: failed to generate token: while signing jwt: rpc error: code = Unavailable desc = token signing failed: threshold not met
T3of5-strict-L20ms-c50-emulated,592,1790329838599160944,2014153259,0,Internal error occurred: failed to generate token: while signing jwt: rpc error: code = Unavailable desc = token signing failed: threshold not met
T3of5-strict-L20ms-c50-emulated,593,1790329838612780095,2008037985,0,Internal error occurred: failed to generate token: while signing jwt: rpc error: code = Unavailable desc = token signing failed: threshold not met
T3of5-strict-L20ms-c50-emulated,595,1790329838633616419,2009280341,1,
T3of5-strict-L20ms-c50-emulated,594,1790329838633476088,2010090744,0,Internal error occurred: failed to generate token: while signing jwt: rpc error: code = Unavailable desc = token signing failed: threshold not met
T3of5-strict-L20ms-c50-emulated,600,1790329838668880673,2020603863,0,Internal error occurred: failed to generate token: while signing jwt: rpc error: code = Unavailable desc = token signing failed: threshold not met
T3of5-strict-L20ms-c50-emulated,597,1790329838668701468,2030159916,0,Internal error occurred: failed to generate token: while signing jwt: rpc error: code = Unavailable desc = token signing failed: threshold not met
T3of5-strict-L20ms-c50-emulated,602,1790329838669168418,2029999543,0,Internal error occurred: failed to generate token: while signing jwt: rpc error: code = Unavailable desc = token signing failed: threshold not met
T3of5-strict-L20ms-c50-emulated,601,1790329838669000171,2034520052,0,Internal error occurred: failed to generate token: while signing jwt: rpc error: code = Unavailable desc = token signing failed: threshold not met
T3of5-strict-L20ms-c50-emulated,596,1790329838668419181,2035212916,0,Internal error occurred: failed to generate token: while signing jwt: rpc error: code = Unavailable desc = token signing failed: threshold not met
T3of5-strict-L20ms-c50-emulated,598,1790329838668766633,2034911171,0,Internal error occurred: failed to generate token: while signing jwt: rpc error: code = Unavailable desc = token signing failed: threshold not met
T3of5-strict-L20ms-c50-emulated,599,1790329838668820007,2037247424,0,Internal error occurred: failed to generate token: while signing jwt: rpc error: code = Unavailable desc = token signing failed: threshold not met
T3of5-strict-L20ms-c50-emulated,603,1790329838680662813,2025567449,0,Internal error occurred: failed to generate token: while signing jwt: rpc error: code = Unavailable desc = token signing failed: threshold not met
T3of5-strict-L20ms-c50-emulated,604,1790329838716277769,2010510947,0,Internal error occurred: failed to generate token: while signing jwt: rpc error: code = Unavailable desc = token signing failed: threshold not met
T3of5-strict-L20ms-c50-emulated,605,1790329838800614133,2013409360,0,Internal error occurred: failed to generate token: while signing jwt: rpc error: code = Unavailable desc = token signing failed: threshold not met
T3of5-strict-L20ms-c50-emulated,606,1790329838825314769,2006981591,0,Internal error occurred: failed to generate token: while signing jwt: rpc error: code = Unavailable desc = token signing failed: threshold not met
T3of5-strict-L20ms-c50-emulated,607,1790329839290335464,2007352137,0,Internal error occurred: failed to generate token: while signing jwt: rpc error: code = Unavailable desc = token signing failed: threshold not met
T3of5-strict-L20ms-c50-emulated,608,1790329839537113078,2015039266,0,Internal error occurred: failed to generate token: while signing jwt: rpc error: code = Unavailable desc = token signing failed: threshold not met
T3of5-strict-L20ms-c50-emulated,609,1790329839571449514,2007481599,0,Internal error occurred: failed to generate token: while signing jwt: rpc error: code = Unavailable desc = token signing failed: threshold not met
T3of5-strict-L20ms-c50-emulated,610,1790329839571506430,2009428192,0,Internal error occurred: failed to generate token: while signing jwt: rpc error: code = Unavailable desc = token signing failed: threshold not met
T3of5-strict-L20ms-c50-emulated,611,1790329839575640821,2010033140,0,Internal error occurred: failed to generate token: while signing jwt: rpc error: code = Unavailable desc = token signing failed: threshold not met
T3of5-strict-L20ms-c50-emulated,613,1790329839937697917,2007583230,0,Internal error occurred: failed to generate token: while signing jwt: rpc error: code = Unavailable desc = token signing failed: threshold not met
T3of5-strict-L20ms-c50-emulated,612,1790329839937360506,2008487590,0,Internal error occurred: failed to generate token: while signing jwt: rpc error: code = Unavailable desc = token signing failed: threshold not met
T3of5-strict-L20ms-c50-emulated,614,1790329840221268512,2012767068,0,Internal error occurred: failed to generate token: while signing jwt: rpc error: code = Unavailable desc = token signing failed: threshold not met
T3of5-strict-L20ms-c50-emulated,616,1790329840224339004,2009696701,0,Internal error occurred: failed to generate token: while signing jwt: rpc error: code = Unavailable desc = token signing failed: threshold not met
T3of5-strict-L20ms-c50-emulated,615,1790329840221268179,2014712744,0,Internal error occurred: failed to generate token: while signing jwt: rpc error: code = Unavailable desc = token signing failed: threshold not met
T3of5-strict-L20ms-c50-emulated,618,1790329840253883727,2007716401,0,Internal error occurred: failed to generate token: while signing jwt: rpc error: code = Unavailable desc = token signing failed: threshold not met
T3of5-strict-L20ms-c50-emulated,617,1790329840253523441,2008315475,0,Internal error occurred: failed to generate token: while signing jwt: rpc error: code = Unavailable desc = token signing failed: threshold not met
T3of5-strict-L20ms-c50-emulated,621,1790329840295239340,2009418166,0,Internal error occurred: failed to generate token: while signing jwt: rpc error: code = Unavailable desc = token signing failed: threshold not met
T3of5-strict-L20ms-c50-emulated,619,1790329840295125009,2009532456,0,Internal error occurred: failed to generate token: while signing jwt: rpc error: code = Unavailable desc = token signing failed: threshold not met
T3of5-strict-L20ms-c50-emulated,620,1790329840295188008,2009512414,0,Internal error occurred: failed to generate token: while signing jwt: rpc error: code = Unavailable desc = token signing failed: threshold not met
T3of5-strict-L20ms-c50-emulated,622,1790329840317594015,2008488014,0,Internal error occurred: failed to generate token: while signing jwt: rpc error: code = Unavailable desc = token signing failed: threshold not met
T3of5-strict-L20ms-c50-emulated,623,1790329840318973367,2007131662,0,Internal error occurred: failed to generate token: while signing jwt: rpc error: code = Unavailable desc = token signing failed: threshold not met
T3of5-strict-L20ms-c50-emulated,625,1790329840384335628,2009226212,0,Internal error occurred: failed to generate token: while signing jwt: rpc error: code = Unavailable desc = token signing failed: threshold not met
T3of5-strict-L20ms-c50-emulated,624,1790329840384048424,2009689997,0,Internal error occurred: failed to generate token: while signing jwt: rpc error: code = Unavailable desc = token signing failed: threshold not met
T3of5-strict-L20ms-c50-emulated,629,1790329840456580609,2016391263,0,Internal error occurred: failed to generate token: while signing jwt: rpc error: code = Unavailable desc = token signing failed: threshold not met
T3of5-strict-L20ms-c50-emulated,627,1790329840456042909,2019533504,0,Internal error occurred: failed to generate token: while signing jwt: rpc error: code = Unavailable desc = token signing failed: threshold not met
T3of5-strict-L20ms-c50-emulated,630,1790329840456668149,2021305016,0,Internal error occurred: failed to generate token: while signing jwt: rpc error: code = Unavailable desc = token signing failed: threshold not met
T3of5-strict-L20ms-c50-emulated,626,1790329840455817580,2041188315,0,Internal error occurred: failed to generate token: while signing jwt: rpc error: code = Unavailable desc = token signing failed: threshold not met
T3of5-strict-L20ms-c50-emulated,631,1790329840459147983,2038999727,0,Internal error occurred: failed to generate token: while signing jwt: rpc error: code = Unavailable desc = token signing failed: threshold not met
T3of5-strict-L20ms-c50-emulated,628,1790329840456131825,2044221474,0,Internal error occurred: failed to generate token: while signing jwt: rpc error: code = Unavailable desc = token signing failed: threshold not met
T3of5-strict-L20ms-c50-emulated,632,1790329840467546971,2032928993,0,Internal error occurred: failed to generate token: while signing jwt: rpc error: code = Unavailable desc = token signing failed: threshold not met
T3of5-strict-L20ms-c50-emulated,633,1790329840493938454,2010847230,0,Internal error occurred: failed to generate token: while signing jwt: rpc error: code = Unavailable desc = token signing failed: threshold not met
T3of5-strict-L20ms-c50-emulated,635,1790329840521297630,2018328150,0,Internal error occurred: failed to generate token: while signing jwt: rpc error: code = Unavailable desc = token signing failed: threshold not met
T3of5-strict-L20ms-c50-emulated,634,1790329840521192340,2018703393,0,Internal error occurred: failed to generate token: while signing jwt: rpc error: code = Unavailable desc = token signing failed: threshold not met
T3of5-strict-L20ms-c50-emulated,638,1790329840541611005,2015117703,0,Internal error occurred: failed to generate token: while signing jwt: rpc error: code = Unavailable desc = token signing failed: threshold not met
T3of5-strict-L20ms-c50-emulated,637,1790329840540853601,2018910390,0,Internal error occurred: failed to generate token: while signing jwt: rpc error: code = Unavailable desc = token signing failed: threshold not met
T3of5-strict-L20ms-c50-emulated,636,1790329840529400706,2030486701,0,Internal error occurred: failed to generate token: while signing jwt: rpc error: code = Unavailable desc = token signing failed: threshold not met
T3of5-strict-L20ms-c50-emulated,639,1790329840541690671,2024414508,0,Internal error occurred: failed to generate token: while signing jwt: rpc error: code = Unavailable desc = token signing failed: threshold not met
T3of5-strict-L20ms-c50-emulated,640,1790329840574414342,2004446670,0,Internal error occurred: failed to generate token: while signing jwt: rpc error: code = Unavailable desc = token signing failed: threshold not met
T3of5-strict-L20ms-c50-emulated,642,1790329840613316870,2010000538,0,Internal error occurred: failed to generate token: while signing jwt: rpc error: code = Unavailable desc = token signing failed: threshold not met
T3of5-strict-L20ms-c50-emulated,641,1790329840613162789,2013359400,0,Internal error occurred: failed to generate token: while signing jwt: rpc error: code = Unavailable desc = token signing failed: threshold not met
T3of5-strict-L20ms-c50-emulated,643,1790329840620823122,2005699442,0,Internal error occurred: failed to generate token: while signing jwt: rpc error: code = Unavailable desc = token signing failed: threshold not met
T3of5-strict-L20ms-c50-emulated,644,1790329840642905676,2006992755,0,Internal error occurred: failed to generate token: while signing jwt: rpc error: code = Unavailable desc = token signing failed: threshold not met
T3of5-strict-L20ms-c50-emulated,645,1790329840643571540,2006445639,0,Internal error occurred: failed to generate token: while signing jwt: rpc error: code = Unavailable desc = token signing failed: threshold not met
T3of5-strict-L20ms-c50-emulated,648,1790329840699172253,2009611505,0,Internal error occurred: failed to generate token: while signing jwt: rpc error: code = Unavailable desc = token signing failed: threshold not met
T3of5-strict-L20ms-c50-emulated,646,1790329840689525578,2020311121,0,Internal error occurred: failed to generate token: while signing jwt: rpc error: code = Unavailable desc = token signing failed: threshold not met
T3of5-strict-L20ms-c50-emulated,647,1790329840698873049,2013603023,0,Internal error occurred: failed to generate token: while signing jwt: rpc error: code = Unavailable desc = token signing failed: threshold not met
T3of5-strict-L20ms-c50-emulated,651,1790329840703678637,2014806461,0,Internal error occurred: failed to generate token: while signing jwt: rpc error: code = Unavailable desc = token signing failed: threshold not met
T3of5-strict-L20ms-c50-emulated,653,1790329840706234554,2012252669,0,Internal error occurred: failed to generate token: while signing jwt: rpc error: code = Unavailable desc = token signing failed: threshold not met
T3of5-strict-L20ms-c50-emulated,652,1790329840706070765,2012443250,0,Internal error occurred: failed to generate token: while signing jwt: rpc error: code = Unavailable desc = token signing failed: threshold not met
T3of5-strict-L20ms-c50-emulated,649,1790329840703524223,2022267339,0,Internal error occurred: failed to generate token: while signing jwt: rpc error: code = Unavailable desc = token signing failed: threshold not met
T3of5-strict-L20ms-c50-emulated,650,1790329840703633221,2030033004,0,Internal error occurred: failed to generate token: while signing jwt: rpc error: code = Unavailable desc = token signing failed: threshold not met
T3of5-strict-L20ms-c50-emulated,654,1790329840726793133,2008284068,0,Internal error occurred: failed to generate token: while signing jwt: rpc error: code = Unavailable desc = token signing failed: threshold not met
T3of5-strict-L20ms-c50-emulated,655,1790329840814027951,2009214847,0,Internal error occurred: failed to generate token: while signing jwt: rpc error: code = Unavailable desc = token signing failed: threshold not met
T3of5-strict-L20ms-c50-emulated,656,1790329840832301818,2005678072,0,Internal error occurred: failed to generate token: while signing jwt: rpc error: code = Unavailable desc = token signing failed: threshold not met
T3of5-strict-L20ms-c50-emulated,657,1790329841297697100,2008843364,0,Internal error occurred: failed to generate token: while signing jwt: rpc error: code = Unavailable desc = token signing failed: threshold not met
T3of5-strict-L20ms-c50-emulated,658,1790329841552156427,2004872642,0,Internal error occurred: failed to generate token: while signing jwt: rpc error: code = Unavailable desc = token signing failed: threshold not met
T3of5-strict-L20ms-c50-emulated,659,1790329841578934280,2007113981,0,Internal error occurred: failed to generate token: while signing jwt: rpc error: code = Unavailable desc = token signing failed: threshold not met
T3of5-strict-L20ms-c50-emulated,661,1790329841585678336,2005490591,0,Internal error occurred: failed to generate token: while signing jwt: rpc error: code = Unavailable desc = token signing failed: threshold not met
T3of5-strict-L20ms-c50-emulated,660,1790329841580938455,2010230388,0,Internal error occurred: failed to generate token: while signing jwt: rpc error: code = Unavailable desc = token signing failed: threshold not met
T3of5-strict-L20ms-c50-emulated,662,1790329841945286146,2008720963,0,Internal error occurred: failed to generate token: while signing jwt: rpc error: code = Unavailable desc = token signing failed: threshold not met
T3of5-strict-L20ms-c50-emulated,663,1790329841945850887,2008156347,0,Internal error occurred: failed to generate token: while signing jwt: rpc error: code = Unavailable desc = token signing failed: threshold not met
T3of5-strict-L20ms-c50-emulated,692,1790329842626528189,1532490106,1,
T3of5-strict-L20ms-c50-emulated,664,1790329842234044872,2012306660,0,Internal error occurred: failed to generate token: while signing jwt: rpc error: code = Unavailable desc = token signing failed: threshold not met
T3of5-strict-L20ms-c50-emulated,665,1790329842234064413,2013231353,0,Internal error occurred: failed to generate token: while signing jwt: rpc error: code = Unavailable desc = token signing failed: threshold not met
T3of5-strict-L20ms-c50-emulated,666,1790329842235988090,2013762469,0,Internal error occurred: failed to generate token: while signing jwt: rpc error: code = Unavailable desc = token signing failed: threshold not met
T3of5-strict-L20ms-c50-emulated,667,1790329842261611420,2006953916,0,Internal error occurred: failed to generate token: while signing jwt: rpc error: code = Unavailable desc = token signing failed: threshold not met
T3of5-strict-L20ms-c50-emulated,668,1790329842261843416,2006725043,0,Internal error occurred: failed to generate token: while signing jwt: rpc error: code = Unavailable desc = token signing failed: threshold not met
T3of5-strict-L20ms-c50-emulated,669,1790329842304665714,2009734745,0,Internal error occurred: failed to generate token: while signing jwt: rpc error: code = Unavailable desc = token signing failed: threshold not met
T3of5-strict-L20ms-c50-emulated,670,1790329842304664839,2009747662,0,Internal error occurred: failed to generate token: while signing jwt: rpc error: code = Unavailable desc = token signing failed: threshold not met
T3of5-strict-L20ms-c50-emulated,671,1790329842304703297,2009720120,0,Internal error occurred: failed to generate token: while signing jwt: rpc error: code = Unavailable desc = token signing failed: threshold not met
T3of5-strict-L20ms-c50-emulated,672,1790329842326083613,2009368085,0,Internal error occurred: failed to generate token: while signing jwt: rpc error: code = Unavailable desc = token signing failed: threshold not met
T3of5-strict-L20ms-c50-emulated,673,1790329842326108904,2009576915,0,Internal error occurred: failed to generate token: while signing jwt: rpc error: code = Unavailable desc = token signing failed: threshold not met
T3of5-strict-L20ms-c50-emulated,674,1790329842393567465,2012265331,0,Internal error occurred: failed to generate token: while signing jwt: rpc error: code = Unavailable desc = token signing failed: threshold not met
T3of5-strict-L20ms-c50-emulated,675,1790329842393741838,2023372149,0,Internal error occurred: failed to generate token: while signing jwt: rpc error: code = Unavailable desc = token signing failed: threshold not met
T3of5-strict-L20ms-c50-emulated,676,1790329842472979289,2011261224,0,Internal error occurred: failed to generate token: while signing jwt: rpc error: code = Unavailable desc = token signing failed: threshold not met
T3of5-strict-L20ms-c50-emulated,677,1790329842475581163,2019260968,0,Internal error occurred: failed to generate token: while signing jwt: rpc error: code = Unavailable desc = token signing failed: threshold not met
T3of5-strict-L20ms-c50-emulated,678,1790329842477977290,2018112404,0,Internal error occurred: failed to generate token: while signing jwt: rpc error: code = Unavailable desc = token signing failed: threshold not met
T3of5-strict-L20ms-c50-emulated,682,1790329842500479672,2024937375,0,Internal error occurred: failed to generate token: while signing jwt: rpc error: code = Unavailable desc = token signing failed: threshold not met
T3of5-strict-L20ms-c50-emulated,683,1790329842504791642,2021224020,0,Internal error occurred: failed to generate token: while signing jwt: rpc error: code = Unavailable desc = token signing failed: threshold not met
T3of5-strict-L20ms-c50-emulated,680,1790329842498152210,2028247114,0,Internal error occurred: failed to generate token: while signing jwt: rpc error: code = Unavailable desc = token signing failed: threshold not met
T3of5-strict-L20ms-c50-emulated,681,1790329842500357257,2031133816,0,Internal error occurred: failed to generate token: while signing jwt: rpc error: code = Unavailable desc = token signing failed: threshold not met
T3of5-strict-L20ms-c50-emulated,688,1790329842559891531,2019369885,0,Internal error occurred: failed to generate token: while signing jwt: rpc error: code = Unavailable desc = token signing failed: threshold not met
T3of5-strict-L20ms-c50-emulated,679,1790329842497015853,2082347519,0,Internal error occurred: failed to generate token: while signing jwt: rpc error: code = Unavailable desc = token signing failed: threshold not met
T3of5-strict-L20ms-c50-emulated,685,1790329842539898900,2039712635,0,Internal error occurred: failed to generate token: while signing jwt: rpc error: code = Unavailable desc = token signing failed: threshold not met
T3of5-strict-L20ms-c50-emulated,686,1790329842556736958,2023059783,0,Internal error occurred: failed to generate token: while signing jwt: rpc error: code = Unavailable desc = token signing failed: threshold not met
T3of5-strict-L20ms-c50-emulated,687,1790329842559770783,2020100581,0,Internal error occurred: failed to generate token: while signing jwt: rpc error: code = Unavailable desc = token signing failed: threshold not met
T3of5-strict-L20ms-c50-emulated,684,1790329842539647696,2040605120,0,Internal error occurred: failed to generate token: while signing jwt: rpc error: code = Unavailable desc = token signing failed: threshold not met
T3of5-strict-L20ms-c50-emulated,689,1790329842566115179,2014529048,0,Internal error occurred: failed to generate token: while signing jwt: rpc error: code = Unavailable desc = token signing failed: threshold not met
T3of5-strict-L20ms-c50-emulated,690,1790329842578870678,2010781776,0,Internal error occurred: failed to generate token: while signing jwt: rpc error: code = Unavailable desc = token signing failed: threshold not met
T3of5-strict-L20ms-c50-emulated,691,1790329842623326616,2007068629,0,Internal error occurred: failed to generate token: while signing jwt: rpc error: code = Unavailable desc = token signing failed: threshold not met
T3of5-strict-L20ms-c50-emulated,693,1790329842626529397,2005105328,0,Internal error occurred: failed to generate token: while signing jwt: rpc error: code = Unavailable desc = token signing failed: threshold not met
T3of5-strict-L20ms-c50-emulated,695,1790329842650023304,2007362500,0,Internal error occurred: failed to generate token: while signing jwt: rpc error: code = Unavailable desc = token signing failed: threshold not met
T3of5-strict-L20ms-c50-emulated,694,1790329842649908472,2007733369,0,Internal error occurred: failed to generate token: while signing jwt: rpc error: code = Unavailable desc = token signing failed: threshold not met
T3of5-strict-L20ms-c50-emulated,696,1790329842708793007,2008258320,0,Internal error occurred: failed to generate token: while signing jwt: rpc error: code = Unavailable desc = token signing failed: threshold not met
T3of5-strict-L20ms-c50-emulated,697,1790329842709843157,2007260794,0,Internal error occurred: failed to generate token: while signing jwt: rpc error: code = Unavailable desc = token signing failed: threshold not met
T3of5-strict-L20ms-c50-emulated,698,1790329842712512030,2014948585,0,Internal error occurred: failed to generate token: while signing jwt: rpc error: code = Unavailable desc = token signing failed: threshold not met
T3of5-strict-L20ms-c50-emulated,699,1790329842718491015,2016698057,0,Internal error occurred: failed to generate token: while signing jwt: rpc error: code = Unavailable desc = token signing failed: threshold not met
T3of5-strict-L20ms-c50-emulated,700,1790329842718492015,2020378996,0,Internal error occurred: failed to generate token: while signing jwt: rpc error: code = Unavailable desc = token signing failed: threshold not met
T3of5-strict-L20ms-c50-emulated,701,1790329842718517931,2021401438,0,Internal error occurred: failed to generate token: while signing jwt: rpc error: code = Unavailable desc = token signing failed: threshold not met
T3of5-strict-L20ms-c50-emulated,703,1790329842733676725,2008189405,0,Internal error occurred: failed to generate token: while signing jwt: rpc error: code = Unavailable desc = token signing failed: threshold not met
T3of5-strict-L20ms-c50-emulated,704,1790329842735082910,2007185130,0,Internal error occurred: failed to generate token: while signing jwt: rpc error: code = Unavailable desc = token signing failed: threshold not met
T3of5-strict-L20ms-c50-emulated,702,1790329842725802229,2016650725,0,Internal error occurred: failed to generate token: while signing jwt: rpc error: code = Unavailable desc = token signing failed: threshold not met
T3of5-strict-L20ms-c50-emulated,705,1790329842823257006,2007064009,0,Internal error occurred: failed to generate token: while signing jwt: rpc error: code = Unavailable desc = token signing failed: threshold not met
T3of5-strict-L20ms-c50-emulated,706,1790329842837986098,2008167282,0,Internal error occurred: failed to generate token: while signing jwt: rpc error: code = Unavailable desc = token signing failed: threshold not met
T3of5-strict-L20ms-c50-emulated,707,1790329843306549672,2007203808,0,Internal error occurred: failed to generate token: while signing jwt: rpc error: code = Unavailable desc = token signing failed: threshold not met
T3of5-strict-L20ms-c50-emulated,708,1790329843557034069,2004170155,0,Internal error occurred: failed to generate token: while signing jwt: rpc error: code = Unavailable desc = token signing failed: threshold not met
T3of5-strict-L20ms-c50-emulated,710,1790329843591174844,2004314069,0,Internal error occurred: failed to generate token: while signing jwt: rpc error: code = Unavailable desc = token signing failed: threshold not met
T3of5-strict-L20ms-c50-emulated,711,1790329843591173219,2004315653,0,Internal error occurred: failed to generate token: while signing jwt: rpc error: code = Unavailable desc = token signing failed: threshold not met
T3of5-strict-L20ms-c50-emulated,709,1790329843586052386,2009474736,0,Internal error occurred: failed to generate token: while signing jwt: rpc error: code = Unavailable desc = token signing failed: threshold not met
T3of5-strict-L20ms-c50-emulated,713,1790329843954013401,2004380868,0,Internal error occurred: failed to generate token: while signing jwt: rpc error: code = Unavailable desc = token signing failed: threshold not met
T3of5-strict-L20ms-c50-emulated,712,1790329843954013151,2005446184,0,Internal error occurred: failed to generate token: while signing jwt: rpc error: code = Unavailable desc = token signing failed: threshold not met
T3of5-strict-L20ms-c50-emulated,714,1790329844159023753,2006508671,0,Internal error occurred: failed to generate token: while signing jwt: rpc error: code = Unavailable desc = token signing failed: threshold not met
T3of5-strict-L20ms-c50-emulated,716,1790329844247300225,2007291494,0,Internal error occurred: failed to generate token: while signing jwt: rpc error: code = Unavailable desc = token signing failed: threshold not met
T3of5-strict-L20ms-c50-emulated,715,1790329844246357032,2012043707,0,Internal error occurred: failed to generate token: while signing jwt: rpc error: code = Unavailable desc = token signing failed: threshold not met
T3of5-strict-L20ms-c50-emulated,717,1790329844249755518,2008807552,0,Internal error occurred: failed to generate token: while signing jwt: rpc error: code = Unavailable desc = token signing failed: threshold not met
T3of5-strict-L20ms-c50-emulated,718,1790329844268572543,2007062748,0,Internal error occurred: failed to generate token: while signing jwt: rpc error: code = Unavailable desc = token signing failed: threshold not met
T3of5-strict-L20ms-c50-emulated,719,1790329844268572168,2010610481,0,Internal error occurred: failed to generate token: while signing jwt: rpc error: code = Unavailable desc = token signing failed: threshold not met
T3of5-strict-L20ms-c50-emulated,721,1790329844314415959,2011091099,0,Internal error occurred: failed to generate token: while signing jwt: rpc error: code = Unavailable desc = token signing failed: threshold not met
T3of5-strict-L20ms-c50-emulated,720,1790329844314407376,2011106224,0,Internal error occurred: failed to generate token: while signing jwt: rpc error: code = Unavailable desc = token signing failed: threshold not met
T3of5-strict-L20ms-c50-emulated,722,1790329844314427417,2011152682,0,Internal error occurred: failed to generate token: while signing jwt: rpc error: code = Unavailable desc = token signing failed: threshold not met
T3of5-strict-L20ms-c50-emulated,723,1790329844335460240,2023148027,0,Internal error occurred: failed to generate token: while signing jwt: rpc error: code = Unavailable desc = token signing failed: threshold not met
T3of5-strict-L20ms-c50-emulated,724,1790329844335689486,2023103945,0,Internal error occurred: failed to generate token: while signing jwt: rpc error: code = Unavailable desc = token signing failed: threshold not met
T3of5-strict-L20ms-c50-emulated,733,1790329844531496614,1880161494,1,
T3of5-strict-L20ms-c50-emulated,725,1790329844405843879,2010509570,0,Internal error occurred: failed to generate token: while signing jwt: rpc error: code = Unavailable desc = token signing failed: threshold not met
T3of5-strict-L20ms-c50-emulated,726,1790329844417137445,2015353532,0,Internal error occurred: failed to generate token: while signing jwt: rpc error: code = Unavailable desc = token signing failed: threshold not met
T3of5-strict-L20ms-c50-emulated,727,1790329844484249346,2019027515,0,Internal error occurred: failed to generate token: while signing jwt: rpc error: code = Unavailable desc = token signing failed: threshold not met
T3of5-strict-L20ms-c50-emulated,729,1790329844496093486,2014106596,0,Internal error occurred: failed to generate token: while signing jwt: rpc error: code = Unavailable desc = token signing failed: threshold not met
T3of5-strict-L20ms-c50-emulated,728,1790329844494851131,2020524449,0,Internal error occurred: failed to generate token: while signing jwt: rpc error: code = Unavailable desc = token signing failed: threshold not met
T3of5-strict-L20ms-c50-emulated,731,1790329844526020787,2029120684,0,Internal error occurred: failed to generate token: while signing jwt: rpc error: code = Unavailable desc = token signing failed: threshold not met
T3of5-strict-L20ms-c50-emulated,730,1790329844525426630,2042786545,0,Internal error occurred: failed to generate token: while signing jwt: rpc error: code = Unavailable desc = token signing failed: threshold not met
T3of5-strict-L20ms-c50-emulated,732,1790329844526403031,2050965619,0,Internal error occurred: failed to generate token: while signing jwt: rpc error: code = Unavailable desc = token signing failed: threshold not met
T3of5-strict-L20ms-c50-emulated,735,1790329844579376206,2009839959,0,Internal error occurred: failed to generate token: while signing jwt: rpc error: code = Unavailable desc = token signing failed: threshold not met
T3of5-strict-L20ms-c50-emulated,737,1790329844579801157,2036157987,0,Internal error occurred: failed to generate token: while signing jwt: rpc error: code = Unavailable desc = token signing failed: threshold not met
T3of5-strict-L20ms-c50-emulated,736,1790329844579614577,2036538605,0,Internal error occurred: failed to generate token: while signing jwt: rpc error: code = Unavailable desc = token signing failed: threshold not met
T3of5-strict-L20ms-c50-emulated,734,1790329844579282291,2037118304,0,Internal error occurred: failed to generate token: while signing jwt: rpc error: code = Unavailable desc = token signing failed: threshold not met
T3of5-strict-L20ms-c50-emulated,740,1790329844580647602,2035899949,0,Internal error occurred: failed to generate token: while signing jwt: rpc error: code = Unavailable desc = token signing failed: threshold not met
T3of5-strict-L20ms-c50-emulated,739,1790329844580257608,2036350692,0,Internal error occurred: failed to generate token: while signing jwt: rpc error: code = Unavailable desc = token signing failed: threshold not met
T3of5-strict-L20ms-c50-emulated,738,1790329844579872948,2036799143,0,Internal error occurred: failed to generate token: while signing jwt: rpc error: code = Unavailable desc = token signing failed: threshold not met
T3of5-strict-L20ms-c50-emulated,741,1790329844589671371,2027127427,0,Internal error occurred: failed to generate token: while signing jwt: rpc error: code = Unavailable desc = token signing failed: threshold not met
T3of5-strict-L20ms-c50-emulated,743,1790329844631641684,2010245787,0,Internal error occurred: failed to generate token: while signing jwt: rpc error: code = Unavailable desc = token signing failed: threshold not met
T3of5-strict-L20ms-c50-emulated,742,1790329844630403579,2011625180,0,Internal error occurred: failed to generate token: while signing jwt: rpc error: code = Unavailable desc = token signing failed: threshold not met
T3of5-strict-L20ms-c50-emulated,745,1790329844657645133,2005973940,0,Internal error occurred: failed to generate token: while signing jwt: rpc error: code = Unavailable desc = token signing failed: threshold not met
T3of5-strict-L20ms-c50-emulated,744,1790329844657395845,2020241290,0,Internal error occurred: failed to generate token: while signing jwt: rpc error: code = Unavailable desc = token signing failed: threshold not met
T3of5-strict-L20ms-c50-emulated,747,1790329844717108368,2011108399,0,Internal error occurred: failed to generate token: while signing jwt: rpc error: code = Unavailable desc = token signing failed: threshold not met
T3of5-strict-L20ms-c50-emulated,746,1790329844717062452,2011864595,0,Internal error occurred: failed to generate token: while signing jwt: rpc error: code = Unavailable desc = token signing failed: threshold not met
T3of5-strict-L20ms-c50-emulated,748,1790329844727475240,2011221689,0,Internal error occurred: failed to generate token: while signing jwt: rpc error: code = Unavailable desc = token signing failed: threshold not met
T3of5-strict-L20ms-c50-emulated,749,1790329844735201072,2012485502,0,Internal error occurred: failed to generate token: while signing jwt: rpc error: code = Unavailable desc = token signing failed: threshold not met
T3of5-strict-L20ms-c50-emulated,753,1790329844742270956,2019089728,0,Internal error occurred: failed to generate token: while signing jwt: rpc error: code = Unavailable desc = token signing failed: threshold not met
T3of5-strict-L20ms-c50-emulated,752,1790329844741870254,2019742842,0,Internal error occurred: failed to generate token: while signing jwt: rpc error: code = Unavailable desc = token signing failed: threshold not met
T3of5-strict-L20ms-c50-emulated,750,1790329844738878387,2023537571,0,Internal error occurred: failed to generate token: while signing jwt: rpc error: code = Unavailable desc = token signing failed: threshold not met
T3of5-strict-L20ms-c50-emulated,754,1790329844742458495,2025980032,0,Internal error occurred: failed to generate token: while signing jwt: rpc error: code = Unavailable desc = token signing failed: threshold not met
T3of5-strict-L20ms-c50-emulated,751,1790329844739925536,2029738678,0,Internal error occurred: failed to generate token: while signing jwt: rpc error: code = Unavailable desc = token signing failed: threshold not met
T3of5-strict-L20ms-c50-emulated,755,1790329844830331265,2008721899,0,Internal error occurred: failed to generate token: while signing jwt: rpc error: code = Unavailable desc = token signing failed: threshold not met
T3of5-strict-L20ms-c50-emulated,756,1790329844846158089,2005025668,0,Internal error occurred: failed to generate token: while signing jwt: rpc error: code = Unavailable desc = token signing failed: threshold not met
T3of5-strict-L20ms-c50-emulated,757,1790329845313762438,2033285258,0,Internal error occurred: failed to generate token: while signing jwt: rpc error: code = Unavailable desc = token signing failed: threshold not met
T3of5-strict-L20ms-c50-emulated,758,1790329845561210432,2007636141,0,Internal error occurred: failed to generate token: while signing jwt: rpc error: code = Unavailable desc = token signing failed: threshold not met
T3of5-strict-L20ms-c50-emulated,759,1790329845595494705,2005757838,0,Internal error occurred: failed to generate token: while signing jwt: rpc error: code = Unavailable desc = token signing failed: threshold not met
T3of5-strict-L20ms-c50-emulated,760,1790329845595494497,2005765422,0,Internal error occurred: failed to generate token: while signing jwt: rpc error: code = Unavailable desc = token signing failed: threshold not met
T3of5-strict-L20ms-c50-emulated,761,1790329845595530079,2005729964,0,Internal error occurred: failed to generate token: while signing jwt: rpc error: code = Unavailable desc = token signing failed: threshold not met
T3of5-strict-L20ms-c50-emulated,762,1790329845958445601,2005633973,0,Internal error occurred: failed to generate token: while signing jwt: rpc error: code = Unavailable desc = token signing failed: threshold not met
T3of5-strict-L20ms-c50-emulated,763,1790329845959462876,2005044817,0,Internal error occurred: failed to generate token: while signing jwt: rpc error: code = Unavailable desc = token signing failed: threshold not met
T3of5-strict-L20ms-c50-emulated,793,1790329846642031051,1367341617,1,
T3of5-strict-L20ms-c50-emulated,764,1790329846165543549,2014366626,0,Internal error occurred: failed to generate token: while signing jwt: rpc error: code = Unavailable desc = token signing failed: threshold not met
T3of5-strict-L20ms-c50-emulated,765,1790329846254595718,2011241221,0,Internal error occurred: failed to generate token: while signing jwt: rpc error: code = Unavailable desc = token signing failed: threshold not met
T3of5-strict-L20ms-c50-emulated,766,1790329846258403781,2007743154,0,Internal error occurred: failed to generate token: while signing jwt: rpc error: code = Unavailable desc = token signing failed: threshold not met
T3of5-strict-L20ms-c50-emulated,767,1790329846258565195,2007742487,0,Internal error occurred: failed to generate token: while signing jwt: rpc error: code = Unavailable desc = token signing failed: threshold not met
T3of5-strict-L20ms-c50-emulated,769,1790329846279187108,2012829946,0,Internal error occurred: failed to generate token: while signing jwt: rpc error: code = Unavailable desc = token signing failed: threshold not met
T3of5-strict-L20ms-c50-emulated,768,1790329846275639249,2016718174,0,Internal error occurred: failed to generate token: while signing jwt: rpc error: code = Unavailable desc = token signing failed: threshold not met
T3of5-strict-L20ms-c50-emulated,770,1790329846325512517,2020834816,0,Internal error occurred: failed to generate token: while signing jwt: rpc error: code = Unavailable desc = token signing failed: threshold not met
T3of5-strict-L20ms-c50-emulated,772,1790329846325581766,2025348575,0,Internal error occurred: failed to generate token: while signing jwt: rpc error: code = Unavailable desc = token signing failed: threshold not met
T3of5-strict-L20ms-c50-emulated,771,1790329846325515934,2035924112,0,Internal error occurred: failed to generate token: while signing jwt: rpc error: code = Unavailable desc = token signing failed: threshold not met
T3of5-strict-L20ms-c50-emulated,773,1790329846358615226,2023592605,0,Internal error occurred: failed to generate token: while signing jwt: rpc error: code = Unavailable desc = token signing failed: threshold not met
T3of5-strict-L20ms-c50-emulated,774,1790329846358796556,2046029989,0,Internal error occurred: failed to generate token: while signing jwt: rpc error: code = Unavailable desc = token signing failed: threshold not met
T3of5-strict-L20ms-c50-emulated,775,1790329846411670984,2024250637,0,Internal error occurred: failed to generate token: while signing jwt: rpc error: code = Unavailable desc = token signing failed: threshold not met
T3of5-strict-L20ms-c50-emulated,777,1790329846432495310,2008649225,0,Internal error occurred: failed to generate token: while signing jwt: rpc error: code = Unavailable desc = token signing failed: threshold not met
T3of5-strict-L20ms-c50-emulated,776,1790329846416362407,2032112884,0,Internal error occurred: failed to generate token: while signing jwt: rpc error: code = Unavailable desc = token signing failed: threshold not met
T3of5-strict-L20ms-c50-emulated,778,1790329846503281569,2032198301,0,Internal error occurred: failed to generate token: while signing jwt: rpc error: code = Unavailable desc = token signing failed: threshold not met
T3of5-strict-L20ms-c50-emulated,780,1790329846515382038,2020483034,0,Internal error occurred: failed to generate token: while signing jwt: rpc error: code = Unavailable desc = token signing failed: threshold not met
T3of5-strict-L20ms-c50-emulated,779,1790329846510208706,2033951773,0,Internal error occurred: failed to generate token: while signing jwt: rpc error: code = Unavailable desc = token signing failed: threshold not met
T3of5-strict-L20ms-c50-emulated,781,1790329846555146388,2009131762,0,Internal error occurred: failed to generate token: while signing jwt: rpc error: code = Unavailable desc = token signing failed: threshold not met
T3of5-strict-L20ms-c50-emulated,783,1790329846577372817,2006600471,0,Internal error occurred: failed to generate token: while signing jwt: rpc error: code = Unavailable desc = token signing failed: threshold not met
T3of5-strict-L20ms-c50-emulated,782,1790329846568218966,2016157022,0,Internal error occurred: failed to generate token: while signing jwt: rpc error: code = Unavailable desc = token signing failed: threshold not met
T3of5-strict-L20ms-c50-emulated,784,1790329846589225498,2010491949,0,Internal error occurred: failed to generate token: while signing jwt: rpc error: code = Unavailable desc = token signing failed: threshold not met
T3of5-strict-L20ms-c50-emulated,789,1790329846616609967,2011839678,0,Internal error occurred: failed to generate token: while signing jwt: rpc error: code = Unavailable desc = token signing failed: threshold not met
T3of5-strict-L20ms-c50-emulated,790,1790329846616673174,2011839344,0,Internal error occurred: failed to generate token: while signing jwt: rpc error: code = Unavailable desc = token signing failed: threshold not met
T3of5-strict-L20ms-c50-emulated,787,1790329846616402512,2013770771,0,Internal error occurred: failed to generate token: while signing jwt: rpc error: code = Unavailable desc = token signing failed: threshold not met
T3of5-strict-L20ms-c50-emulated,788,1790329846616549218,2013758271,0,Internal error occurred: failed to generate token: while signing jwt: rpc error: code = Unavailable desc = token signing failed: threshold not met
T3of5-strict-L20ms-c50-emulated,791,1790329846616800672,2013573524,0,Internal error occurred: failed to generate token: while signing jwt: rpc error: code = Unavailable desc = token signing failed: threshold not met
T3of5-strict-L20ms-c50-emulated,785,1790329846615965477,2014480843,0,Internal error occurred: failed to generate token: while signing jwt: rpc error: code = Unavailable desc = token signing failed: threshold not met
T3of5-strict-L20ms-c50-emulated,786,1790329846616155016,2014347844,0,Internal error occurred: failed to generate token: while signing jwt: rpc error: code = Unavailable desc = token signing failed: threshold not met
T3of5-strict-L20ms-c50-emulated,792,1790329846641891928,2015119417,0,Internal error occurred: failed to generate token: while signing jwt: rpc error: code = Unavailable desc = token signing failed: threshold not met
T3of5-strict-L20ms-c50-emulated,794,1790329846663623448,2021527729,0,Internal error occurred: failed to generate token: while signing jwt: rpc error: code = Unavailable desc = token signing failed: threshold not met
T3of5-strict-L20ms-c50-emulated,795,1790329846677641719,2007796244,0,Internal error occurred: failed to generate token: while signing jwt: rpc error: code = Unavailable desc = token signing failed: threshold not met
T3of5-strict-L20ms-c50-emulated,804,1790329846769667673,1938979162,1,
T3of5-strict-L20ms-c50-emulated,797,1790329846728929506,2005208663,0,Internal error occurred: failed to generate token: while signing jwt: rpc error: code = Unavailable desc = token signing failed: threshold not met
T3of5-strict-L20ms-c50-emulated,796,1790329846728220851,2007605416,0,Internal error occurred: failed to generate token: while signing jwt: rpc error: code = Unavailable desc = token signing failed: threshold not met
T3of5-strict-L20ms-c50-emulated,798,1790329846738723637,2007192506,0,Internal error occurred: failed to generate token: while signing jwt: rpc error: code = Unavailable desc = token signing failed: threshold not met
T3of5-strict-L20ms-c50-emulated,799,1790329846747689991,2022068304,0,Internal error occurred: failed to generate token: while signing jwt: rpc error: code = Unavailable desc = token signing failed: threshold not met
T3of5-strict-L20ms-c50-emulated,801,1790329846761615055,2014300057,0,Internal error occurred: failed to generate token: while signing jwt: rpc error: code = Unavailable desc = token signing failed: threshold not met
T3of5-strict-L20ms-c50-emulated,800,1790329846761366184,2014548845,0,Internal error occurred: failed to generate token: while signing jwt: rpc error: code = Unavailable desc = token signing failed: threshold not met
T3of5-strict-L20ms-c50-emulated,802,1790329846762417958,2021939599,0,Internal error occurred: failed to generate token: while signing jwt: rpc error: code = Unavailable desc = token signing failed: threshold not met
T3of5-strict-L20ms-c50-emulated,803,1790329846768442693,2018723818,0,Internal error occurred: failed to generate token: while signing jwt: rpc error: code = Unavailable desc = token signing failed: threshold not met
T3of5-strict-L20ms-c50-emulated,805,1790329846839057289,2004630049,0,Internal error occurred: failed to generate token: while signing jwt: rpc error: code = Unavailable desc = token signing failed: threshold not met
T3of5-strict-L20ms-c50-emulated,806,1790329846851187715,2004226432,0,Internal error occurred: failed to generate token: while signing jwt: rpc error: code = Unavailable desc = token signing failed: threshold not met
T3of5-strict-L20ms-c50-emulated,807,1790329847347066529,2007262143,0,Internal error occurred: failed to generate token: while signing jwt: rpc error: code = Unavailable desc = token signing failed: threshold not met
T3of5-strict-L20ms-c50-emulated,808,1790329847568857031,2016264667,0,Internal error occurred: failed to generate token: while signing jwt: rpc error: code = Unavailable desc = token signing failed: threshold not met
T3of5-strict-L20ms-c50-emulated,810,1790329847601262835,2003028633,0,Internal error occurred: failed to generate token: while signing jwt: rpc error: code = Unavailable desc = token signing failed: threshold not met
T3of5-strict-L20ms-c50-emulated,809,1790329847601257627,2003125674,0,Internal error occurred: failed to generate token: while signing jwt: rpc error: code = Unavailable desc = token signing failed: threshold not met
T3of5-strict-L20ms-c50-emulated,811,1790329847601262710,2004012159,0,Internal error occurred: failed to generate token: while signing jwt: rpc error: code = Unavailable desc = token signing failed: threshold not met
T3of5-strict-L20ms-c50-emulated,812,1790329847964085824,2004077207,0,Internal error occurred: failed to generate token: while signing jwt: rpc error: code = Unavailable desc = token signing failed: threshold not met
T3of5-strict-L20ms-c50-emulated,813,1790329847964511026,2005978635,0,Internal error occurred: failed to generate token: while signing jwt: rpc error: code = Unavailable desc = token signing failed: threshold not met
T3of5-strict-L20ms-c50-emulated,814,1790329848009379001,2005672974,0,Internal error occurred: failed to generate token: while signing jwt: rpc error: code = Unavailable desc = token signing failed: threshold not met
T3of5-strict-L20ms-c50-emulated,815,1790329848179916550,2009804577,0,Internal error occurred: failed to generate token: while signing jwt: rpc error: code = Unavailable desc = token signing failed: threshold not met
T3of5-strict-L20ms-c50-emulated,817,1790329848266150226,1978258051,1,
T3of5-strict-L20ms-c50-emulated,818,1790329848266310432,2005006990,0,Internal error occurred: failed to generate token: while signing jwt: rpc error: code = Unavailable desc = token signing failed: threshold not met
T3of5-strict-L20ms-c50-emulated,816,1790329848265846356,2005624814,0,Internal error occurred: failed to generate token: while signing jwt: rpc error: code = Unavailable desc = token signing failed: threshold not met
T3of5-strict-L20ms-c50-emulated,820,1790329848292363006,2011751381,0,Internal error occurred: failed to generate token: while signing jwt: rpc error: code = Unavailable desc = token signing failed: threshold not met
T3of5-strict-L20ms-c50-emulated,819,1790329848292027053,2012088292,0,Internal error occurred: failed to generate token: while signing jwt: rpc error: code = Unavailable desc = token signing failed: threshold not met
T3of5-strict-L20ms-c50-emulated,821,1790329848346357375,2012173208,0,Internal error occurred: failed to generate token: while signing jwt: rpc error: code = Unavailable desc = token signing failed: threshold not met
T3of5-strict-L20ms-c50-emulated,822,1790329848350937592,2015504195,0,Internal error occurred: failed to generate token: while signing jwt: rpc error: code = Unavailable desc = token signing failed: threshold not met
T3of5-strict-L20ms-c50-emulated,823,1790329848361446670,2014203217,0,Internal error occurred: failed to generate token: while signing jwt: rpc error: code = Unavailable desc = token signing failed: threshold not met
T3of5-strict-L20ms-c50-emulated,824,1790329848382216956,2017031338,0,Internal error occurred: failed to generate token: while signing jwt: rpc error: code = Unavailable desc = token signing failed: threshold not met
T3of5-strict-L20ms-c50-emulated,825,1790329848404838420,2019388216,0,Internal error occurred: failed to generate token: while signing jwt: rpc error: code = Unavailable desc = token signing failed: threshold not met
T3of5-strict-L20ms-c50-emulated,826,1790329848435928412,2012164836,0,Internal error occurred: failed to generate token: while signing jwt: rpc error: code = Unavailable desc = token signing failed: threshold not met
T3of5-strict-L20ms-c50-emulated,827,1790329848441149035,2019695296,0,Internal error occurred: failed to generate token: while signing jwt: rpc error: code = Unavailable desc = token signing failed: threshold not met
T3of5-strict-L20ms-c50-emulated,828,1790329848448479707,2012851324,0,Internal error occurred: failed to generate token: while signing jwt: rpc error: code = Unavailable desc = token signing failed: threshold not met
T3of5-strict-L20ms-c50-emulated,829,1790329848535489204,2010753027,0,Internal error occurred: failed to generate token: while signing jwt: rpc error: code = Unavailable desc = token signing failed: threshold not met
T3of5-strict-L20ms-c50-emulated,831,1790329848544166979,2013276778,0,Internal error occurred: failed to generate token: while signing jwt: rpc error: code = Unavailable desc = token signing failed: threshold not met
T3of5-strict-L20ms-c50-emulated,830,1790329848535869572,2034320143,0,Internal error occurred: failed to generate token: while signing jwt: rpc error: code = Unavailable desc = token signing failed: threshold not met
T3of5-strict-L20ms-c50-emulated,834,1790329848584379155,2011113189,0,Internal error occurred: failed to generate token: while signing jwt: rpc error: code = Unavailable desc = token signing failed: threshold not met
T3of5-strict-L20ms-c50-emulated,832,1790329848564287567,2034240603,0,Internal error occurred: failed to generate token: while signing jwt: rpc error: code = Unavailable desc = token signing failed: threshold not met
T3of5-strict-L20ms-c50-emulated,833,1790329848583982662,2019319306,0,Internal error occurred: failed to generate token: while signing jwt: rpc error: code = Unavailable desc = token signing failed: threshold not met
T3of5-strict-L20ms-c50-emulated,835,1790329848599726738,2013394235,0,Internal error occurred: failed to generate token: while signing jwt: rpc error: code = Unavailable desc = token signing failed: threshold not met
T3of5-strict-L20ms-c50-emulated,841,1790329848630448445,2012674123,0,Internal error occurred: failed to generate token: while signing jwt: rpc error: code = Unavailable desc = token signing failed: threshold not met
T3of5-strict-L20ms-c50-emulated,842,1790329848630505861,2012755622,0,Internal error occurred: failed to generate token: while signing jwt: rpc error: code = Unavailable desc = token signing failed: threshold not met
T3of5-strict-L20ms-c50-emulated,836,1790329848628465436,2014862128,0,Internal error occurred: failed to generate token: while signing jwt: rpc error: code = Unavailable desc = token signing failed: threshold not met
T3of5-strict-L20ms-c50-emulated,838,1790329848630178449,2013195406,0,Internal error occurred: failed to generate token: while signing jwt: rpc error: code = Unavailable desc = token signing failed: threshold not met
T3of5-strict-L20ms-c50-emulated,839,1790329848630309697,2013139782,0,Internal error occurred: failed to generate token: while signing jwt: rpc error: code = Unavailable desc = token signing failed: threshold not met
T3of5-strict-L20ms-c50-emulated,840,1790329848630376029,2014717256,0,Internal error occurred: failed to generate token: while signing jwt: rpc error: code = Unavailable desc = token signing failed: threshold not met
T3of5-strict-L20ms-c50-emulated,837,1790329848628517435,2016639933,0,Internal error occurred: failed to generate token: while signing jwt: rpc error: code = Unavailable desc = token signing failed: threshold not met
T3of5-strict-L20ms-c50-emulated,843,1790329848657020344,2011538725,0,Internal error occurred: failed to generate token: while signing jwt: rpc error: code = Unavailable desc = token signing failed: threshold not met
T3of5-strict-L20ms-c50-emulated,845,1790329848685442047,2022578337,0,Internal error occurred: failed to generate token: while signing jwt: rpc error: code = Unavailable desc = token signing failed: threshold not met
T3of5-strict-L20ms-c50-emulated,844,1790329848685161968,2023055288,0,Internal error occurred: failed to generate token: while signing jwt: rpc error: code = Unavailable desc = token signing failed: threshold not met
T3of5-strict-L20ms-c50-emulated,846,1790329848708658751,2006601432,0,Internal error occurred: failed to generate token: while signing jwt: rpc error: code = Unavailable desc = token signing failed: threshold not met
T3of5-strict-L20ms-c50-emulated,848,1790329848735833183,2009582092,0,Internal error occurred: failed to generate token: while signing jwt: rpc error: code = Unavailable desc = token signing failed: threshold not met
T3of5-strict-L20ms-c50-emulated,847,1790329848734149418,2015973988,0,Internal error occurred: failed to generate token: while signing jwt: rpc error: code = Unavailable desc = token signing failed: threshold not met
T3of5-strict-L20ms-c50-emulated,849,1790329848745926643,2013348239,0,Internal error occurred: failed to generate token: while signing jwt: rpc error: code = Unavailable desc = token signing failed: threshold not met
T3of5-strict-L20ms-c50-emulated,850,1790329848769767462,2009033018,0,Internal error occurred: failed to generate token: while signing jwt: rpc error: code = Unavailable desc = token signing failed: threshold not met
T3of5-strict-L20ms-c50-emulated,852,1790329848775923778,2006974261,0,Internal error occurred: failed to generate token: while signing jwt: rpc error: code = Unavailable desc = token signing failed: threshold not met
T3of5-strict-L20ms-c50-emulated,851,1790329848775926486,2009726299,0,Internal error occurred: failed to generate token: while signing jwt: rpc error: code = Unavailable desc = token signing failed: threshold not met
T3of5-strict-L20ms-c50-emulated,853,1790329848784367849,2013249325,0,Internal error occurred: failed to generate token: while signing jwt: rpc error: code = Unavailable desc = token signing failed: threshold not met
T3of5-strict-L20ms-c50-emulated,854,1790329848787173344,2017482965,0,Internal error occurred: failed to generate token: while signing jwt: rpc error: code = Unavailable desc = token signing failed: threshold not met
T3of5-strict-L20ms-c50-emulated,855,1790329848843690963,2007367964,0,Internal error occurred: failed to generate token: while signing jwt: rpc error: code = Unavailable desc = token signing failed: threshold not met
T3of5-strict-L20ms-c50-emulated,856,1790329848855417314,2006611060,0,Internal error occurred: failed to generate token: while signing jwt: rpc error: code = Unavailable desc = token signing failed: threshold not met
T3of5-strict-L20ms-c50-emulated,857,1790329849354338214,2006868940,0,Internal error occurred: failed to generate token: while signing jwt: rpc error: code = Unavailable desc = token signing failed: threshold not met
T3of5-strict-L20ms-c50-emulated,858,1790329849585342611,2005289221,0,Internal error occurred: failed to generate token: while signing jwt: rpc error: code = Unavailable desc = token signing failed: threshold not met
T3of5-strict-L20ms-c50-emulated,859,1790329849604294219,2008430003,0,Internal error occurred: failed to generate token: while signing jwt: rpc error: code = Unavailable desc = token signing failed: threshold not met
T3of5-strict-L20ms-c50-emulated,860,1790329849604384175,2008340006,0,Internal error occurred: failed to generate token: while signing jwt: rpc error: code = Unavailable desc = token signing failed: threshold not met
T3of5-strict-L20ms-c50-emulated,861,1790329849605278703,2007448562,0,Internal error occurred: failed to generate token: while signing jwt: rpc error: code = Unavailable desc = token signing failed: threshold not met
T3of5-strict-L20ms-c50-emulated,862,1790329849968168407,2005553267,0,Internal error occurred: failed to generate token: while signing jwt: rpc error: code = Unavailable desc = token signing failed: threshold not met
T3of5-strict-L20ms-c50-emulated,863,1790329849970493952,2011754999,0,Internal error occurred: failed to generate token: while signing jwt: rpc error: code = Unavailable desc = token signing failed: threshold not met
T3of5-strict-L20ms-c50-emulated,864,1790329850015058475,1988488170,1,
T3of5-strict-L20ms-c50-emulated,870,1790329850304119429,1763666755,1,
T3of5-strict-L20ms-c50-emulated,865,1790329850189730460,2006603004,0,Internal error occurred: failed to generate token: while signing jwt: rpc error: code = Unavailable desc = token signing failed: threshold not met
T3of5-strict-L20ms-c50-emulated,866,1790329850244412610,2004473624,0,Internal error occurred: failed to generate token: while signing jwt: rpc error: code = Unavailable desc = token signing failed: threshold not met
T3of5-strict-L20ms-c50-emulated,868,1790329850271472919,2008369061,0,Internal error occurred: failed to generate token: while signing jwt: rpc error: code = Unavailable desc = token signing failed: threshold not met
T3of5-strict-L20ms-c50-emulated,867,1790329850271320588,2008569307,0,Internal error occurred: failed to generate token: while signing jwt: rpc error: code = Unavailable desc = token signing failed: threshold not met
T3of5-strict-L20ms-c50-emulated,869,1790329850304119470,2008326353,0,Internal error occurred: failed to generate token: while signing jwt: rpc error: code = Unavailable desc = token signing failed: threshold not met
T3of5-strict-L20ms-c50-emulated,871,1790329850358537000,2009955119,0,Internal error occurred: failed to generate token: while signing jwt: rpc error: code = Unavailable desc = token signing failed: threshold not met
T3of5-strict-L20ms-c50-emulated,872,1790329850366447537,2013705475,0,Internal error occurred: failed to generate token: while signing jwt: rpc error: code = Unavailable desc = token signing failed: threshold not met
T3of5-strict-L20ms-c50-emulated,873,1790329850375655220,2014039470,0,Internal error occurred: failed to generate token: while signing jwt: rpc error: code = Unavailable desc = token signing failed: threshold not met
T3of5-strict-L20ms-c50-emulated,874,1790329850399252252,2009128259,0,Internal error occurred: failed to generate token: while signing jwt: rpc error: code = Unavailable desc = token signing failed: threshold not met
T3of5-strict-L20ms-c50-emulated,875,1790329850424230803,2007368413,0,Internal error occurred: failed to generate token: while signing jwt: rpc error: code = Unavailable desc = token signing failed: threshold not met
T3of5-strict-L20ms-c50-emulated,876,1790329850448097873,2006690799,0,Internal error occurred: failed to generate token: while signing jwt: rpc error: code = Unavailable desc = token signing failed: threshold not met
T3of5-strict-L20ms-c50-emulated,878,1790329850461334448,2006974046,0,Internal error occurred: failed to generate token: while signing jwt: rpc error: code = Unavailable desc = token signing failed: threshold not met
T3of5-strict-L20ms-c50-emulated,877,1790329850460848915,2007816324,0,Internal error occurred: failed to generate token: while signing jwt: rpc error: code = Unavailable desc = token signing failed: threshold not met
T3of5-strict-L20ms-c50-emulated,879,1790329850546246689,2006337807,0,Internal error occurred: failed to generate token: while signing jwt: rpc error: code = Unavailable desc = token signing failed: threshold not met
T3of5-strict-L20ms-c50-emulated,880,1790329850557448048,2006468639,0,Internal error occurred: failed to generate token: while signing jwt: rpc error: code = Unavailable desc = token signing failed: threshold not met
T3of5-strict-L20ms-c50-emulated,881,1790329850570193382,2006024813,0,Internal error occurred: failed to generate token: while signing jwt: rpc error: code = Unavailable desc = token signing failed: threshold not met
T3of5-strict-L20ms-c50-emulated,882,1790329850595499219,2009062098,0,Internal error occurred: failed to generate token: while signing jwt: rpc error: code = Unavailable desc = token signing failed: threshold not met
T3of5-strict-L20ms-c50-emulated,883,1790329850598531253,2009966874,0,Internal error occurred: failed to generate token: while signing jwt: rpc error: code = Unavailable desc = token signing failed: threshold not met
T3of5-strict-L20ms-c50-emulated,884,1790329850603305675,2010153580,0,Internal error occurred: failed to generate token: while signing jwt: rpc error: code = Unavailable desc = token signing failed: threshold not met
T3of5-strict-L20ms-c50-emulated,885,1790329850613124432,2006993465,0,Internal error occurred: failed to generate token: while signing jwt: rpc error: code = Unavailable desc = token signing failed: threshold not met
T3of5-strict-L20ms-c50-emulated,889,1790329850643374814,2024525013,0,Internal error occurred: failed to generate token: while signing jwt: rpc error: code = Unavailable desc = token signing failed: threshold not met
T3of5-strict-L20ms-c50-emulated,891,1790329850645095327,2023193910,0,Internal error occurred: failed to generate token: while signing jwt: rpc error: code = Unavailable desc = token signing failed: threshold not met
T3of5-strict-L20ms-c50-emulated,888,1790329850643328523,2025055463,0,Internal error occurred: failed to generate token: while signing jwt: rpc error: code = Unavailable desc = token signing failed: threshold not met
T3of5-strict-L20ms-c50-emulated,890,1790329850643451229,2025462956,0,Internal error occurred: failed to generate token: while signing jwt: rpc error: code = Unavailable desc = token signing failed: threshold not met
T3of5-strict-L20ms-c50-emulated,886,1790329850643127109,2028385742,0,Internal error occurred: failed to generate token: while signing jwt: rpc error: code = Unavailable desc = token signing failed: threshold not met
T3of5-strict-L20ms-c50-emulated,887,1790329850643263024,2028332577,0,Internal error occurred: failed to generate token: while signing jwt: rpc error: code = Unavailable desc = token signing failed: threshold not met
T3of5-strict-L20ms-c50-emulated,892,1790329850645158576,2026509689,0,Internal error occurred: failed to generate token: while signing jwt: rpc error: code = Unavailable desc = token signing failed: threshold not met
T3of5-strict-L20ms-c50-emulated,893,1790329850668563653,2008114573,0,Internal error occurred: failed to generate token: while signing jwt: rpc error: code = Unavailable desc = token signing failed: threshold not met
T3of5-strict-L20ms-c50-emulated,895,1790329850708222214,2026949767,0,Internal error occurred: failed to generate token: while signing jwt: rpc error: code = Unavailable desc = token signing failed: threshold not met
T3of5-strict-L20ms-c50-emulated,894,1790329850708025968,2027378760,0,Internal error occurred: failed to generate token: while signing jwt: rpc error: code = Unavailable desc = token signing failed: threshold not met
T3of5-strict-L20ms-c50-emulated,896,1790329850715268308,2021438940,0,Internal error occurred: failed to generate token: while signing jwt: rpc error: code = Unavailable desc = token signing failed: threshold not met
T3of5-strict-L20ms-c50-emulated,897,1790329850745420816,2015317749,0,Internal error occurred: failed to generate token: while signing jwt: rpc error: code = Unavailable desc = token signing failed: threshold not met
T3of5-strict-L20ms-c50-emulated,898,1790329850750127906,2024286645,0,Internal error occurred: failed to generate token: while signing jwt: rpc error: code = Unavailable desc = token signing failed: threshold not met
T3of5-strict-L20ms-c50-emulated,899,1790329850759281299,2015391456,0,Internal error occurred: failed to generate token: while signing jwt: rpc error: code = Unavailable desc = token signing failed: threshold not met
T3of5-strict-L20ms-c50-emulated,900,1790329850778805980,2008026618,0,Internal error occurred: failed to generate token: while signing jwt: rpc error: code = Unavailable desc = token signing failed: threshold not met
T3of5-strict-L20ms-c50-emulated,901,1790329850782904038,2011345273,0,Internal error occurred: failed to generate token: while signing jwt: rpc error: code = Unavailable desc = token signing failed: threshold not met
T3of5-strict-L20ms-c50-emulated,902,1790329850785657202,2011129859,0,Internal error occurred: failed to generate token: while signing jwt: rpc error: code = Unavailable desc = token signing failed: threshold not met
T3of5-strict-L20ms-c50-emulated,903,1790329850797623090,2018850442,0,Internal error occurred: failed to generate token: while signing jwt: rpc error: code = Unavailable desc = token signing failed: threshold not met
T3of5-strict-L20ms-c50-emulated,904,1790329850804663142,2012195801,0,Internal error occurred: failed to generate token: while signing jwt: rpc error: code = Unavailable desc = token signing failed: threshold not met
T3of5-strict-L20ms-c50-emulated,906,1790329850862032457,2003590192,0,Internal error occurred: failed to generate token: while signing jwt: rpc error: code = Unavailable desc = token signing failed: threshold not met
T3of5-strict-L20ms-c50-emulated,905,1790329850851063510,2018351077,0,Internal error occurred: failed to generate token: while signing jwt: rpc error: code = Unavailable desc = token signing failed: threshold not met
T3of5-strict-L20ms-c50-emulated,907,1790329851361217029,2010256969,0,Internal error occurred: failed to generate token: while signing jwt: rpc error: code = Unavailable desc = token signing failed: threshold not met
T3of5-strict-L20ms-c50-emulated,908,1790329851590638624,2005772880,0,Internal error occurred: failed to generate token: while signing jwt: rpc error: code = Unavailable desc = token signing failed: threshold not met
T3of5-strict-L20ms-c50-emulated,911,1790329851612729972,2011076252,0,Internal error occurred: failed to generate token: while signing jwt: rpc error: code = Unavailable desc = token signing failed: threshold not met
T3of5-strict-L20ms-c50-emulated,909,1790329851612729722,2013772501,0,Internal error occurred: failed to generate token: while signing jwt: rpc error: code = Unavailable desc = token signing failed: threshold not met
T3of5-strict-L20ms-c50-emulated,910,1790329851612729681,2014131786,0,Internal error occurred: failed to generate token: while signing jwt: rpc error: code = Unavailable desc = token signing failed: threshold not met
T3of5-strict-L20ms-c50-emulated,912,1790329851973726465,2011126134,0,Internal error occurred: failed to generate token: while signing jwt: rpc error: code = Unavailable desc = token signing failed: threshold not met
T3of5-strict-L20ms-c50-emulated,913,1790329851982253993,2005404519,0,Internal error occurred: failed to generate token: while signing jwt: rpc error: code = Unavailable desc = token signing failed: threshold not met
T3of5-strict-L20ms-c50-emulated,914,1790329852003552937,2004328995,0,Internal error occurred: failed to generate token: while signing jwt: rpc error: code = Unavailable desc = token signing failed: threshold not met
T3of5-strict-L20ms-c50-emulated,915,1790329852067792599,2005592393,0,Internal error occurred: failed to generate token: while signing jwt: rpc error: code = Unavailable desc = token signing failed: threshold not met
T3of5-strict-L20ms-c50-emulated,916,1790329852196344089,2006503797,0,Internal error occurred: failed to generate token: while signing jwt: rpc error: code = Unavailable desc = token signing failed: threshold not met
T3of5-strict-L20ms-c50-emulated,917,1790329852248890400,2004578705,0,Internal error occurred: failed to generate token: while signing jwt: rpc error: code = Unavailable desc = token signing failed: threshold not met
T3of5-strict-L20ms-c50-emulated,919,1790329852279892395,2004425999,0,Internal error occurred: failed to generate token: while signing jwt: rpc error: code = Unavailable desc = token signing failed: threshold not met
T3of5-strict-L20ms-c50-emulated,918,1790329852279846688,2004474291,0,Internal error occurred: failed to generate token: while signing jwt: rpc error: code = Unavailable desc = token signing failed: threshold not met
T3of5-strict-L20ms-c50-emulated,920,1790329852312451824,2008038941,0,Internal error occurred: failed to generate token: while signing jwt: rpc error: code = Unavailable desc = token signing failed: threshold not met
T3of5-strict-L20ms-c50-emulated,921,1790329852368498411,2004779704,0,Internal error occurred: failed to generate token: while signing jwt: rpc error: code = Unavailable desc = token signing failed: threshold not met
T3of5-strict-L20ms-c50-emulated,922,1790329852380159804,2017597870,0,Internal error occurred: failed to generate token: while signing jwt: rpc error: code = Unavailable desc = token signing failed: threshold not met
T3of5-strict-L20ms-c50-emulated,923,1790329852389703440,2011262266,0,Internal error occurred: failed to generate token: while signing jwt: rpc error: code = Unavailable desc = token signing failed: threshold not met
T3of5-strict-L20ms-c50-emulated,924,1790329852408390595,2009890955,0,Internal error occurred: failed to generate token: while signing jwt: rpc error: code = Unavailable desc = token signing failed: threshold not met
T3of5-strict-L20ms-c50-emulated,925,1790329852431608050,2010678234,0,Internal error occurred: failed to generate token: while signing jwt: rpc error: code = Unavailable desc = token signing failed: threshold not met
T3of5-strict-L20ms-c50-emulated,926,1790329852454796964,2011777925,0,Internal error occurred: failed to generate token: while signing jwt: rpc error: code = Unavailable desc = token signing failed: threshold not met
T3of5-strict-L20ms-c50-emulated,927,1790329852468315452,2010883148,0,Internal error occurred: failed to generate token: while signing jwt: rpc error: code = Unavailable desc = token signing failed: threshold not met
T3of5-strict-L20ms-c50-emulated,928,1790329852468669446,2016646013,0,Internal error occurred: failed to generate token: while signing jwt: rpc error: code = Unavailable desc = token signing failed: threshold not met
T3of5-strict-L20ms-c50-emulated,929,1790329852552593955,2012003923,0,Internal error occurred: failed to generate token: while signing jwt: rpc error: code = Unavailable desc = token signing failed: threshold not met
T3of5-strict-L20ms-c50-emulated,930,1790329852563927895,2012457332,0,Internal error occurred: failed to generate token: while signing jwt: rpc error: code = Unavailable desc = token signing failed: threshold not met
T3of5-strict-L20ms-c50-emulated,931,1790329852576226528,2010067830,0,Internal error occurred: failed to generate token: while signing jwt: rpc error: code = Unavailable desc = token signing failed: threshold not met
T3of5-strict-L20ms-c50-emulated,932,1790329852604570275,2018569735,0,Internal error occurred: failed to generate token: while signing jwt: rpc error: code = Unavailable desc = token signing failed: threshold not met
T3of5-strict-L20ms-c50-emulated,934,1790329852613480796,2019759257,0,Internal error occurred: failed to generate token: while signing jwt: rpc error: code = Unavailable desc = token signing failed: threshold not met
T3of5-strict-L20ms-c50-emulated,933,1790329852608503752,2029943591,0,Internal error occurred: failed to generate token: while signing jwt: rpc error: code = Unavailable desc = token signing failed: threshold not met
T3of5-strict-L20ms-c50-emulated,935,1790329852620124813,2028964565,0,Internal error occurred: failed to generate token: while signing jwt: rpc error: code = Unavailable desc = token signing failed: threshold not met
T3of5-strict-L20ms-c50-emulated,936,1790329852667908243,2021458397,0,Internal error occurred: failed to generate token: while signing jwt: rpc error: code = Unavailable desc = token signing failed: threshold not met
T3of5-strict-L20ms-c50-emulated,938,1790329852668387861,2021219526,0,Internal error occurred: failed to generate token: while signing jwt: rpc error: code = Unavailable desc = token signing failed: threshold not met
T3of5-strict-L20ms-c50-emulated,939,1790329852668917394,2033509201,0,Internal error occurred: failed to generate token: while signing jwt: rpc error: code = Unavailable desc = token signing failed: threshold not met
T3of5-strict-L20ms-c50-emulated,941,1790329852671598058,2031066949,0,Internal error occurred: failed to generate token: while signing jwt: rpc error: code = Unavailable desc = token signing failed: threshold not met
T3of5-strict-L20ms-c50-emulated,937,1790329852668294612,2034504143,0,Internal error occurred: failed to generate token: while signing jwt: rpc error: code = Unavailable desc = token signing failed: threshold not met
T3of5-strict-L20ms-c50-emulated,942,1790329852671670265,2031186947,0,Internal error occurred: failed to generate token: while signing jwt: rpc error: code = Unavailable desc = token signing failed: threshold not met
T3of5-strict-L20ms-c50-emulated,940,1790329852671516726,2031412235,0,Internal error occurred: failed to generate token: while signing jwt: rpc error: code = Unavailable desc = token signing failed: threshold not met
T3of5-strict-L20ms-c50-emulated,943,1790329852676684434,2026424316,0,Internal error occurred: failed to generate token: while signing jwt: rpc error: code = Unavailable desc = token signing failed: threshold not met
T3of5-strict-L20ms-c50-emulated,946,1790329852736711623,2023125037,0,Internal error occurred: failed to generate token: while signing jwt: rpc error: code = Unavailable desc = token signing failed: threshold not met
T3of5-strict-L20ms-c50-emulated,944,1790329852735181398,2027471009,0,Internal error occurred: failed to generate token: while signing jwt: rpc error: code = Unavailable desc = token signing failed: threshold not met
T3of5-strict-L20ms-c50-emulated,945,1790329852735408561,2027393343,0,Internal error occurred: failed to generate token: while signing jwt: rpc error: code = Unavailable desc = token signing failed: threshold not met
T3of5-strict-L20ms-c50-emulated,948,1790329852774424175,2018730194,0,Internal error occurred: failed to generate token: while signing jwt: rpc error: code = Unavailable desc = token signing failed: threshold not met
T3of5-strict-L20ms-c50-emulated,950,1790329852786843806,2006530226,0,Internal error occurred: failed to generate token: while signing jwt: rpc error: code = Unavailable desc = token signing failed: threshold not met
T3of5-strict-L20ms-c50-emulated,947,1790329852760750023,2032709299,0,Internal error occurred: failed to generate token: while signing jwt: rpc error: code = Unavailable desc = token signing failed: threshold not met
T3of5-strict-L20ms-c50-emulated,949,1790329852774676671,2018843608,0,Internal error occurred: failed to generate token: while signing jwt: rpc error: code = Unavailable desc = token signing failed: threshold not met
T3of5-strict-L20ms-c50-emulated,951,1790329852794253686,2007660374,0,Internal error occurred: failed to generate token: while signing jwt: rpc error: code = Unavailable desc = token signing failed: threshold not met
T3of5-strict-L20ms-c50-emulated,952,1790329852796791144,2005570408,0,Internal error occurred: failed to generate token: while signing jwt: rpc error: code = Unavailable desc = token signing failed: threshold not met
T3of5-strict-L20ms-c50-emulated,954,1790329852816862068,2006007359,0,Internal error occurred: failed to generate token: while signing jwt: rpc error: code = Unavailable desc = token signing failed: threshold not met
T3of5-strict-L20ms-c50-emulated,953,1790329852816477782,2006408853,0,Internal error occurred: failed to generate token: while signing jwt: rpc error: code = Unavailable desc = token signing failed: threshold not met
T3of5-strict-L20ms-c50-emulated,955,1790329852865627315,2010156501,0,Internal error occurred: failed to generate token: while signing jwt: rpc error: code = Unavailable desc = token signing failed: threshold not met
T3of5-strict-L20ms-c50-emulated,956,1790329852869417587,2009026687,0,Internal error occurred: failed to generate token: while signing jwt: rpc error: code = Unavailable desc = token signing failed: threshold not met
T3of5-strict-L20ms-c50-emulated,957,1790329853371479873,2005986454,0,Internal error occurred: failed to generate token: while signing jwt: rpc error: code = Unavailable desc = token signing failed: threshold not met
T3of5-strict-L20ms-c50-emulated,958,1790329853596422462,2012731266,0,Internal error occurred: failed to generate token: while signing jwt: rpc error: code = Unavailable desc = token signing failed: threshold not met
T3of5-strict-L20ms-c50-emulated,959,1790329853623827224,2007786722,0,Internal error occurred: failed to generate token: while signing jwt: rpc error: code = Unavailable desc = token signing failed: threshold not met
T3of5-strict-L20ms-c50-emulated,960,1790329853626508056,2006124541,0,Internal error occurred: failed to generate token: while signing jwt: rpc error: code = Unavailable desc = token signing failed: threshold not met
T3of5-strict-L20ms-c50-emulated,961,1790329853626864425,2009612734,0,Internal error occurred: failed to generate token: while signing jwt: rpc error: code = Unavailable desc = token signing failed: threshold not met
T3of5-strict-L20ms-c50-emulated,982,1790329854623149259,1357401557,1,
T3of5-strict-L20ms-c50-emulated,962,1790329853984858265,2004881402,0,Internal error occurred: failed to generate token: while signing jwt: rpc error: code = Unavailable desc = token signing failed: threshold not met
T3of5-strict-L20ms-c50-emulated,963,1790329853987662928,2004670864,0,Internal error occurred: failed to generate token: while signing jwt: rpc error: code = Unavailable desc = token signing failed: threshold not met
T3of5-strict-L20ms-c50-emulated,964,1790329854007884849,2004160164,0,Internal error occurred: failed to generate token: while signing jwt: rpc error: code = Unavailable desc = token signing failed: threshold not met
T3of5-strict-L20ms-c50-emulated,965,1790329854073390325,2004670657,0,Internal error occurred: failed to generate token: while signing jwt: rpc error: code = Unavailable desc = token signing failed: threshold not met
T3of5-strict-L20ms-c50-emulated,966,1790329854202861470,2007638570,0,Internal error occurred: failed to generate token: while signing jwt: rpc error: code = Unavailable desc = token signing failed: threshold not met
T3of5-strict-L20ms-c50-emulated,967,1790329854253479646,2008985882,0,Internal error occurred: failed to generate token: while signing jwt: rpc error: code = Unavailable desc = token signing failed: threshold not met
T3of5-strict-L20ms-c50-emulated,969,1790329854284324103,2004127170,0,Internal error occurred: failed to generate token: while signing jwt: rpc error: code = Unavailable desc = token signing failed: threshold not met
T3of5-strict-L20ms-c50-emulated,968,1790329854284322895,2005170278,0,Internal error occurred: failed to generate token: while signing jwt: rpc error: code = Unavailable desc = token signing failed: threshold not met
T3of5-strict-L20ms-c50-emulated,970,1790329854320497556,2003914508,0,Internal error occurred: failed to generate token: while signing jwt: rpc error: code = Unavailable desc = token signing failed: threshold not met
T3of5-strict-L20ms-c50-emulated,971,1790329854373283698,2005036115,0,Internal error occurred: failed to generate token: while signing jwt: rpc error: code = Unavailable desc = token signing failed: threshold not met
T3of5-strict-L20ms-c50-emulated,972,1790329854397764216,2004899743,0,Internal error occurred: failed to generate token: while signing jwt: rpc error: code = Unavailable desc = token signing failed: threshold not met
T3of5-strict-L20ms-c50-emulated,973,1790329854400971206,2006779463,0,Internal error occurred: failed to generate token: while signing jwt: rpc error: code = Unavailable desc = token signing failed: threshold not met
T3of5-strict-L20ms-c50-emulated,974,1790329854418287216,2007691823,0,Internal error occurred: failed to generate token: while signing jwt: rpc error: code = Unavailable desc = token signing failed: threshold not met
T3of5-strict-L20ms-c50-emulated,975,1790329854442304284,2009244506,0,Internal error occurred: failed to generate token: while signing jwt: rpc error: code = Unavailable desc = token signing failed: threshold not met
T3of5-strict-L20ms-c50-emulated,993,1790329854703113500,1753004549,1,
T3of5-strict-L20ms-c50-emulated,976,1790329854466583930,2012639785,0,Internal error occurred: failed to generate token: while signing jwt: rpc error: code = Unavailable desc = token signing failed: threshold not met
T3of5-strict-L20ms-c50-emulated,977,1790329854479211975,2001620256,1,
T3of5-strict-L20ms-c50-emulated,983,1790329854633248970,1849473731,1,
T3of5-strict-L20ms-c50-emulated,987,1790329854689610053,1815724614,1,
T3of5-strict-L20ms-c50-emulated,978,1790329854485320959,2045707415,0,Internal error occurred: failed to generate token: while signing jwt: rpc error: code = Unavailable desc = token signing failed: threshold not met
T3of5-strict-L20ms-c50-emulated,979,1790329854564607878,2060940337,1,
T3of5-strict-L20ms-c50-emulated,988,1790329854702435344,1923153536,1,
T3of5-strict-L20ms-c50-emulated,986,1790329854689376057,1950068681,1,
T3of5-strict-L20ms-c50-emulated,980,1790329854576394228,2064351364,0,Internal error occurred: failed to generate token: while signing jwt: rpc error: code = Unavailable desc = token signing failed: threshold not met
T3of5-strict-L20ms-c50-emulated,984,1790329854638453302,2004654794,1,
T3of5-strict-L20ms-c50-emulated,985,1790329854649097795,2000338281,1,
T3of5-strict-L20ms-c50-emulated,989,1790329854702667007,1962827891,1,
T3of5-strict-L20ms-c50-emulated,981,1790329854586302650,2086577378,0,Internal error occurred: failed to generate token: while signing jwt: rpc error: code = Unavailable desc = token signing failed: threshold not met
T3of5-strict-L20ms-c50-emulated,996,1790329854762804404,1926164904,1,
T3of5-strict-L20ms-c50-emulated,997,1790329854793163869,1911990636,1,
T3of5-strict-L20ms-c50-emulated,994,1790329854759845619,1951123749,1,
T3of5-strict-L20ms-c50-emulated,991,1790329854702858296,2015976570,1,
T3of5-strict-L20ms-c50-emulated,990,1790329854702800505,2022443589,1,
T3of5-strict-L20ms-c50-emulated,995,1790329854762658948,1986483050,1,
T3of5-strict-L20ms-c50-emulated,998,1790329854793377990,1974053460,1,
T3of5-strict-L20ms-c50-emulated,1000,1790329854793521988,1975668476,1,
T3of5-strict-L20ms-c50-emulated,992,1790329854702931920,2066284211,1,
T3of5-strict-L20ms-c50-emulated,999,1790329854793462072,1976745959,1,
