label,seq,start_unix_ns,latency_ns,ok,error
T-sameregion-optimistic@v2nb-c100,2,1791052715415504339,15875040,0,Internal error occurred: failed to generate token: while signing jwt: rpc error: code = Unavailable desc = token signing failed: threshold not met
T-sameregion-optimistic@v2nb-c100,4,1791052715415747974,25137386,0,Internal error occurred: failed to generate token: while signing jwt: rpc error: code = Unavailable desc = token signing failed: threshold not met
T-sameregion-optimistic@v2nb-c100,5,1791052715415959585,24925464,0,Internal error occurred: failed to generate token: while signing jwt: rpc error: code = Unavailable desc = token signing failed: threshold not met
T-sameregion-optimistic@v2nb-c100,6,1791052715416343588,30252461,0,Internal error occurred: failed to generate token: while signing jwt: rpc error: code = Unavailable desc = token signing failed: threshold not met
T-sameregion-optimistic@v2nb-c100,3,1791052715415628876,31882159,0,Internal error occurred: failed to generate token: while signing jwt: rpc error: code = Unavailable desc = token signing failed: threshold not met
T-sameregion-optimistic@v2nb-c100,7,1791052715416858596,35663111,0,Internal error occurred: failed to generate token: while signing jwt: rpc error: code = Unavailable desc = token signing failed: threshold not met
T-sameregion-optimistic@v2nb-c100,8,1791052715417032131,42168465,0,Internal error occurred: failed to generate token: while signing jwt: rpc error: code = Unavailable desc = token signing failed: threshold not met
T-sameregion-optimistic@v2nb-c100,9,1791052715417189428,87823524,0,Internal error occurred: failed to generate token: while signing jwt: rpc error: code = Unavailable desc = token signing failed: threshold not met
T-sameregion-optimistic@v2nb-c100,34,1791052715418682995,111444121,0,Internal error occurred: failed to generate token: while signing jwt: rpc error: code = Unavailable desc = token signing failed: threshold not met
T-sameregion-optimistic@v2nb-c100,11,1791052715417269186,142270382,0,Internal error occurred: failed to generate token: while signing jwt: rpc error: code = Unavailable desc = token signing failed: threshold not met
T-sameregion-optimistic@v2nb-c100,12,1791052715417345038,142194536,0,Internal error occurred: failed to generate token: while signing jwt: rpc error: code = Unavailable desc = token signing failed: threshold not met
T-sameregion-optimistic@v2nb-c100,33,1791052715418668407,141074342,0,Internal error occurred: failed to generate token: while signing jwt: rpc error: code = Unavailable desc = token signing failed: threshold not met
T-sameregion-optimistic@v2nb-c100,31,1791052715418617412,145205975,0,Internal error occurred: failed to generate token: while signing jwt: rpc error: code = Unavailable desc = token signing failed: threshold not met
T-sameregion-optimistic@v2nb-c100,57,1791052715419388551,144497857,0,Internal error occurred: failed to generate token: while signing jwt: rpc error: code = Unavailable desc = token signing failed: threshold not met
T-sameregion-optimistic@v2nb-c100,65,1791052715419690827,144377220,0,Internal error occurred: failed to generate token: while signing jwt: rpc error: code = Unavailable desc = token signing failed: threshold not met
T-sameregion-optimistic@v2nb-c100,21,1791052715417947220,146330258,0,Internal error occurred: failed to generate token: while signing jwt: rpc error: code = Unavailable desc = token signing failed: threshold not met
T-sameregion-optimistic@v2nb-c100,67,1791052715419750894,144533470,0,Internal error occurred: failed to generate token: while signing jwt: rpc error: code = Unavailable desc = token signing failed: threshold not met
T-sameregion-optimistic@v2nb-c100,100,1791052715421092922,143242939,0,Internal error occurred: failed to generate token: while signing jwt: rpc error: code = Unavailable desc = token signing failed: threshold not met
T-sameregion-optimistic@v2nb-c100,104,1791052715446601914,117781085,0,Internal error occurred: failed to generate token: while signing jwt: rpc error: code = Unavailable desc = token signing failed: threshold not met
T-sameregion-optimistic@v2nb-c100,62,1791052715419587625,145727177,0,Internal error occurred: failed to generate token: while signing jwt: rpc error: code = Unavailable desc = token signing failed: threshold not met
T-sameregion-optimistic@v2nb-c100,44,1791052715418976870,148597621,0,Internal error occurred: failed to generate token: while signing jwt: rpc error: code = Unavailable desc = token signing failed: threshold not met
T-sameregion-optimistic@v2nb-c100,59,1791052715419504694,148586452,0,Internal error occurred: failed to generate token: while signing jwt: rpc error: code = Unavailable desc = token signing failed: threshold not met
T-sameregion-optimistic@v2nb-c100,69,1791052715419831455,148268264,0,Internal error occurred: failed to generate token: while signing jwt: rpc error: code = Unavailable desc = token signing failed: threshold not met
T-sameregion-optimistic@v2nb-c100,71,1791052715419898118,148410940,0,Internal error occurred: failed to generate token: while signing jwt: rpc error: code = Unavailable desc = token signing failed: threshold not met
T-sameregion-optimistic@v2nb-c100,49,1791052715419141996,149232193,0,Internal error occurred: failed to generate token: while signing jwt: rpc error: code = Unavailable desc = token signing failed: threshold not met
T-sameregion-optimistic@v2nb-c100,15,1791052715417493220,153423688,0,Internal error occurred: failed to generate token: while signing jwt: rpc error: code = Unavailable desc = token signing failed: threshold not met
T-sameregion-optimistic@v2nb-c100,28,1791052715418341071,154477169,0,Internal error occurred: failed to generate token: while signing jwt: rpc error: code = Unavailable desc = token signing failed: threshold not met
T-sameregion-optimistic@v2nb-c100,40,1791052715418857343,153960875,0,Internal error occurred: failed to generate token: while signing jwt: rpc error: code = Unavailable desc = token signing failed: threshold not met
T-sameregion-optimistic@v2nb-c100,43,1791052715418940286,154082659,0,Internal error occurred: failed to generate token: while signing jwt: rpc error: code = Unavailable desc = token signing failed: threshold not met
T-sameregion-optimistic@v2nb-c100,39,1791052715418823498,166043996,0,Internal error occurred: failed to generate token: while signing jwt: rpc error: code = Unavailable desc = token signing failed: threshold not met
T-sameregion-optimistic@v2nb-c100,37,1791052715418778816,166791595,0,Internal error occurred: failed to generate token: while signing jwt: rpc error: code = Unavailable desc = token signing failed: threshold not met
T-sameregion-optimistic@v2nb-c100,66,1791052715419694937,176883242,0,Internal error occurred: failed to generate token: while signing jwt: rpc error: code = Unavailable desc = token signing failed: threshold not met
T-sameregion-optimistic@v2nb-c100,30,1791052715418563300,178019670,0,Internal error occurred: failed to generate token: while signing jwt: rpc error: code = Unavailable desc = token signing failed: threshold not met
T-sameregion-optimistic@v2nb-c100,61,1791052715419571608,177757449,0,Internal error occurred: failed to generate token: while signing jwt: rpc error: code = Unavailable desc = token signing failed: threshold not met
T-sameregion-optimistic@v2nb-c100,38,1791052715418788572,178540216,0,Internal error occurred: failed to generate token: while signing jwt: rpc error: code = Unavailable desc = token signing failed: threshold not met
T-sameregion-optimistic@v2nb-c100,60,1791052715419526855,180921409,0,Internal error occurred: failed to generate token: while signing jwt: rpc error: code = Unavailable desc = token signing failed: threshold not met
T-sameregion-optimistic@v2nb-c100,35,1791052715418729239,181952385,0,Internal error occurred: failed to generate token: while signing jwt: rpc error: code = Unavailable desc = token signing failed: threshold not met
T-sameregion-optimistic@v2nb-c100,36,1791052715418734664,182694551,0,Internal error occurred: failed to generate token: while signing jwt: rpc error: code = Unavailable desc = token signing failed: threshold not met
T-sameregion-optimistic@v2nb-c100,42,1791052715418920305,182778741,0,Internal error occurred: failed to generate token: while signing jwt: rpc error: code = Unavailable desc = token signing failed: threshold not met
T-sameregion-optimistic@v2nb-c100,63,1791052715419643604,190608294,0,Internal error occurred: failed to generate token: while signing jwt: rpc error: code = Unavailable desc = token signing failed: threshold not met
T-sameregion-optimistic@v2nb-c100,41,1791052715418876739,192427612,0,Internal error occurred: failed to generate token: while signing jwt: rpc error: code = Unavailable desc = token signing failed: threshold not met
T-sameregion-optimistic@v2nb-c100,29,1791052715418504837,192799554,0,Internal error occurred: failed to generate token: while signing jwt: rpc error: code = Unavailable desc = token signing failed: threshold not met
T-sameregion-optimistic@v2nb-c100,103,1791052715440890713,170568680,0,Internal error occurred: failed to generate token: while signing jwt: rpc error: code = Unavailable desc = token signing failed: threshold not met
T-sameregion-optimistic@v2nb-c100,10,1791052715417203814,194265212,0,Internal error occurred: failed to generate token: while signing jwt: rpc error: code = Unavailable desc = token signing failed: threshold not met
T-sameregion-optimistic@v2nb-c100,58,1791052715419458845,192076404,0,Internal error occurred: failed to generate token: while signing jwt: rpc error: code = Unavailable desc = token signing failed: threshold not met
T-sameregion-optimistic@v2nb-c100,32,1791052715418624200,193044194,0,Internal error occurred: failed to generate token: while signing jwt: rpc error: code = Unavailable desc = token signing failed: threshold not met
T-sameregion-optimistic@v2nb-c100,98,1791052715420986409,190757584,0,Internal error occurred: failed to generate token: while signing jwt: rpc error: code = Unavailable desc = token signing failed: threshold not met
T-sameregion-optimistic@v2nb-c100,1,1791052715415459137,196358608,0,Internal error occurred: failed to generate token: while signing jwt: rpc error: code = Unavailable desc = token signing failed: threshold not met
T-sameregion-optimistic@v2nb-c100,13,1791052715417434917,194457188,0,Internal error occurred: failed to generate token: while signing jwt: rpc error: code = Unavailable desc = token signing failed: threshold not met
T-sameregion-optimistic@v2nb-c100,22,1791052715421191432,190800085,0,Internal error occurred: failed to generate token: while signing jwt: rpc error: code = Unavailable desc = token signing failed: threshold not met
T-sameregion-optimistic@v2nb-c100,64,1791052715419646436,192433936,0,Internal error occurred: failed to generate token: while signing jwt: rpc error: code = Unavailable desc = token signing failed: threshold not met
T-sameregion-optimistic@v2nb-c100,19,1791052715417821147,196174238,0,Internal error occurred: failed to generate token: while signing jwt: rpc error: code = Unavailable desc = token signing failed: threshold not met
T-sameregion-optimistic@v2nb-c100,68,1791052715419820511,204023725,0,Internal error occurred: failed to generate token: while signing jwt: rpc error: code = Unavailable desc = token signing failed: threshold not met
T-sameregion-optimistic@v2nb-c100,99,1791052715421029399,202823534,0,Internal error occurred: failed to generate token: while signing jwt: rpc error: code = Unavailable desc = token signing failed: threshold not met
T-sameregion-optimistic@v2nb-c100,102,1791052715440890705,183040131,0,Internal error occurred: failed to generate token: while signing jwt: rpc error: code = Unavailable desc = token signing failed: threshold not met
T-sameregion-optimistic@v2nb-c100,105,1791052715447516414,176551232,0,Internal error occurred: failed to generate token: while signing jwt: rpc error: code = Unavailable desc = token signing failed: threshold not met
T-sameregion-optimistic@v2nb-c100,92,1791052715420639620,203546795,0,Internal error occurred: failed to generate token: while signing jwt: rpc error: code = Unavailable desc = token signing failed: threshold not met
T-sameregion-optimistic@v2nb-c100,75,1791052715420030276,204196260,0,Internal error occurred: failed to generate token: while signing jwt: rpc error: code = Unavailable desc = token signing failed: threshold not met
T-sameregion-optimistic@v2nb-c100,23,1791052715420722337,203525274,0,Internal error occurred: failed to generate token: while signing jwt: rpc error: code = Unavailable desc = token signing failed: threshold not met
T-sameregion-optimistic@v2nb-c100,14,1791052715417456351,206825783,0,Internal error occurred: failed to generate token: while signing jwt: rpc error: code = Unavailable desc = token signing failed: threshold not met
T-sameregion-optimistic@v2nb-c100,96,1791052715420843747,203474077,0,Internal error occurred: failed to generate token: while signing jwt: rpc error: code = Unavailable desc = token signing failed: threshold not met
T-sameregion-optimistic@v2nb-c100,17,1791052715417659835,206695054,0,Internal error occurred: failed to generate token: while signing jwt: rpc error: code = Unavailable desc = token signing failed: threshold not met
T-sameregion-optimistic@v2nb-c100,26,1791052715420862418,203507260,0,Internal error occurred: failed to generate token: while signing jwt: rpc error: code = Unavailable desc = token signing failed: threshold not met
T-sameregion-optimistic@v2nb-c100,20,1791052715418352193,206055876,0,Internal error occurred: failed to generate token: while signing jwt: rpc error: code = Unavailable desc = token signing failed: threshold not met
T-sameregion-optimistic@v2nb-c100,27,1791052715420921715,203496735,0,Internal error occurred: failed to generate token: while signing jwt: rpc error: code = Unavailable desc = token signing failed: threshold not met
T-sameregion-optimistic@v2nb-c100,51,1791052715419220674,205237729,0,Internal error occurred: failed to generate token: while signing jwt: rpc error: code = Unavailable desc = token signing failed: threshold not met
T-sameregion-optimistic@v2nb-c100,97,1791052715420916250,203573638,0,Internal error occurred: failed to generate token: while signing jwt: rpc error: code = Unavailable desc = token signing failed: threshold not met
T-sameregion-optimistic@v2nb-c100,55,1791052715419344802,205197795,0,Internal error occurred: failed to generate token: while signing jwt: rpc error: code = Unavailable desc = token signing failed: threshold not met
T-sameregion-optimistic@v2nb-c100,45,1791052715419003362,205614064,0,Internal error occurred: failed to generate token: while signing jwt: rpc error: code = Unavailable desc = token signing failed: threshold not met
T-sameregion-optimistic@v2nb-c100,70,1791052715419879575,204798179,0,Internal error occurred: failed to generate token: while signing jwt: rpc error: code = Unavailable desc = token signing failed: threshold not met
T-sameregion-optimistic@v2nb-c100,72,1791052715419942653,204952027,0,Internal error occurred: failed to generate token: while signing jwt: rpc error: code = Unavailable desc = token signing failed: threshold not met
T-sameregion-optimistic@v2nb-c100,46,1791052715419052916,205917030,0,Internal error occurred: failed to generate token: while signing jwt: rpc error: code = Unavailable desc = token signing failed: threshold not met
T-sameregion-optimistic@v2nb-c100,53,1791052715419272179,205960696,0,Internal error occurred: failed to generate token: while signing jwt: rpc error: code = Unavailable desc = token signing failed: threshold not met
T-sameregion-optimistic@v2nb-c100,16,1791052715417527321,207764052,0,Internal error occurred: failed to generate token: while signing jwt: rpc error: code = Unavailable desc = token signing failed: threshold not met
T-sameregion-optimistic@v2nb-c100,56,1791052715419375360,205921625,0,Internal error occurred: failed to generate token: while signing jwt: rpc error: code = Unavailable desc = token signing failed: threshold not met
T-sameregion-optimistic@v2nb-c100,48,1791052715419107984,222786482,0,Internal error occurred: failed to generate token: while signing jwt: rpc error: code = Unavailable desc = token signing failed: threshold not met
T-sameregion-optimistic@v2nb-c100,78,1791052715420099940,221821430,0,Internal error occurred: failed to generate token: while signing jwt: rpc error: code = Unavailable desc = token signing failed: threshold not met
T-sameregion-optimistic@v2nb-c100,89,1791052715420554761,221426554,0,Internal error occurred: failed to generate token: while signing jwt: rpc error: code = Unavailable desc = token signing failed: threshold not met
T-sameregion-optimistic@v2nb-c100,93,1791052715420673825,221365759,0,Internal error occurred: failed to generate token: while signing jwt: rpc error: code = Unavailable desc = token signing failed: threshold not met
T-sameregion-optimistic@v2nb-c100,84,1791052715420364201,221729062,0,Internal error occurred: failed to generate token: while signing jwt: rpc error: code = Unavailable desc = token signing failed: threshold not met
T-sameregion-optimistic@v2nb-c100,80,1791052715420270384,221889442,0,Internal error occurred: failed to generate token: while signing jwt: rpc error: code = Unavailable desc = token signing failed: threshold not met
T-sameregion-optimistic@v2nb-c100,107,1791052715459207485,183112805,0,Internal error occurred: failed to generate token: while signing jwt: rpc error: code = Unavailable desc = token signing failed: threshold not met
T-sameregion-optimistic@v2nb-c100,101,1791052715431384912,211037705,0,Internal error occurred: failed to generate token: while signing jwt: rpc error: code = Unavailable desc = token signing failed: threshold not met
T-sameregion-optimistic@v2nb-c100,50,1791052715419149845,237568176,0,Internal error occurred: failed to generate token: while signing jwt: rpc error: code = Unavailable desc = token signing failed: threshold not met
T-sameregion-optimistic@v2nb-c100,85,1791052715420411445,236306480,0,Internal error occurred: failed to generate token: while signing jwt: rpc error: code = Unavailable desc = token signing failed: threshold not met
T-sameregion-optimistic@v2nb-c100,81,1791052715420290944,236765268,0,Internal error occurred: failed to generate token: while signing jwt: rpc error: code = Unavailable desc = token signing failed: threshold not met
T-sameregion-optimistic@v2nb-c100,52,1791052715419209795,239903461,0,Internal error occurred: failed to generate token: while signing jwt: rpc error: code = Unavailable desc = token signing failed: threshold not met
T-sameregion-optimistic@v2nb-c100,47,1791052715419054228,240073766,0,Internal error occurred: failed to generate token: while signing jwt: rpc error: code = Unavailable desc = token signing failed: threshold not met
T-sameregion-optimistic@v2nb-c100,76,1791052715420048169,240488565,0,Internal error occurred: failed to generate token: while signing jwt: rpc error: code = Unavailable desc = token signing failed: threshold not met
T-sameregion-optimistic@v2nb-c100,109,1791052715530131977,130836434,0,Internal error occurred: failed to generate token: while signing jwt: rpc error: code = Unavailable desc = token signing failed: threshold not met
T-sameregion-optimistic@v2nb-c100,83,1791052715420359866,241128353,0,Internal error occurred: failed to generate token: while signing jwt: rpc error: code = Unavailable desc = token signing failed: threshold not met
T-sameregion-optimistic@v2nb-c100,73,1791052715419967284,242997495,0,Internal error occurred: failed to generate token: while signing jwt: rpc error: code = Unavailable desc = token signing failed: threshold not met
T-sameregion-optimistic@v2nb-c100,87,1791052715420473764,244797132,0,Internal error occurred: failed to generate token: while signing jwt: rpc error: code = Unavailable desc = token signing failed: threshold not met
T-sameregion-optimistic@v2nb-c100,54,1791052715419279793,245995509,0,Internal error occurred: failed to generate token: while signing jwt: rpc error: code = Unavailable desc = token signing failed: threshold not met
T-sameregion-optimistic@v2nb-c100,82,1791052715420317208,245248229,0,Internal error occurred: failed to generate token: while signing jwt: rpc error: code = Unavailable desc = token signing failed: threshold not met
T-sameregion-optimistic@v2nb-c100,88,1791052715420504830,247983666,0,Internal error occurred: failed to generate token: while signing jwt: rpc error: code = Unavailable desc = token signing failed: threshold not met
T-sameregion-optimistic@v2nb-c100,18,1791052715417735639,250752816,0,Internal error occurred: failed to generate token: while signing jwt: rpc error: code = Unavailable desc = token signing failed: threshold not met
T-sameregion-optimistic@v2nb-c100,79,1791052715420215965,248322119,0,Internal error occurred: failed to generate token: while signing jwt: rpc error: code = Unavailable desc = token signing failed: threshold not met
T-sameregion-optimistic@v2nb-c100,24,1791052715420769709,247893011,0,Internal error occurred: failed to generate token: while signing jwt: rpc error: code = Unavailable desc = token signing failed: threshold not met
T-sameregion-optimistic@v2nb-c100,90,1791052715420589733,248123267,0,Internal error occurred: failed to generate token: while signing jwt: rpc error: code = Unavailable desc = token signing failed: threshold not met
T-sameregion-optimistic@v2nb-c100,148,1791052715611819136,65798157,0,Internal error occurred: failed to generate token: while signing jwt: rpc error: code = Unavailable desc = token signing failed: threshold not met
T-sameregion-optimistic@v2nb-c100,137,1791052715600684628,77372218,0,Internal error occurred: failed to generate token: while signing jwt: rpc error: code = Unavailable desc = token signing failed: threshold not met
T-sameregion-optimistic@v2nb-c100,138,1791052715601448550,81593058,0,Internal error occurred: failed to generate token: while signing jwt: rpc error: code = Unavailable desc = token signing failed: threshold not met
T-sameregion-optimistic@v2nb-c100,146,1791052715611671154,71381526,0,Internal error occurred: failed to generate token: while signing jwt: rpc error: code = Unavailable desc = token signing failed: threshold not met
T-sameregion-optimistic@v2nb-c100,142,1791052715611308351,72105401,0,Internal error occurred: failed to generate token: while signing jwt: rpc error: code = Unavailable desc = token signing failed: threshold not met
T-sameregion-optimistic@v2nb-c100,139,1791052715601702148,85234588,0,Internal error occurred: failed to generate token: while signing jwt: rpc error: code = Unavailable desc = token signing failed: threshold not met
T-sameregion-optimistic@v2nb-c100,144,1791052715611471277,75812019,0,Internal error occurred: failed to generate token: while signing jwt: rpc error: code = Unavailable desc = token signing failed: threshold not met
T-sameregion-optimistic@v2nb-c100,140,1791052715610258892,79408066,0,Internal error occurred: failed to generate token: while signing jwt: rpc error: code = Unavailable desc = token signing failed: threshold not met
T-sameregion-optimistic@v2nb-c100,86,1791052715420438797,270300627,0,Internal error occurred: failed to generate token: while signing jwt: rpc error: code = Unavailable desc = token signing failed: threshold not met
T-sameregion-optimistic@v2nb-c100,118,1791052715564338110,127518209,0,Internal error occurred: failed to generate token: while signing jwt: rpc error: code = Unavailable desc = token signing failed: threshold not met
T-sameregion-optimistic@v2nb-c100,110,1791052715559544700,133154660,0,Internal error occurred: failed to generate token: while signing jwt: rpc error: code = Unavailable desc = token signing failed: threshold not met
T-sameregion-optimistic@v2nb-c100,115,1791052715564080095,128622929,0,Internal error occurred: failed to generate token: while signing jwt: rpc error: code = Unavailable desc = token signing failed: threshold not met
T-sameregion-optimistic@v2nb-c100,136,1791052715600469628,94481253,0,Internal error occurred: failed to generate token: while signing jwt: rpc error: code = Unavailable desc = token signing failed: threshold not met
T-sameregion-optimistic@v2nb-c100,124,1791052715568311536,126639367,0,Internal error occurred: failed to generate token: while signing jwt: rpc error: code = Unavailable desc = token signing failed: threshold not met
T-sameregion-optimistic@v2nb-c100,74,1791052715419998631,283559892,0,Internal error occurred: failed to generate token: while signing jwt: rpc error: code = Unavailable desc = token signing failed: threshold not met
T-sameregion-optimistic@v2nb-c100,25,1791052715420813428,282973946,0,Internal error occurred: failed to generate token: while signing jwt: rpc error: code = Unavailable desc = token signing failed: threshold not met
T-sameregion-optimistic@v2nb-c100,95,1791052715420776130,283063035,0,Internal error occurred: failed to generate token: while signing jwt: rpc error: code = Unavailable desc = token signing failed: threshold not met
T-sameregion-optimistic@v2nb-c100,106,1791052715452527017,251410287,0,Internal error occurred: failed to generate token: while signing jwt: rpc error: code = Unavailable desc = token signing failed: threshold not met
T-sameregion-optimistic@v2nb-c100,133,1791052715596586192,107354121,0,Internal error occurred: failed to generate token: while signing jwt: rpc error: code = Unavailable desc = token signing failed: threshold not met
T-sameregion-optimistic@v2nb-c100,113,1791052715563829134,140171329,0,Internal error occurred: failed to generate token: while signing jwt: rpc error: code = Unavailable desc = token signing failed: threshold not met
T-sameregion-optimistic@v2nb-c100,114,1791052715563889354,140116091,0,Internal error occurred: failed to generate token: while signing jwt: rpc error: code = Unavailable desc = token signing failed: threshold not met
T-sameregion-optimistic@v2nb-c100,132,1791052715596583814,107458249,0,Internal error occurred: failed to generate token: while signing jwt: rpc error: code = Unavailable desc = token signing failed: threshold not met
T-sameregion-optimistic@v2nb-c100,134,1791052715597332533,106726715,0,Internal error occurred: failed to generate token: while signing jwt: rpc error: code = Unavailable desc = token signing failed: threshold not met
T-sameregion-optimistic@v2nb-c100,135,1791052715597332736,106774534,0,Internal error occurred: failed to generate token: while signing jwt: rpc error: code = Unavailable desc = token signing failed: threshold not met
T-sameregion-optimistic@v2nb-c100,116,1791052715564280201,139835636,0,Internal error occurred: failed to generate token: while signing jwt: rpc error: code = Unavailable desc = token signing failed: threshold not met
T-sameregion-optimistic@v2nb-c100,117,1791052715564287479,139971644,0,Internal error occurred: failed to generate token: while signing jwt: rpc error: code = Unavailable desc = token signing failed: threshold not met
T-sameregion-optimistic@v2nb-c100,119,1791052715564384764,139924210,0,Internal error occurred: failed to generate token: while signing jwt: rpc error: code = Unavailable desc = token signing failed: threshold not met
T-sameregion-optimistic@v2nb-c100,108,1791052715505018970,199293086,0,Internal error occurred: failed to generate token: while signing jwt: rpc error: code = Unavailable desc = token signing failed: threshold not met
T-sameregion-optimistic@v2nb-c100,121,1791052715567594966,136766842,0,Internal error occurred: failed to generate token: while signing jwt: rpc error: code = Unavailable desc = token signing failed: threshold not met
T-sameregion-optimistic@v2nb-c100,126,1791052715570921511,133445274,0,Internal error occurred: failed to generate token: while signing jwt: rpc error: code = Unavailable desc = token signing failed: threshold not met
T-sameregion-optimistic@v2nb-c100,122,1791052715568094653,136321735,0,Internal error occurred: failed to generate token: while signing jwt: rpc error: code = Unavailable desc = token signing failed: threshold not met
T-sameregion-optimistic@v2nb-c100,128,1791052715572821893,131599455,0,Internal error occurred: failed to generate token: while signing jwt: rpc error: code = Unavailable desc = token signing failed: threshold not met
T-sameregion-optimistic@v2nb-c100,123,1791052715568102369,136365414,0,Internal error occurred: failed to generate token: while signing jwt: rpc error: code = Unavailable desc = token signing failed: threshold not met
T-sameregion-optimistic@v2nb-c100,127,1791052715572821901,131646280,0,Internal error occurred: failed to generate token: while signing jwt: rpc error: code = Unavailable desc = token signing failed: threshold not met
T-sameregion-optimistic@v2nb-c100,125,1791052715568376341,136142024,0,Internal error occurred: failed to generate token: while signing jwt: rpc error: code = Unavailable desc = token signing failed: threshold not met
T-sameregion-optimistic@v2nb-c100,129,1791052715573025489,131493582,0,Internal error occurred: failed to generate token: while signing jwt: rpc error: code = Unavailable desc = token signing failed: threshold not met
T-sameregion-optimistic@v2nb-c100,120,1791052715565320193,139248403,0,Internal error occurred: failed to generate token: while signing jwt: rpc error: code = Unavailable desc = token signing failed: threshold not met
T-sameregion-optimistic@v2nb-c100,111,1791052715559544703,145050994,0,Internal error occurred: failed to generate token: while signing jwt: rpc error: code = Unavailable desc = token signing failed: threshold not met
T-sameregion-optimistic@v2nb-c100,77,1791052715420096941,284516578,0,Internal error occurred: failed to generate token: while signing jwt: rpc error: code = Unavailable desc = token signing failed: threshold not met
T-sameregion-optimistic@v2nb-c100,112,1791052715559746014,144911495,0,Internal error occurred: failed to generate token: while signing jwt: rpc error: code = Unavailable desc = token signing failed: threshold not met
T-sameregion-optimistic@v2nb-c100,91,1791052715420622979,284034489,0,Internal error occurred: failed to generate token: while signing jwt: rpc error: code = Unavailable desc = token signing failed: threshold not met
T-sameregion-optimistic@v2nb-c100,94,1791052715420708921,283993674,0,Internal error occurred: failed to generate token: while signing jwt: rpc error: code = Unavailable desc = token signing failed: threshold not met
T-sameregion-optimistic@v2nb-c100,131,1791052715585574751,119143153,0,Internal error occurred: failed to generate token: while signing jwt: rpc error: code = Unavailable desc = token signing failed: threshold not met
T-sameregion-optimistic@v2nb-c100,130,1791052715584872623,119869862,0,Internal error occurred: failed to generate token: while signing jwt: rpc error: code = Unavailable desc = token signing failed: threshold not met
T-sameregion-optimistic@v2nb-c100,145,1791052715611537151,94409723,0,Internal error occurred: failed to generate token: while signing jwt: rpc error: code = Unavailable desc = token signing failed: threshold not met
T-sameregion-optimistic@v2nb-c100,149,1791052715611894173,101792105,0,Internal error occurred: failed to generate token: while signing jwt: rpc error: code = Unavailable desc = token signing failed: threshold not met
T-sameregion-optimistic@v2nb-c100,147,1791052715611745860,101940424,0,Internal error occurred: failed to generate token: while signing jwt: rpc error: code = Unavailable desc = token signing failed: threshold not met
T-sameregion-optimistic@v2nb-c100,141,1791052715611308087,104310723,0,Internal error occurred: failed to generate token: while signing jwt: rpc error: code = Unavailable desc = token signing failed: threshold not met
T-sameregion-optimistic@v2nb-c100,161,1791052715624319614,95706866,0,Internal error occurred: failed to generate token: while signing jwt: rpc error: code = Unavailable desc = token signing failed: threshold not met
T-sameregion-optimistic@v2nb-c100,150,1791052715611993455,108500105,0,Internal error occurred: failed to generate token: while signing jwt: rpc error: code = Unavailable desc = token signing failed: threshold not met
T-sameregion-optimistic@v2nb-c100,164,1791052715624410338,96229902,0,Internal error occurred: failed to generate token: while signing jwt: rpc error: code = Unavailable desc = token signing failed: threshold not met
T-sameregion-optimistic@v2nb-c100,143,1791052715611461997,113433038,0,Internal error occurred: failed to generate token: while signing jwt: rpc error: code = Unavailable desc = token signing failed: threshold not met
T-sameregion-optimistic@v2nb-c100,156,1791052715624071635,105645996,0,Internal error occurred: failed to generate token: while signing jwt: rpc error: code = Unavailable desc = token signing failed: threshold not met
T-sameregion-optimistic@v2nb-c100,175,1791052715625299107,113570140,0,Internal error occurred: failed to generate token: while signing jwt: rpc error: code = Unavailable desc = token signing failed: threshold not met
T-sameregion-optimistic@v2nb-c100,152,1791052715613998817,124891226,0,Internal error occurred: failed to generate token: while signing jwt: rpc error: code = Unavailable desc = token signing failed: threshold not met
T-sameregion-optimistic@v2nb-c100,159,1791052715624249994,114714618,0,Internal error occurred: failed to generate token: while signing jwt: rpc error: code = Unavailable desc = token signing failed: threshold not met
T-sameregion-optimistic@v2nb-c100,158,1791052715624228890,120470612,0,Internal error occurred: failed to generate token: while signing jwt: rpc error: code = Unavailable desc = token signing failed: threshold not met
T-sameregion-optimistic@v2nb-c100,162,1791052715624357849,124332022,0,Internal error occurred: failed to generate token: while signing jwt: rpc error: code = Unavailable desc = token signing failed: threshold not met
T-sameregion-optimistic@v2nb-c100,153,1791052715623849842,125150318,0,Internal error occurred: failed to generate token: while signing jwt: rpc error: code = Unavailable desc = token signing failed: threshold not met
T-sameregion-optimistic@v2nb-c100,157,1791052715624189130,124965135,0,Internal error occurred: failed to generate token: while signing jwt: rpc error: code = Unavailable desc = token signing failed: threshold not met
T-sameregion-optimistic@v2nb-c100,177,1791052715641924763,107305345,0,Internal error occurred: failed to generate token: while signing jwt: rpc error: code = Unavailable desc = token signing failed: threshold not met
T-sameregion-optimistic@v2nb-c100,183,1791052715642424278,107147994,0,Internal error occurred: failed to generate token: while signing jwt: rpc error: code = Unavailable desc = token signing failed: threshold not met
T-sameregion-optimistic@v2nb-c100,176,1791052715641924651,109126993,0,Internal error occurred: failed to generate token: while signing jwt: rpc error: code = Unavailable desc = token signing failed: threshold not met
T-sameregion-optimistic@v2nb-c100,155,1791052715623932605,127153722,0,Internal error occurred: failed to generate token: while signing jwt: rpc error: code = Unavailable desc = token signing failed: threshold not met
T-sameregion-optimistic@v2nb-c100,172,1791052715624971767,126216201,0,Internal error occurred: failed to generate token: while signing jwt: rpc error: code = Unavailable desc = token signing failed: threshold not met
T-sameregion-optimistic@v2nb-c100,166,1791052715624460223,127624829,0,Internal error occurred: failed to generate token: while signing jwt: rpc error: code = Unavailable desc = token signing failed: threshold not met
T-sameregion-optimistic@v2nb-c100,167,1791052715624491781,127594714,0,Internal error occurred: failed to generate token: while signing jwt: rpc error: code = Unavailable desc = token signing failed: threshold not met
T-sameregion-optimistic@v2nb-c100,151,1791052715612082015,140233539,0,Internal error occurred: failed to generate token: while signing jwt: rpc error: code = Unavailable desc = token signing failed: threshold not met
T-sameregion-optimistic@v2nb-c100,182,1791052715642322702,112858096,0,Internal error occurred: failed to generate token: while signing jwt: rpc error: code = Unavailable desc = token signing failed: threshold not met
T-sameregion-optimistic@v2nb-c100,184,1791052715656723546,100343430,0,Internal error occurred: failed to generate token: while signing jwt: rpc error: code = Unavailable desc = token signing failed: threshold not met
T-sameregion-optimistic@v2nb-c100,160,1791052715624284497,132806914,0,Internal error occurred: failed to generate token: while signing jwt: rpc error: code = Unavailable desc = token signing failed: threshold not met
T-sameregion-optimistic@v2nb-c100,179,1791052715642041207,115198991,0,Internal error occurred: failed to generate token: while signing jwt: rpc error: code = Unavailable desc = token signing failed: threshold not met
T-sameregion-optimistic@v2nb-c100,173,1791052715625236995,132003681,0,Internal error occurred: failed to generate token: while signing jwt: rpc error: code = Unavailable desc = token signing failed: threshold not met
T-sameregion-optimistic@v2nb-c100,180,1791052715642100550,115216011,0,Internal error occurred: failed to generate token: while signing jwt: rpc error: code = Unavailable desc = token signing failed: threshold not met
T-sameregion-optimistic@v2nb-c100,165,1791052715624420322,133034214,0,Internal error occurred: failed to generate token: while signing jwt: rpc error: code = Unavailable desc = token signing failed: threshold not met
T-sameregion-optimistic@v2nb-c100,174,1791052715625294714,132254474,0,Internal error occurred: failed to generate token: while signing jwt: rpc error: code = Unavailable desc = token signing failed: threshold not met
T-sameregion-optimistic@v2nb-c100,181,1791052715642161748,115536760,0,Internal error occurred: failed to generate token: while signing jwt: rpc error: code = Unavailable desc = token signing failed: threshold not met
T-sameregion-optimistic@v2nb-c100,154,1791052715623855181,133866940,0,Internal error occurred: failed to generate token: while signing jwt: rpc error: code = Unavailable desc = token signing failed: threshold not met
T-sameregion-optimistic@v2nb-c100,163,1791052715624371414,133419410,0,Internal error occurred: failed to generate token: while signing jwt: rpc error: code = Unavailable desc = token signing failed: threshold not met
T-sameregion-optimistic@v2nb-c100,169,1791052715624620235,133293476,0,Internal error occurred: failed to generate token: while signing jwt: rpc error: code = Unavailable desc = token signing failed: threshold not met
T-sameregion-optimistic@v2nb-c100,168,1791052715624544411,133375514,0,Internal error occurred: failed to generate token: while signing jwt: rpc error: code = Unavailable desc = token signing failed: threshold not met
T-sameregion-optimistic@v2nb-c100,170,1791052715624697173,133288324,0,Internal error occurred: failed to generate token: while signing jwt: rpc error: code = Unavailable desc = token signing failed: threshold not met
T-sameregion-optimistic@v2nb-c100,178,1791052715641983269,116081452,0,Internal error occurred: failed to generate token: while signing jwt: rpc error: code = Unavailable desc = token signing failed: threshold not met
T-sameregion-optimistic@v2nb-c100,171,1791052715624914243,133294697,0,Internal error occurred: failed to generate token: while signing jwt: rpc error: code = Unavailable desc = token signing failed: threshold not met
T-sameregion-optimistic@v2nb-c100,233,1791052715704469713,64251380,0,Internal error occurred: failed to generate token: while signing jwt: rpc error: code = Unavailable desc = token signing failed: threshold not met
T-sameregion-optimistic@v2nb-c100,216,1791052715703791096,64975054,0,Internal error occurred: failed to generate token: while signing jwt: rpc error: code = Unavailable desc = token signing failed: threshold not met
T-sameregion-optimistic@v2nb-c100,185,1791052715656723548,112455388,0,Internal error occurred: failed to generate token: while signing jwt: rpc error: code = Unavailable desc = token signing failed: threshold not met
T-sameregion-optimistic@v2nb-c100,238,1791052715704606293,64688108,0,Internal error occurred: failed to generate token: while signing jwt: rpc error: code = Unavailable desc = token signing failed: threshold not met
T-sameregion-optimistic@v2nb-c100,220,1791052715704002115,65321226,0,Internal error occurred: failed to generate token: while signing jwt: rpc error: code = Unavailable desc = token signing failed: threshold not met
T-sameregion-optimistic@v2nb-c100,218,1791052715703939873,67373708,0,Internal error occurred: failed to generate token: while signing jwt: rpc error: code = Unavailable desc = token signing failed: threshold not met
T-sameregion-optimistic@v2nb-c100,192,1791052715662967727,108367044,0,Internal error occurred: failed to generate token: while signing jwt: rpc error: code = Unavailable desc = token signing failed: threshold not met
T-sameregion-optimistic@v2nb-c100,219,1791052715703942270,67445580,0,Internal error occurred: failed to generate token: while signing jwt: rpc error: code = Unavailable desc = token signing failed: threshold not met
T-sameregion-optimistic@v2nb-c100,200,1791052715668714935,105859874,0,Internal error occurred: failed to generate token: while signing jwt: rpc error: code = Unavailable desc = token signing failed: threshold not met
T-sameregion-optimistic@v2nb-c100,212,1791052715692705288,81892600,0,Internal error occurred: failed to generate token: while signing jwt: rpc error: code = Unavailable desc = token signing failed: threshold not met
T-sameregion-optimistic@v2nb-c100,227,1791052715704310853,70376334,0,Internal error occurred: failed to generate token: while signing jwt: rpc error: code = Unavailable desc = token signing failed: threshold not met
T-sameregion-optimistic@v2nb-c100,209,1791052715690742538,84078067,0,Internal error occurred: failed to generate token: while signing jwt: rpc error: code = Unavailable desc = token signing failed: threshold not met
T-sameregion-optimistic@v2nb-c100,206,1791052715686942561,87885880,0,Internal error occurred: failed to generate token: while signing jwt: rpc error: code = Unavailable desc = token signing failed: threshold not met
T-sameregion-optimistic@v2nb-c100,225,1791052715704117565,70824332,0,Internal error occurred: failed to generate token: while signing jwt: rpc error: code = Unavailable desc = token signing failed: threshold not met
T-sameregion-optimistic@v2nb-c100,201,1791052715677623000,97318911,0,Internal error occurred: failed to generate token: while signing jwt: rpc error: code = Unavailable desc = token signing failed: threshold not met
T-sameregion-optimistic@v2nb-c100,202,1791052715678060433,96929271,0,Internal error occurred: failed to generate token: while signing jwt: rpc error: code = Unavailable desc = token signing failed: threshold not met
T-sameregion-optimistic@v2nb-c100,230,1791052715704368537,70791362,0,Internal error occurred: failed to generate token: while signing jwt: rpc error: code = Unavailable desc = token signing failed: threshold not met
T-sameregion-optimistic@v2nb-c100,189,1791052715660540036,114638426,0,Internal error occurred: failed to generate token: while signing jwt: rpc error: code = Unavailable desc = token signing failed: threshold not met
T-sameregion-optimistic@v2nb-c100,198,1791052715668539847,106792745,0,Internal error occurred: failed to generate token: while signing jwt: rpc error: code = Unavailable desc = token signing failed: threshold not met
T-sameregion-optimistic@v2nb-c100,194,1791052715665277684,110745999,0,Internal error occurred: failed to generate token: while signing jwt: rpc error: code = Unavailable desc = token signing failed: threshold not met
T-sameregion-optimistic@v2nb-c100,210,1791052715691860073,91189533,0,Internal error occurred: failed to generate token: while signing jwt: rpc error: code = Unavailable desc = token signing failed: threshold not met
T-sameregion-optimistic@v2nb-c100,226,1791052715704261634,79025345,0,Internal error occurred: failed to generate token: while signing jwt: rpc error: code = Unavailable desc = token signing failed: threshold not met
T-sameregion-optimistic@v2nb-c100,203,1791052715683047478,100421818,0,Internal error occurred: failed to generate token: while signing jwt: rpc error: code = Unavailable desc = token signing failed: threshold not met
T-sameregion-optimistic@v2nb-c100,217,1791052715703841899,79628389,0,Internal error occurred: failed to generate token: while signing jwt: rpc error: code = Unavailable desc = token signing failed: threshold not met
T-sameregion-optimistic@v2nb-c100,199,1791052715668664902,115903463,0,Internal error occurred: failed to generate token: while signing jwt: rpc error: code = Unavailable desc = token signing failed: threshold not met
T-sameregion-optimistic@v2nb-c100,215,1791052715703564550,81086235,0,Internal error occurred: failed to generate token: while signing jwt: rpc error: code = Unavailable desc = token signing failed: threshold not met
T-sameregion-optimistic@v2nb-c100,214,1791052715694954141,89751855,0,Internal error occurred: failed to generate token: while signing jwt: rpc error: code = Unavailable desc = token signing failed: threshold not met
T-sameregion-optimistic@v2nb-c100,196,1791052715668492604,116284379,0,Internal error occurred: failed to generate token: while signing jwt: rpc error: code = Unavailable desc = token signing failed: threshold not met
T-sameregion-optimistic@v2nb-c100,190,1791052715660972985,123851431,0,Internal error occurred: failed to generate token: while signing jwt: rpc error: code = Unavailable desc = token signing failed: threshold not met
T-sameregion-optimistic@v2nb-c100,208,1791052715689671342,95204527,0,Internal error occurred: failed to generate token: while signing jwt: rpc error: code = Unavailable desc = token signing failed: threshold not met
T-sameregion-optimistic@v2nb-c100,237,1791052715704570345,80433583,0,Internal error occurred: failed to generate token: while signing jwt: rpc error: code = Unavailable desc = token signing failed: threshold not met
T-sameregion-optimistic@v2nb-c100,236,1791052715704520811,80502870,0,Internal error occurred: failed to generate token: while signing jwt: rpc error: code = Unavailable desc = token signing failed: threshold not met
T-sameregion-optimistic@v2nb-c100,186,1791052715657059590,128131652,0,Internal error occurred: failed to generate token: while signing jwt: rpc error: code = Unavailable desc = token signing failed: threshold not met
T-sameregion-optimistic@v2nb-c100,234,1791052715704470069,85879097,0,Internal error occurred: failed to generate token: while signing jwt: rpc error: code = Unavailable desc = token signing failed: threshold not met
T-sameregion-optimistic@v2nb-c100,223,1791052715704060957,88324091,0,Internal error occurred: failed to generate token: while signing jwt: rpc error: code = Unavailable desc = token signing failed: threshold not met
T-sameregion-optimistic@v2nb-c100,193,1791052715665274653,127126806,0,Internal error occurred: failed to generate token: while signing jwt: rpc error: code = Unavailable desc = token signing failed: threshold not met
T-sameregion-optimistic@v2nb-c100,229,1791052715704363592,90182235,0,Internal error occurred: failed to generate token: while signing jwt: rpc error: code = Unavailable desc = token signing failed: threshold not met
T-sameregion-optimistic@v2nb-c100,191,1791052715661493156,133052690,0,Internal error occurred: failed to generate token: while signing jwt: rpc error: code = Unavailable desc = token signing failed: threshold not met
T-sameregion-optimistic@v2nb-c100,197,1791052715668492545,126381433,0,Internal error occurred: failed to generate token: while signing jwt: rpc error: code = Unavailable desc = token signing failed: threshold not met
T-sameregion-optimistic@v2nb-c100,195,1791052715665568488,129307356,0,Internal error occurred: failed to generate token: while signing jwt: rpc error: code = Unavailable desc = token signing failed: threshold not met
T-sameregion-optimistic@v2nb-c100,204,1791052715683055231,111982585,0,Internal error occurred: failed to generate token: while signing jwt: rpc error: code = Unavailable desc = token signing failed: threshold not met
T-sameregion-optimistic@v2nb-c100,211,1791052715692703543,107742861,0,Internal error occurred: failed to generate token: while signing jwt: rpc error: code = Unavailable desc = token signing failed: threshold not met
T-sameregion-optimistic@v2nb-c100,205,1791052715683416639,117029779,0,Internal error occurred: failed to generate token: while signing jwt: rpc error: code = Unavailable desc = token signing failed: threshold not met
T-sameregion-optimistic@v2nb-c100,188,1791052715659132049,141382309,0,Internal error occurred: failed to generate token: while signing jwt: rpc error: code = Unavailable desc = token signing failed: threshold not met
T-sameregion-optimistic@v2nb-c100,207,1791052715687287038,113309029,0,Internal error occurred: failed to generate token: while signing jwt: rpc error: code = Unavailable desc = token signing failed: threshold not met
T-sameregion-optimistic@v2nb-c100,213,1791052715694954144,105866300,0,Internal error occurred: failed to generate token: while signing jwt: rpc error: code = Unavailable desc = token signing failed: threshold not met
T-sameregion-optimistic@v2nb-c100,221,1791052715704007515,99843155,0,Internal error occurred: failed to generate token: while signing jwt: rpc error: code = Unavailable desc = token signing failed: threshold not met
T-sameregion-optimistic@v2nb-c100,245,1791052715705951413,97902026,0,Internal error occurred: failed to generate token: while signing jwt: rpc error: code = Unavailable desc = token signing failed: threshold not met
T-sameregion-optimistic@v2nb-c100,222,1791052715704043800,103583644,0,Internal error occurred: failed to generate token: while signing jwt: rpc error: code = Unavailable desc = token signing failed: threshold not met
T-sameregion-optimistic@v2nb-c100,252,1791052715724920287,82717863,0,Internal error occurred: failed to generate token: while signing jwt: rpc error: code = Unavailable desc = token signing failed: threshold not met
T-sameregion-optimistic@v2nb-c100,235,1791052715704520008,103333721,0,Internal error occurred: failed to generate token: while signing jwt: rpc error: code = Unavailable desc = token signing failed: threshold not met
T-sameregion-optimistic@v2nb-c100,224,1791052715704109039,107124725,0,Internal error occurred: failed to generate token: while signing jwt: rpc error: code = Unavailable desc = token signing failed: threshold not met
T-sameregion-optimistic@v2nb-c100,241,1791052715704659104,106935656,0,Internal error occurred: failed to generate token: while signing jwt: rpc error: code = Unavailable desc = token signing failed: threshold not met
T-sameregion-optimistic@v2nb-c100,250,1791052715720496861,91979614,0,Internal error occurred: failed to generate token: while signing jwt: rpc error: code = Unavailable desc = token signing failed: threshold not met
T-sameregion-optimistic@v2nb-c100,248,1791052715715623393,97797904,0,Internal error occurred: failed to generate token: while signing jwt: rpc error: code = Unavailable desc = token signing failed: threshold not met
T-sameregion-optimistic@v2nb-c100,240,1791052715704659468,108786642,0,Internal error occurred: failed to generate token: while signing jwt: rpc error: code = Unavailable desc = token signing failed: threshold not met
T-sameregion-optimistic@v2nb-c100,231,1791052715704419217,109103043,0,Internal error occurred: failed to generate token: while signing jwt: rpc error: code = Unavailable desc = token signing failed: threshold not met
T-sameregion-optimistic@v2nb-c100,247,1791052715713692217,100080062,0,Internal error occurred: failed to generate token: while signing jwt: rpc error: code = Unavailable desc = token signing failed: threshold not met
T-sameregion-optimistic@v2nb-c100,243,1791052715704721472,109050820,0,Internal error occurred: failed to generate token: while signing jwt: rpc error: code = Unavailable desc = token signing failed: threshold not met
T-sameregion-optimistic@v2nb-c100,249,1791052715720032714,93920807,0,Internal error occurred: failed to generate token: while signing jwt: rpc error: code = Unavailable desc = token signing failed: threshold not met
T-sameregion-optimistic@v2nb-c100,253,1791052715729723710,84263971,0,Internal error occurred: failed to generate token: while signing jwt: rpc error: code = Unavailable desc = token signing failed: threshold not met
T-sameregion-optimistic@v2nb-c100,232,1791052715704423009,109860002,0,Internal error occurred: failed to generate token: while signing jwt: rpc error: code = Unavailable desc = token signing failed: threshold not met
T-sameregion-optimistic@v2nb-c100,228,1791052715704313887,115446435,0,Internal error occurred: failed to generate token: while signing jwt: rpc error: code = Unavailable desc = token signing failed: threshold not met
T-sameregion-optimistic@v2nb-c100,251,1791052715720642848,102282129,0,Internal error occurred: failed to generate token: while signing jwt: rpc error: code = Unavailable desc = token signing failed: threshold not met
T-sameregion-optimistic@v2nb-c100,239,1791052715704615198,118361411,0,Internal error occurred: failed to generate token: while signing jwt: rpc error: code = Unavailable desc = token signing failed: threshold not met
T-sameregion-optimistic@v2nb-c100,246,1791052715713691858,109575981,0,Internal error occurred: failed to generate token: while signing jwt: rpc error: code = Unavailable desc = token signing failed: threshold not met
T-sameregion-optimistic@v2nb-c100,187,1791052715659117075,164609925,0,Internal error occurred: failed to generate token: while signing jwt: rpc error: code = Unavailable desc = token signing failed: threshold not met
T-sameregion-optimistic@v2nb-c100,257,1791052715744705132,84615891,0,Internal error occurred: failed to generate token: while signing jwt: rpc error: code = Unavailable desc = token signing failed: threshold not met
T-sameregion-optimistic@v2nb-c100,256,1791052715738966294,90358680,0,Internal error occurred: failed to generate token: while signing jwt: rpc error: code = Unavailable desc = token signing failed: threshold not met
T-sameregion-optimistic@v2nb-c100,255,1791052715738892472,90492282,0,Internal error occurred: failed to generate token: while signing jwt: rpc error: code = Unavailable desc = token signing failed: threshold not met
T-sameregion-optimistic@v2nb-c100,258,1791052715748695737,82738937,0,Internal error occurred: failed to generate token: while signing jwt: rpc error: code = Unavailable desc = token signing failed: threshold not met
T-sameregion-optimistic@v2nb-c100,264,1791052715751088970,81187367,0,Internal error occurred: failed to generate token: while signing jwt: rpc error: code = Unavailable desc = token signing failed: threshold not met
T-sameregion-optimistic@v2nb-c100,268,1791052715752318609,80457009,0,Internal error occurred: failed to generate token: while signing jwt: rpc error: code = Unavailable desc = token signing failed: threshold not met
T-sameregion-optimistic@v2nb-c100,265,1791052715751196644,81581710,0,Internal error occurred: failed to generate token: while signing jwt: rpc error: code = Unavailable desc = token signing failed: threshold not met
T-sameregion-optimistic@v2nb-c100,254,1791052715738875470,95499175,0,Internal error occurred: failed to generate token: while signing jwt: rpc error: code = Unavailable desc = token signing failed: threshold not met
T-sameregion-optimistic@v2nb-c100,266,1791052715752088791,83853088,0,Internal error occurred: failed to generate token: while signing jwt: rpc error: code = Unavailable desc = token signing failed: threshold not met
T-sameregion-optimistic@v2nb-c100,244,1791052715704743856,132573341,0,Internal error occurred: failed to generate token: while signing jwt: rpc error: code = Unavailable desc = token signing failed: threshold not met
T-sameregion-optimistic@v2nb-c100,242,1791052715704704232,135088968,0,Internal error occurred: failed to generate token: while signing jwt: rpc error: code = Unavailable desc = token signing failed: threshold not met
T-sameregion-optimistic@v2nb-c100,276,1791052715757551970,84959607,0,Internal error occurred: failed to generate token: while signing jwt: rpc error: code = Unavailable desc = token signing failed: threshold not met
T-sameregion-optimistic@v2nb-c100,279,1791052715757792833,89565876,0,Internal error occurred: failed to generate token: while signing jwt: rpc error: code = Unavailable desc = token signing failed: threshold not met
T-sameregion-optimistic@v2nb-c100,270,1791052715757073132,90341533,0,Internal error occurred: failed to generate token: while signing jwt: rpc error: code = Unavailable desc = token signing failed: threshold not met
T-sameregion-optimistic@v2nb-c100,262,1791052715749575856,98141834,0,Internal error occurred: failed to generate token: while signing jwt: rpc error: code = Unavailable desc = token signing failed: threshold not met
T-sameregion-optimistic@v2nb-c100,263,1791052715751055222,98028499,0,Internal error occurred: failed to generate token: while signing jwt: rpc error: code = Unavailable desc = token signing failed: threshold not met
T-sameregion-optimistic@v2nb-c100,283,1791052715758066360,91195033,0,Internal error occurred: failed to generate token: while signing jwt: rpc error: code = Unavailable desc = token signing failed: threshold not met
T-sameregion-optimistic@v2nb-c100,260,1791052715749157227,100234991,0,Internal error occurred: failed to generate token: while signing jwt: rpc error: code = Unavailable desc = token signing failed: threshold not met
T-sameregion-optimistic@v2nb-c100,267,1791052715752089013,97535550,0,Internal error occurred: failed to generate token: while signing jwt: rpc error: code = Unavailable desc = token signing failed: threshold not met
T-sameregion-optimistic@v2nb-c100,275,1791052715757456509,95054580,0,Internal error occurred: failed to generate token: while signing jwt: rpc error: code = Unavailable desc = token signing failed: threshold not met
T-sameregion-optimistic@v2nb-c100,272,1791052715757242569,95490651,0,Internal error occurred: failed to generate token: while signing jwt: rpc error: code = Unavailable desc = token signing failed: threshold not met
T-sameregion-optimistic@v2nb-c100,261,1791052715749233266,103568210,0,Internal error occurred: failed to generate token: while signing jwt: rpc error: code = Unavailable desc = token signing failed: threshold not met
T-sameregion-optimistic@v2nb-c100,274,1791052715757318670,95704499,0,Internal error occurred: failed to generate token: while signing jwt: rpc error: code = Unavailable desc = token signing failed: threshold not met
T-sameregion-optimistic@v2nb-c100,271,1791052715757093867,97382663,0,Internal error occurred: failed to generate token: while signing jwt: rpc error: code = Unavailable desc = token signing failed: threshold not met
T-sameregion-optimistic@v2nb-c100,282,1791052715757997867,97000684,0,Internal error occurred: failed to generate token: while signing jwt: rpc error: code = Unavailable desc = token signing failed: threshold not met
T-sameregion-optimistic@v2nb-c100,269,1791052715755185471,102156925,0,Internal error occurred: failed to generate token: while signing jwt: rpc error: code = Unavailable desc = token signing failed: threshold not met
T-sameregion-optimistic@v2nb-c100,273,1791052715757245280,100503173,0,Internal error occurred: failed to generate token: while signing jwt: rpc error: code = Unavailable desc = token signing failed: threshold not met
T-sameregion-optimistic@v2nb-c100,280,1791052715757917156,99900135,0,Internal error occurred: failed to generate token: while signing jwt: rpc error: code = Unavailable desc = token signing failed: threshold not met
T-sameregion-optimistic@v2nb-c100,277,1791052715757701315,100162756,0,Internal error occurred: failed to generate token: while signing jwt: rpc error: code = Unavailable desc = token signing failed: threshold not met
T-sameregion-optimistic@v2nb-c100,284,1791052715758213367,99747863,0,Internal error occurred: failed to generate token: while signing jwt: rpc error: code = Unavailable desc = token signing failed: threshold not met
T-sameregion-optimistic@v2nb-c100,259,1791052715749004841,109019481,0,Internal error occurred: failed to generate token: while signing jwt: rpc error: code = Unavailable desc = token signing failed: threshold not met
T-sameregion-optimistic@v2nb-c100,281,1791052715757921942,102724255,0,Internal error occurred: failed to generate token: while signing jwt: rpc error: code = Unavailable desc = token signing failed: threshold not met
T-sameregion-optimistic@v2nb-c100,278,1791052715757724138,103393980,0,Internal error occurred: failed to generate token: while signing jwt: rpc error: code = Unavailable desc = token signing failed: threshold not met
T-sameregion-optimistic@v2nb-c100,290,1791052715771317354,94139057,0,Internal error occurred: failed to generate token: while signing jwt: rpc error: code = Unavailable desc = token signing failed: threshold not met
T-sameregion-optimistic@v2nb-c100,297,1791052715774830778,90656382,0,Internal error occurred: failed to generate token: while signing jwt: rpc error: code = Unavailable desc = token signing failed: threshold not met
T-sameregion-optimistic@v2nb-c100,285,1791052715768726430,96893972,0,Internal error occurred: failed to generate token: while signing jwt: rpc error: code = Unavailable desc = token signing failed: threshold not met
T-sameregion-optimistic@v2nb-c100,306,1791052715783290143,82345361,0,Internal error occurred: failed to generate token: while signing jwt: rpc error: code = Unavailable desc = token signing failed: threshold not met
T-sameregion-optimistic@v2nb-c100,286,1791052715768768795,97039209,0,Internal error occurred: failed to generate token: while signing jwt: rpc error: code = Unavailable desc = token signing failed: threshold not met
T-sameregion-optimistic@v2nb-c100,303,1791052715775335992,94325000,0,Internal error occurred: failed to generate token: while signing jwt: rpc error: code = Unavailable desc = token signing failed: threshold not met
T-sameregion-optimistic@v2nb-c100,294,1791052715774602718,95327386,0,Internal error occurred: failed to generate token: while signing jwt: rpc error: code = Unavailable desc = token signing failed: threshold not met
T-sameregion-optimistic@v2nb-c100,301,1791052715775162873,94790941,0,Internal error occurred: failed to generate token: while signing jwt: rpc error: code = Unavailable desc = token signing failed: threshold not met
T-sameregion-optimistic@v2nb-c100,310,1791052715784653255,85465835,0,Internal error occurred: failed to generate token: while signing jwt: rpc error: code = Unavailable desc = token signing failed: threshold not met
T-sameregion-optimistic@v2nb-c100,312,1791052715784778957,85587031,0,Internal error occurred: failed to generate token: while signing jwt: rpc error: code = Unavailable desc = token signing failed: threshold not met
T-sameregion-optimistic@v2nb-c100,313,1791052715784826971,85545096,0,Internal error occurred: failed to generate token: while signing jwt: rpc error: code = Unavailable desc = token signing failed: threshold not met
T-sameregion-optimistic@v2nb-c100,307,1791052715783472233,88844540,0,Internal error occurred: failed to generate token: while signing jwt: rpc error: code = Unavailable desc = token signing failed: threshold not met
T-sameregion-optimistic@v2nb-c100,295,1791052715774689540,97777102,0,Internal error occurred: failed to generate token: while signing jwt: rpc error: code = Unavailable desc = token signing failed: threshold not met
T-sameregion-optimistic@v2nb-c100,305,1791052715783055023,89429403,0,Internal error occurred: failed to generate token: while signing jwt: rpc error: code = Unavailable desc = token signing failed: threshold not met
T-sameregion-optimistic@v2nb-c100,302,1791052715775180707,98105475,0,Internal error occurred: failed to generate token: while signing jwt: rpc error: code = Unavailable desc = token signing failed: threshold not met
T-sameregion-optimistic@v2nb-c100,308,1791052715783472339,92837175,0,Internal error occurred: failed to generate token: while signing jwt: rpc error: code = Unavailable desc = token signing failed: threshold not met
T-sameregion-optimistic@v2nb-c100,314,1791052715784877997,91593610,0,Internal error occurred: failed to generate token: while signing jwt: rpc error: code = Unavailable desc = token signing failed: threshold not met
T-sameregion-optimistic@v2nb-c100,321,1791052715794550543,82138677,0,Internal error occurred: failed to generate token: while signing jwt: rpc error: code = Unavailable desc = token signing failed: threshold not met
T-sameregion-optimistic@v2nb-c100,319,1791052715792390137,84469950,0,Internal error occurred: failed to generate token: while signing jwt: rpc error: code = Unavailable desc = token signing failed: threshold not met
T-sameregion-optimistic@v2nb-c100,287,1791052715769181834,107679394,0,Internal error occurred: failed to generate token: while signing jwt: rpc error: code = Unavailable desc = token signing failed: threshold not met
T-sameregion-optimistic@v2nb-c100,315,1791052715785006642,91931611,0,Internal error occurred: failed to generate token: while signing jwt: rpc error: code = Unavailable desc = token signing failed: threshold not met
T-sameregion-optimistic@v2nb-c100,293,1791052715774579402,102511247,0,Internal error occurred: failed to generate token: while signing jwt: rpc error: code = Unavailable desc = token signing failed: threshold not met
T-sameregion-optimistic@v2nb-c100,322,1791052715794550548,82541480,0,Internal error occurred: failed to generate token: while signing jwt: rpc error: code = Unavailable desc = token signing failed: threshold not met
T-sameregion-optimistic@v2nb-c100,289,1791052715769326418,107899710,0,Internal error occurred: failed to generate token: while signing jwt: rpc error: code = Unavailable desc = token signing failed: threshold not met
T-sameregion-optimistic@v2nb-c100,332,1791052715803856049,73799997,0,Internal error occurred: failed to generate token: while signing jwt: rpc error: code = Unavailable desc = token signing failed: threshold not met
T-sameregion-optimistic@v2nb-c100,325,1791052715795040547,82743001,0,Internal error occurred: failed to generate token: while signing jwt: rpc error: code = Unavailable desc = token signing failed: threshold not met
T-sameregion-optimistic@v2nb-c100,320,1791052715792405289,88848064,0,Internal error occurred: failed to generate token: while signing jwt: rpc error: code = Unavailable desc = token signing failed: threshold not met
T-sameregion-optimistic@v2nb-c100,318,1791052715790354316,90976579,0,Internal error occurred: failed to generate token: while signing jwt: rpc error: code = Unavailable desc = token signing failed: threshold not met
T-sameregion-optimistic@v2nb-c100,333,1791052715807632265,73708637,0,Internal error occurred: failed to generate token: while signing jwt: rpc error: code = Unavailable desc = token signing failed: threshold not met
T-sameregion-optimistic@v2nb-c100,324,1791052715794877900,86524156,0,Internal error occurred: failed to generate token: while signing jwt: rpc error: code = Unavailable desc = token signing failed: threshold not met
T-sameregion-optimistic@v2nb-c100,326,1791052715800452197,81007119,0,Internal error occurred: failed to generate token: while signing jwt: rpc error: code = Unavailable desc = token signing failed: threshold not met
T-sameregion-optimistic@v2nb-c100,298,1791052715774944211,110196963,0,Internal error occurred: failed to generate token: while signing jwt: rpc error: code = Unavailable desc = token signing failed: threshold not met
T-sameregion-optimistic@v2nb-c100,316,1791052715785025503,102987692,0,Internal error occurred: failed to generate token: while signing jwt: rpc error: code = Unavailable desc = token signing failed: threshold not met
T-sameregion-optimistic@v2nb-c100,296,1791052715774822815,114748910,0,Internal error occurred: failed to generate token: while signing jwt: rpc error: code = Unavailable desc = token signing failed: threshold not met
T-sameregion-optimistic@v2nb-c100,309,1791052715784577628,106413896,0,Internal error occurred: failed to generate token: while signing jwt: rpc error: code = Unavailable desc = token signing failed: threshold not met
T-sameregion-optimistic@v2nb-c100,311,1791052715784708054,107396824,0,Internal error occurred: failed to generate token: while signing jwt: rpc error: code = Unavailable desc = token signing failed: threshold not met
T-sameregion-optimistic@v2nb-c100,300,1791052715774992852,117359732,0,Internal error occurred: failed to generate token: while signing jwt: rpc error: code = Unavailable desc = token signing failed: threshold not met
T-sameregion-optimistic@v2nb-c100,299,1791052715774944411,117748945,0,Internal error occurred: failed to generate token: while signing jwt: rpc error: code = Unavailable desc = token signing failed: threshold not met
T-sameregion-optimistic@v2nb-c100,317,1791052715785193820,109420286,0,Internal error occurred: failed to generate token: while signing jwt: rpc error: code = Unavailable desc = token signing failed: threshold not met
T-sameregion-optimistic@v2nb-c100,345,1791052715813990324,80623884,0,Internal error occurred: failed to generate token: while signing jwt: rpc error: code = Unavailable desc = token signing failed: threshold not met
T-sameregion-optimistic@v2nb-c100,304,1791052715776026473,118668214,0,Internal error occurred: failed to generate token: while signing jwt: rpc error: code = Unavailable desc = token signing failed: threshold not met
T-sameregion-optimistic@v2nb-c100,344,1791052715813956103,82981029,0,Internal error occurred: failed to generate token: while signing jwt: rpc error: code = Unavailable desc = token signing failed: threshold not met
T-sameregion-optimistic@v2nb-c100,336,1791052715811238483,86296428,0,Internal error occurred: failed to generate token: while signing jwt: rpc error: code = Unavailable desc = token signing failed: threshold not met
T-sameregion-optimistic@v2nb-c100,342,1791052715813775305,83771510,0,Internal error occurred: failed to generate token: while signing jwt: rpc error: code = Unavailable desc = token signing failed: threshold not met
T-sameregion-optimistic@v2nb-c100,291,1791052715771337108,128940761,0,Internal error occurred: failed to generate token: while signing jwt: rpc error: code = Unavailable desc = token signing failed: threshold not met
T-sameregion-optimistic@v2nb-c100,330,1791052715800823367,99455944,0,Internal error occurred: failed to generate token: while signing jwt: rpc error: code = Unavailable desc = token signing failed: threshold not met
T-sameregion-optimistic@v2nb-c100,323,1791052715794877890,105599656,0,Internal error occurred: failed to generate token: while signing jwt: rpc error: code = Unavailable desc = token signing failed: threshold not met
T-sameregion-optimistic@v2nb-c100,292,1791052715771389699,129110494,0,Internal error occurred: failed to generate token: while signing jwt: rpc error: code = Unavailable desc = token signing failed: threshold not met
T-sameregion-optimistic@v2nb-c100,327,1791052715800452193,100132453,0,Internal error occurred: failed to generate token: while signing jwt: rpc error: code = Unavailable desc = token signing failed: threshold not met
T-sameregion-optimistic@v2nb-c100,341,1791052715813524328,91085988,0,Internal error occurred: failed to generate token: while signing jwt: rpc error: code = Unavailable desc = token signing failed: threshold not met
T-sameregion-optimistic@v2nb-c100,343,1791052715813775303,94926955,0,Internal error occurred: failed to generate token: while signing jwt: rpc error: code = Unavailable desc = token signing failed: threshold not met
T-sameregion-optimistic@v2nb-c100,335,1791052715807856927,101185868,0,Internal error occurred: failed to generate token: while signing jwt: rpc error: code = Unavailable desc = token signing failed: threshold not met
T-sameregion-optimistic@v2nb-c100,340,1791052715813448604,97678126,0,Internal error occurred: failed to generate token: while signing jwt: rpc error: code = Unavailable desc = token signing failed: threshold not met
T-sameregion-optimistic@v2nb-c100,351,1791052715823730798,87888523,0,Internal error occurred: failed to generate token: while signing jwt: rpc error: code = Unavailable desc = token signing failed: threshold not met
T-sameregion-optimistic@v2nb-c100,346,1791052715814285143,98771571,0,Internal error occurred: failed to generate token: while signing jwt: rpc error: code = Unavailable desc = token signing failed: threshold not met
T-sameregion-optimistic@v2nb-c100,339,1791052715813424728,100809936,0,Internal error occurred: failed to generate token: while signing jwt: rpc error: code = Unavailable desc = token signing failed: threshold not met
T-sameregion-optimistic@v2nb-c100,334,1791052715807640498,107729413,0,Internal error occurred: failed to generate token: while signing jwt: rpc error: code = Unavailable desc = token signing failed: threshold not met
T-sameregion-optimistic@v2nb-c100,338,1791052715812480770,102898976,0,Internal error occurred: failed to generate token: while signing jwt: rpc error: code = Unavailable desc = token signing failed: threshold not met
T-sameregion-optimistic@v2nb-c100,329,1791052715800598032,123923068,0,Internal error occurred: failed to generate token: while signing jwt: rpc error: code = Unavailable desc = token signing failed: threshold not met
T-sameregion-optimistic@v2nb-c100,348,1791052715822931098,101715448,0,Internal error occurred: failed to generate token: while signing jwt: rpc error: code = Unavailable desc = token signing failed: threshold not met
T-sameregion-optimistic@v2nb-c100,288,1791052715769297359,161760333,0,Internal error occurred: failed to generate token: while signing jwt: rpc error: code = Unavailable desc = token signing failed: threshold not met
T-sameregion-optimistic@v2nb-c100,350,1791052715823270682,177247693,0,Internal error occurred: failed to generate token: while signing jwt: rpc error: code = Unavailable desc = token signing failed: threshold not met
T-sameregion-optimistic@v2nb-c100,337,1791052715811599456,188918925,0,Internal error occurred: failed to generate token: while signing jwt: rpc error: code = Unavailable desc = token signing failed: threshold not met
T-sameregion-optimistic@v2nb-c100,328,1791052715800516328,218617137,0,Internal error occurred: failed to generate token: while signing jwt: rpc error: code = Unavailable desc = token signing failed: threshold not met
T-sameregion-optimistic@v2nb-c100,355,1791052715831444074,189988468,0,Internal error occurred: failed to generate token: while signing jwt: rpc error: code = Unavailable desc = token signing failed: threshold not met
T-sameregion-optimistic@v2nb-c100,359,1791052715834378278,187077331,0,Internal error occurred: failed to generate token: while signing jwt: rpc error: code = Unavailable desc = token signing failed: threshold not met
T-sameregion-optimistic@v2nb-c100,352,1791052715829326301,192106260,0,Internal error occurred: failed to generate token: while signing jwt: rpc error: code = Unavailable desc = token signing failed: threshold not met
T-sameregion-optimistic@v2nb-c100,361,1791052715837319789,184413611,0,Internal error occurred: failed to generate token: while signing jwt: rpc error: code = Unavailable desc = token signing failed: threshold not met
T-sameregion-optimistic@v2nb-c100,370,1791052715849628862,177384888,0,Internal error occurred: failed to generate token: while signing jwt: rpc error: code = Unavailable desc = token signing failed: threshold not met
T-sameregion-optimistic@v2nb-c100,388,1791052715865638042,161375705,0,Internal error occurred: failed to generate token: while signing jwt: rpc error: code = Unavailable desc = token signing failed: threshold not met
T-sameregion-optimistic@v2nb-c100,380,1791052715857866511,171298945,0,Internal error occurred: failed to generate token: while signing jwt: rpc error: code = Unavailable desc = token signing failed: threshold not met
T-sameregion-optimistic@v2nb-c100,364,1791052715847362859,184554286,0,Internal error occurred: failed to generate token: while signing jwt: rpc error: code = Unavailable desc = token signing failed: threshold not met
T-sameregion-optimistic@v2nb-c100,387,1791052715865622788,166350756,0,Internal error occurred: failed to generate token: while signing jwt: rpc error: code = Unavailable desc = token signing failed: threshold not met
T-sameregion-optimistic@v2nb-c100,363,1791052715842517088,190200408,0,Internal error occurred: failed to generate token: while signing jwt: rpc error: code = Unavailable desc = token signing failed: threshold not met
T-sameregion-optimistic@v2nb-c100,378,1791052715857751577,180360392,0,Internal error occurred: failed to generate token: while signing jwt: rpc error: code = Unavailable desc = token signing failed: threshold not met
T-sameregion-optimistic@v2nb-c100,414,1791052715881403880,156707165,0,Internal error occurred: failed to generate token: while signing jwt: rpc error: code = Unavailable desc = token signing failed: threshold not met
T-sameregion-optimistic@v2nb-c100,397,1791052715872471263,166162875,0,Internal error occurred: failed to generate token: while signing jwt: rpc error: code = Unavailable desc = token signing failed: threshold not met
T-sameregion-optimistic@v2nb-c100,408,1791052715877228102,161459119,0,Internal error occurred: failed to generate token: while signing jwt: rpc error: code = Unavailable desc = token signing failed: threshold not met
T-sameregion-optimistic@v2nb-c100,438,1791052715911622753,127168702,0,Internal error occurred: failed to generate token: while signing jwt: rpc error: code = Unavailable desc = token signing failed: threshold not met
T-sameregion-optimistic@v2nb-c100,347,1791052715819766936,219193709,0,Internal error occurred: failed to generate token: while signing jwt: rpc error: code = Unavailable desc = token signing failed: threshold not met
T-sameregion-optimistic@v2nb-c100,400,1791052715876312310,162689346,0,Internal error occurred: failed to generate token: while signing jwt: rpc error: code = Unavailable desc = token signing failed: threshold not met
T-sameregion-optimistic@v2nb-c100,393,1791052715870121629,168957901,0,Internal error occurred: failed to generate token: while signing jwt: rpc error: code = Unavailable desc = token signing failed: threshold not met
T-sameregion-optimistic@v2nb-c100,442,1791052715915383988,123737035,0,Internal error occurred: failed to generate token: while signing jwt: rpc error: code = Unavailable desc = token signing failed: threshold not met
T-sameregion-optimistic@v2nb-c100,405,1791052715876940311,162218411,0,Internal error occurred: failed to generate token: while signing jwt: rpc error: code = Unavailable desc = token signing failed: threshold not met
T-sameregion-optimistic@v2nb-c100,406,1791052715877093134,162113206,0,Internal error occurred: failed to generate token: while signing jwt: rpc error: code = Unavailable desc = token signing failed: threshold not met
T-sameregion-optimistic@v2nb-c100,428,1791052715897549381,141658596,0,Internal error occurred: failed to generate token: while signing jwt: rpc error: code = Unavailable desc = token signing failed: threshold not met
T-sameregion-optimistic@v2nb-c100,354,1791052715829387239,209896311,0,Internal error occurred: failed to generate token: while signing jwt: rpc error: code = Unavailable desc = token signing failed: threshold not met
T-sameregion-optimistic@v2nb-c100,362,1791052715839798941,199498593,0,Internal error occurred: failed to generate token: while signing jwt: rpc error: code = Unavailable desc = token signing failed: threshold not met
T-sameregion-optimistic@v2nb-c100,444,1791052715924649576,114694276,0,Internal error occurred: failed to generate token: while signing jwt: rpc error: code = Unavailable desc = token signing failed: threshold not met
T-sameregion-optimistic@v2nb-c100,368,1791052715849263898,190087015,0,Internal error occurred: failed to generate token: while signing jwt: rpc error: code = Unavailable desc = token signing failed: threshold not met
T-sameregion-optimistic@v2nb-c100,418,1791052715889575224,149842292,0,Internal error occurred: failed to generate token: while signing jwt: rpc error: code = Unavailable desc = token signing failed: threshold not met
T-sameregion-optimistic@v2nb-c100,415,1791052715881461196,157978040,0,Internal error occurred: failed to generate token: while signing jwt: rpc error: code = Unavailable desc = token signing failed: threshold not met
T-sameregion-optimistic@v2nb-c100,375,1791052715854479507,185014701,0,Internal error occurred: failed to generate token: while signing jwt: rpc error: code = Unavailable desc = token signing failed: threshold not met
T-sameregion-optimistic@v2nb-c100,436,1791052715909045175,130454053,0,Internal error occurred: failed to generate token: while signing jwt: rpc error: code = Unavailable desc = token signing failed: threshold not met
T-sameregion-optimistic@v2nb-c100,421,1791052715892354960,147209841,0,Internal error occurred: failed to generate token: while signing jwt: rpc error: code = Unavailable desc = token signing failed: threshold not met
T-sameregion-optimistic@v2nb-c100,430,1791052715900281774,139300904,0,Internal error occurred: failed to generate token: while signing jwt: rpc error: code = Unavailable desc = token signing failed: threshold not met
T-sameregion-optimistic@v2nb-c100,382,1791052715858029397,181599076,0,Internal error occurred: failed to generate token: while signing jwt: rpc error: code = Unavailable desc = token signing failed: threshold not met
T-sameregion-optimistic@v2nb-c100,432,1791052715900502950,139126039,0,Internal error occurred: failed to generate token: while signing jwt: rpc error: code = Unavailable desc = token signing failed: threshold not met
T-sameregion-optimistic@v2nb-c100,398,1791052715872486402,167208907,0,Internal error occurred: failed to generate token: while signing jwt: rpc error: code = Unavailable desc = token signing failed: threshold not met
T-sameregion-optimistic@v2nb-c100,390,1791052715869676430,170035288,0,Internal error occurred: failed to generate token: while signing jwt: rpc error: code = Unavailable desc = token signing failed: threshold not met
T-sameregion-optimistic@v2nb-c100,369,1791052715849395936,190397781,0,Internal error occurred: failed to generate token: while signing jwt: rpc error: code = Unavailable desc = token signing failed: threshold not met
T-sameregion-optimistic@v2nb-c100,422,1791052715892695735,147097836,0,Internal error occurred: failed to generate token: while signing jwt: rpc error: code = Unavailable desc = token signing failed: threshold not met
T-sameregion-optimistic@v2nb-c100,358,1791052715832780781,207064600,0,Internal error occurred: failed to generate token: while signing jwt: rpc error: code = Unavailable desc = token signing failed: threshold not met
T-sameregion-optimistic@v2nb-c100,331,1791052715803857248,236006786,0,Internal error occurred: failed to generate token: while signing jwt: rpc error: code = Unavailable desc = token signing failed: threshold not met
T-sameregion-optimistic@v2nb-c100,386,1791052715865489924,174434454,0,Internal error occurred: failed to generate token: while signing jwt: rpc error: code = Unavailable desc = token signing failed: threshold not met
T-sameregion-optimistic@v2nb-c100,392,1791052715869956266,169986975,0,Internal error occurred: failed to generate token: while signing jwt: rpc error: code = Unavailable desc = token signing failed: threshold not met
T-sameregion-optimistic@v2nb-c100,353,1791052715829327352,210692079,0,Internal error occurred: failed to generate token: while signing jwt: rpc error: code = Unavailable desc = token signing failed: threshold not met
T-sameregion-optimistic@v2nb-c100,426,1791052715896942461,142340959,0,Internal error occurred: failed to generate token: while signing jwt: rpc error: code = Unavailable desc = token signing failed: threshold not met
T-sameregion-optimistic@v2nb-c100,441,1791052715915373929,125085424,0,Internal error occurred: failed to generate token: while signing jwt: rpc error: code = Unavailable desc = token signing failed: threshold not met
T-sameregion-optimistic@v2nb-c100,424,1791052715894616893,145995719,0,Internal error occurred: failed to generate token: while signing jwt: rpc error: code = Unavailable desc = token signing failed: threshold not met
T-sameregion-optimistic@v2nb-c100,391,1791052715869932999,170697708,0,Internal error occurred: failed to generate token: while signing jwt: rpc error: code = Unavailable desc = token signing failed: threshold not met
T-sameregion-optimistic@v2nb-c100,407,1791052715877093760,163587736,0,Internal error occurred: failed to generate token: while signing jwt: rpc error: code = Unavailable desc = token signing failed: threshold not met
T-sameregion-optimistic@v2nb-c100,425,1791052715894696569,146039199,0,Internal error occurred: failed to generate token: while signing jwt: rpc error: code = Unavailable desc = token signing failed: threshold not met
T-sameregion-optimistic@v2nb-c100,401,1791052715876473896,164263332,0,Internal error occurred: failed to generate token: while signing jwt: rpc error: code = Unavailable desc = token signing failed: threshold not met
T-sameregion-optimistic@v2nb-c100,429,1791052715900282280,140533986,0,Internal error occurred: failed to generate token: while signing jwt: rpc error: code = Unavailable desc = token signing failed: threshold not met
T-sameregion-optimistic@v2nb-c100,417,1791052715888017605,152803162,0,Internal error occurred: failed to generate token: while signing jwt: rpc error: code = Unavailable desc = token signing failed: threshold not met
T-sameregion-optimistic@v2nb-c100,433,1791052715900587201,140279160,0,Internal error occurred: failed to generate token: while signing jwt: rpc error: code = Unavailable desc = token signing failed: threshold not met
T-sameregion-optimistic@v2nb-c100,396,1791052715872318796,168552311,0,Internal error occurred: failed to generate token: while signing jwt: rpc error: code = Unavailable desc = token signing failed: threshold not met
T-sameregion-optimistic@v2nb-c100,413,1791052715881343097,159927677,0,Internal error occurred: failed to generate token: while signing jwt: rpc error: code = Unavailable desc = token signing failed: threshold not met
T-sameregion-optimistic@v2nb-c100,399,1791052715873289756,186477848,0,Internal error occurred: failed to generate token: while signing jwt: rpc error: code = Unavailable desc = token signing failed: threshold not met
T-sameregion-optimistic@v2nb-c100,404,1791052715876862937,185350974,0,Internal error occurred: failed to generate token: while signing jwt: rpc error: code = Unavailable desc = token signing failed: threshold not met
T-sameregion-optimistic@v2nb-c100,419,1791052715890994898,171288048,0,Internal error occurred: failed to generate token: while signing jwt: rpc error: code = Unavailable desc = token signing failed: threshold not met
T-sameregion-optimistic@v2nb-c100,420,1791052715892108099,170273024,0,Internal error occurred: failed to generate token: while signing jwt: rpc error: code = Unavailable desc = token signing failed: threshold not met
T-sameregion-optimistic@v2nb-c100,403,1791052715876862190,185351723,0,Internal error occurred: failed to generate token: while signing jwt: rpc error: code = Unavailable desc = token signing failed: threshold not met
T-sameregion-optimistic@v2nb-c100,447,1791052716000524291,62025385,0,Internal error occurred: failed to generate token: while signing jwt: rpc error: code = Unavailable desc = token signing failed: threshold not met
T-sameregion-optimistic@v2nb-c100,446,1791052716000524292,62075699,0,Internal error occurred: failed to generate token: while signing jwt: rpc error: code = Unavailable desc = token signing failed: threshold not met
T-sameregion-optimistic@v2nb-c100,412,1791052715881332910,181336436,0,Internal error occurred: failed to generate token: while signing jwt: rpc error: code = Unavailable desc = token signing failed: threshold not met
T-sameregion-optimistic@v2nb-c100,410,1791052715877786294,185745036,0,Internal error occurred: failed to generate token: while signing jwt: rpc error: code = Unavailable desc = token signing failed: threshold not met
T-sameregion-optimistic@v2nb-c100,394,1791052715870369240,193476319,0,Internal error occurred: failed to generate token: while signing jwt: rpc error: code = Unavailable desc = token signing failed: threshold not met
T-sameregion-optimistic@v2nb-c100,427,1791052715897537660,166310425,0,Internal error occurred: failed to generate token: while signing jwt: rpc error: code = Unavailable desc = token signing failed: threshold not met
T-sameregion-optimistic@v2nb-c100,423,1791052715894616782,169313454,0,Internal error occurred: failed to generate token: while signing jwt: rpc error: code = Unavailable desc = token signing failed: threshold not met
T-sameregion-optimistic@v2nb-c100,434,1791052715904614664,159497119,0,Internal error occurred: failed to generate token: while signing jwt: rpc error: code = Unavailable desc = token signing failed: threshold not met
T-sameregion-optimistic@v2nb-c100,371,1791052715852515243,212444651,0,Internal error occurred: failed to generate token: while signing jwt: rpc error: code = Unavailable desc = token signing failed: threshold not met
T-sameregion-optimistic@v2nb-c100,437,1791052715911130187,154622989,0,Internal error occurred: failed to generate token: while signing jwt: rpc error: code = Unavailable desc = token signing failed: threshold not met
T-sameregion-optimistic@v2nb-c100,431,1791052715900480477,165457172,0,Internal error occurred: failed to generate token: while signing jwt: rpc error: code = Unavailable desc = token signing failed: threshold not met
T-sameregion-optimistic@v2nb-c100,440,1791052715914239090,152245452,0,Internal error occurred: failed to generate token: while signing jwt: rpc error: code = Unavailable desc = token signing failed: threshold not met
T-sameregion-optimistic@v2nb-c100,443,1791052715924527392,142264627,0,Internal error occurred: failed to generate token: while signing jwt: rpc error: code = Unavailable desc = token signing failed: threshold not met
T-sameregion-optimistic@v2nb-c100,384,1791052715861123189,205999352,0,Internal error occurred: failed to generate token: while signing jwt: rpc error: code = Unavailable desc = token signing failed: threshold not met
T-sameregion-optimistic@v2nb-c100,373,1791052715852804510,214320240,0,Internal error occurred: failed to generate token: while signing jwt: rpc error: code = Unavailable desc = token signing failed: threshold not met
T-sameregion-optimistic@v2nb-c100,389,1791052715865810244,201432563,0,Internal error occurred: failed to generate token: while signing jwt: rpc error: code = Unavailable desc = token signing failed: threshold not met
T-sameregion-optimistic@v2nb-c100,366,1791052715847720234,219552847,0,Internal error occurred: failed to generate token: while signing jwt: rpc error: code = Unavailable desc = token signing failed: threshold not met
T-sameregion-optimistic@v2nb-c100,402,1791052715876695525,205002849,0,Internal error occurred: failed to generate token: while signing jwt: rpc error: code = Unavailable desc = token signing failed: threshold not met
T-sameregion-optimistic@v2nb-c100,453,1791052716027019257,95562560,0,Internal error occurred: failed to generate token: while signing jwt: rpc error: code = Unavailable desc = token signing failed: threshold not met
T-sameregion-optimistic@v2nb-c100,449,1791052716021439057,101204618,0,Internal error occurred: failed to generate token: while signing jwt: rpc error: code = Unavailable desc = token signing failed: threshold not met
T-sameregion-optimistic@v2nb-c100,452,1791052716021737165,100844685,0,Internal error occurred: failed to generate token: while signing jwt: rpc error: code = Unavailable desc = token signing failed: threshold not met
T-sameregion-optimistic@v2nb-c100,411,1791052715881256020,289303459,0,Internal error occurred: failed to generate token: while signing jwt: rpc error: code = Unavailable desc = token signing failed: threshold not met
T-sameregion-optimistic@v2nb-c100,367,1791052715849087388,362394358,0,Internal error occurred: failed to generate token: while signing jwt: rpc error: code = Unavailable desc = token signing failed: threshold not met
T-sameregion-optimistic@v2nb-c100,451,1791052716021480575,199124207,0,Internal error occurred: failed to generate token: while signing jwt: rpc error: code = Unavailable desc = token signing failed: threshold not met
T-sameregion-optimistic@v2nb-c100,454,1791052716027019250,193585917,0,Internal error occurred: failed to generate token: while signing jwt: rpc error: code = Unavailable desc = token signing failed: threshold not met
T-sameregion-optimistic@v2nb-c100,458,1791052716032721169,187967055,0,Internal error occurred: failed to generate token: while signing jwt: rpc error: code = Unavailable desc = token signing failed: threshold not met
T-sameregion-optimistic@v2nb-c100,455,1791052716029172702,193168756,0,Internal error occurred: failed to generate token: while signing jwt: rpc error: code = Unavailable desc = token signing failed: threshold not met
T-sameregion-optimistic@v2nb-c100,357,1791052715832778915,392003282,0,Internal error occurred: failed to generate token: while signing jwt: rpc error: code = Unavailable desc = token signing failed: threshold not met
T-sameregion-optimistic@v2nb-c100,450,1791052716021458376,203392100,0,Internal error occurred: failed to generate token: while signing jwt: rpc error: code = Unavailable desc = token signing failed: threshold not met
T-sameregion-optimistic@v2nb-c100,465,1791052716039004728,186556612,0,Internal error occurred: failed to generate token: while signing jwt: rpc error: code = Unavailable desc = token signing failed: threshold not met
T-sameregion-optimistic@v2nb-c100,505,1791052716062220281,163341929,0,Internal error occurred: failed to generate token: while signing jwt: rpc error: code = Unavailable desc = token signing failed: threshold not met
T-sameregion-optimistic@v2nb-c100,496,1791052716040683560,184924589,0,Internal error occurred: failed to generate token: while signing jwt: rpc error: code = Unavailable desc = token signing failed: threshold not met
T-sameregion-optimistic@v2nb-c100,448,1791052716019139075,215925812,0,Internal error occurred: failed to generate token: while signing jwt: rpc error: code = Unavailable desc = token signing failed: threshold not met
T-sameregion-optimistic@v2nb-c100,457,1791052716031976731,203088143,0,Internal error occurred: failed to generate token: while signing jwt: rpc error: code = Unavailable desc = token signing failed: threshold not met
T-sameregion-optimistic@v2nb-c100,466,1791052716039082080,196257463,0,Internal error occurred: failed to generate token: while signing jwt: rpc error: code = Unavailable desc = token signing failed: threshold not met
T-sameregion-optimistic@v2nb-c100,473,1791052716039345636,196268985,0,Internal error occurred: failed to generate token: while signing jwt: rpc error: code = Unavailable desc = token signing failed: threshold not met
T-sameregion-optimistic@v2nb-c100,462,1791052716038691519,197074833,0,Internal error occurred: failed to generate token: while signing jwt: rpc error: code = Unavailable desc = token signing failed: threshold not met
T-sameregion-optimistic@v2nb-c100,479,1791052716039567409,196285026,0,Internal error occurred: failed to generate token: while signing jwt: rpc error: code = Unavailable desc = token signing failed: threshold not met
T-sameregion-optimistic@v2nb-c100,490,1791052716039945123,195998195,0,Internal error occurred: failed to generate token: while signing jwt: rpc error: code = Unavailable desc = token signing failed: threshold not met
T-sameregion-optimistic@v2nb-c100,503,1791052716041275204,194738585,0,Internal error occurred: failed to generate token: while signing jwt: rpc error: code = Unavailable desc = token signing failed: threshold not met
T-sameregion-optimistic@v2nb-c100,476,1791052716039441072,198386201,0,Internal error occurred: failed to generate token: while signing jwt: rpc error: code = Unavailable desc = token signing failed: threshold not met
T-sameregion-optimistic@v2nb-c100,513,1791052716063849064,174072085,0,Internal error occurred: failed to generate token: while signing jwt: rpc error: code = Unavailable desc = token signing failed: threshold not met
T-sameregion-optimistic@v2nb-c100,511,1791052716062671796,175351941,0,Internal error occurred: failed to generate token: while signing jwt: rpc error: code = Unavailable desc = token signing failed: threshold not met
T-sameregion-optimistic@v2nb-c100,508,1791052716062406606,175617771,0,Internal error occurred: failed to generate token: while signing jwt: rpc error: code = Unavailable desc = token signing failed: threshold not met
T-sameregion-optimistic@v2nb-c100,517,1791052716064962488,173152210,0,Internal error occurred: failed to generate token: while signing jwt: rpc error: code = Unavailable desc = token signing failed: threshold not met
T-sameregion-optimistic@v2nb-c100,515,1791052716063932582,174216727,0,Internal error occurred: failed to generate token: while signing jwt: rpc error: code = Unavailable desc = token signing failed: threshold not met
T-sameregion-optimistic@v2nb-c100,523,1791052716067128593,171106640,0,Internal error occurred: failed to generate token: while signing jwt: rpc error: code = Unavailable desc = token signing failed: threshold not met
T-sameregion-optimistic@v2nb-c100,521,1791052716066795262,171448081,0,Internal error occurred: failed to generate token: while signing jwt: rpc error: code = Unavailable desc = token signing failed: threshold not met
T-sameregion-optimistic@v2nb-c100,519,1791052716065940975,172361433,0,Internal error occurred: failed to generate token: while signing jwt: rpc error: code = Unavailable desc = token signing failed: threshold not met
T-sameregion-optimistic@v2nb-c100,507,1791052716062383153,176049610,0,Internal error occurred: failed to generate token: while signing jwt: rpc error: code = Unavailable desc = token signing failed: threshold not met
T-sameregion-optimistic@v2nb-c100,488,1791052716039866226,198623107,0,Internal error occurred: failed to generate token: while signing jwt: rpc error: code = Unavailable desc = token signing failed: threshold not met
T-sameregion-optimistic@v2nb-c100,477,1791052716039501798,199039526,0,Internal error occurred: failed to generate token: while signing jwt: rpc error: code = Unavailable desc = token signing failed: threshold not met
T-sameregion-optimistic@v2nb-c100,522,1791052716067127257,171598694,0,Internal error occurred: failed to generate token: while signing jwt: rpc error: code = Unavailable desc = token signing failed: threshold not met
T-sameregion-optimistic@v2nb-c100,485,1791052716039796011,199027587,0,Internal error occurred: failed to generate token: while signing jwt: rpc error: code = Unavailable desc = token signing failed: threshold not met
T-sameregion-optimistic@v2nb-c100,526,1791052716081704887,157211242,0,Internal error occurred: failed to generate token: while signing jwt: rpc error: code = Unavailable desc = token signing failed: threshold not met
T-sameregion-optimistic@v2nb-c100,492,1791052716040084252,198873539,0,Internal error occurred: failed to generate token: while signing jwt: rpc error: code = Unavailable desc = token signing failed: threshold not met
T-sameregion-optimistic@v2nb-c100,481,1791052716039630427,199388120,0,Internal error occurred: failed to generate token: while signing jwt: rpc error: code = Unavailable desc = token signing failed: threshold not met
T-sameregion-optimistic@v2nb-c100,527,1791052716122596568,116501090,0,Internal error occurred: failed to generate token: while signing jwt: rpc error: code = Unavailable desc = token signing failed: threshold not met
T-sameregion-optimistic@v2nb-c100,493,1791052716040462769,198637724,0,Internal error occurred: failed to generate token: while signing jwt: rpc error: code = Unavailable desc = token signing failed: threshold not met
T-sameregion-optimistic@v2nb-c100,489,1791052716039926870,199243410,0,Internal error occurred: failed to generate token: while signing jwt: rpc error: code = Unavailable desc = token signing failed: threshold not met
T-sameregion-optimistic@v2nb-c100,483,1791052716039697398,199514998,0,Internal error occurred: failed to generate token: while signing jwt: rpc error: code = Unavailable desc = token signing failed: threshold not met
T-sameregion-optimistic@v2nb-c100,480,1791052716039585080,199666691,0,Internal error occurred: failed to generate token: while signing jwt: rpc error: code = Unavailable desc = token signing failed: threshold not met
T-sameregion-optimistic@v2nb-c100,502,1791052716040873267,198411698,0,Internal error occurred: failed to generate token: while signing jwt: rpc error: code = Unavailable desc = token signing failed: threshold not met
T-sameregion-optimistic@v2nb-c100,374,1791052715853025580,387014114,0,Internal error occurred: failed to generate token: while signing jwt: rpc error: code = Unavailable desc = token signing failed: threshold not met
T-sameregion-optimistic@v2nb-c100,472,1791052716039299597,200943982,0,Internal error occurred: failed to generate token: while signing jwt: rpc error: code = Unavailable desc = token signing failed: threshold not met
T-sameregion-optimistic@v2nb-c100,504,1791052716059773360,180522034,0,Internal error occurred: failed to generate token: while signing jwt: rpc error: code = Unavailable desc = token signing failed: threshold not met
T-sameregion-optimistic@v2nb-c100,484,1791052716039714013,200636382,0,Internal error occurred: failed to generate token: while signing jwt: rpc error: code = Unavailable desc = token signing failed: threshold not met
T-sameregion-optimistic@v2nb-c100,498,1791052716040738846,199670710,0,Internal error occurred: failed to generate token: while signing jwt: rpc error: code = Unavailable desc = token signing failed: threshold not met
T-sameregion-optimistic@v2nb-c100,460,1791052716038283373,202211888,0,Internal error occurred: failed to generate token: while signing jwt: rpc error: code = Unavailable desc = token signing failed: threshold not met
T-sameregion-optimistic@v2nb-c100,471,1791052716039286381,201226927,0,Internal error occurred: failed to generate token: while signing jwt: rpc error: code = Unavailable desc = token signing failed: threshold not met
T-sameregion-optimistic@v2nb-c100,463,1791052716038793945,201771620,0,Internal error occurred: failed to generate token: while signing jwt: rpc error: code = Unavailable desc = token signing failed: threshold not met
T-sameregion-optimistic@v2nb-c100,514,1791052716063850984,176729195,0,Internal error occurred: failed to generate token: while signing jwt: rpc error: code = Unavailable desc = token signing failed: threshold not met
T-sameregion-optimistic@v2nb-c100,497,1791052716040737767,199889798,0,Internal error occurred: failed to generate token: while signing jwt: rpc error: code = Unavailable desc = token signing failed: threshold not met
T-sameregion-optimistic@v2nb-c100,464,1791052716038963340,201665706,0,Internal error occurred: failed to generate token: while signing jwt: rpc error: code = Unavailable desc = token signing failed: threshold not met
T-sameregion-optimistic@v2nb-c100,468,1791052716039160614,201587223,0,Internal error occurred: failed to generate token: while signing jwt: rpc error: code = Unavailable desc = token signing failed: threshold not met
T-sameregion-optimistic@v2nb-c100,470,1791052716039210102,201581136,0,Internal error occurred: failed to generate token: while signing jwt: rpc error: code = Unavailable desc = token signing failed: threshold not met
T-sameregion-optimistic@v2nb-c100,469,1791052716039208249,201612659,0,Internal error occurred: failed to generate token: while signing jwt: rpc error: code = Unavailable desc = token signing failed: threshold not met
T-sameregion-optimistic@v2nb-c100,506,1791052716062285796,190211890,0,Internal error occurred: failed to generate token: while signing jwt: rpc error: code = Unavailable desc = token signing failed: threshold not met
T-sameregion-optimistic@v2nb-c100,500,1791052716040822539,212216678,0,Internal error occurred: failed to generate token: while signing jwt: rpc error: code = Unavailable desc = token signing failed: threshold not met
T-sameregion-optimistic@v2nb-c100,525,1791052716067275303,188135414,0,Internal error occurred: failed to generate token: while signing jwt: rpc error: code = Unavailable desc = token signing failed: threshold not met
T-sameregion-optimistic@v2nb-c100,529,1791052716122686802,133367358,0,Internal error occurred: failed to generate token: while signing jwt: rpc error: code = Unavailable desc = token signing failed: threshold not met
T-sameregion-optimistic@v2nb-c100,501,1791052716040868239,217149907,0,Internal error occurred: failed to generate token: while signing jwt: rpc error: code = Unavailable desc = token signing failed: threshold not met
T-sameregion-optimistic@v2nb-c100,509,1791052716062553290,195938245,0,Internal error occurred: failed to generate token: while signing jwt: rpc error: code = Unavailable desc = token signing failed: threshold not met
T-sameregion-optimistic@v2nb-c100,510,1791052716062603145,197410590,0,Internal error occurred: failed to generate token: while signing jwt: rpc error: code = Unavailable desc = token signing failed: threshold not met
T-sameregion-optimistic@v2nb-c100,524,1791052716067245271,193460228,0,Internal error occurred: failed to generate token: while signing jwt: rpc error: code = Unavailable desc = token signing failed: threshold not met
T-sameregion-optimistic@v2nb-c100,495,1791052716040652569,220127323,0,Internal error occurred: failed to generate token: while signing jwt: rpc error: code = Unavailable desc = token signing failed: threshold not met
T-sameregion-optimistic@v2nb-c100,499,1791052716040818455,221703771,0,Internal error occurred: failed to generate token: while signing jwt: rpc error: code = Unavailable desc = token signing failed: threshold not met
T-sameregion-optimistic@v2nb-c100,520,1791052716066486997,197366901,0,Internal error occurred: failed to generate token: while signing jwt: rpc error: code = Unavailable desc = token signing failed: threshold not met
T-sameregion-optimistic@v2nb-c100,478,1791052716039507591,233735130,0,Internal error occurred: failed to generate token: while signing jwt: rpc error: code = Unavailable desc = token signing failed: threshold not met
T-sameregion-optimistic@v2nb-c100,486,1791052716039796141,233539755,0,Internal error occurred: failed to generate token: while signing jwt: rpc error: code = Unavailable desc = token signing failed: threshold not met
T-sameregion-optimistic@v2nb-c100,475,1791052716039419869,233983117,0,Internal error occurred: failed to generate token: while signing jwt: rpc error: code = Unavailable desc = token signing failed: threshold not met
T-sameregion-optimistic@v2nb-c100,531,1791052716211486994,62087379,0,Internal error occurred: failed to generate token: while signing jwt: rpc error: code = Unavailable desc = token signing failed: threshold not met
T-sameregion-optimistic@v2nb-c100,461,1791052716038637712,234958870,0,Internal error occurred: failed to generate token: while signing jwt: rpc error: code = Unavailable desc = token signing failed: threshold not met
T-sameregion-optimistic@v2nb-c100,487,1791052716039847303,233871922,0,Internal error occurred: failed to generate token: while signing jwt: rpc error: code = Unavailable desc = token signing failed: threshold not met
T-sameregion-optimistic@v2nb-c100,474,1791052716039352968,234368621,0,Internal error occurred: failed to generate token: while signing jwt: rpc error: code = Unavailable desc = token signing failed: threshold not met
T-sameregion-optimistic@v2nb-c100,491,1791052716040021837,233769075,0,Internal error occurred: failed to generate token: while signing jwt: rpc error: code = Unavailable desc = token signing failed: threshold not met
T-sameregion-optimistic@v2nb-c100,482,1791052716039631148,234161848,0,Internal error occurred: failed to generate token: while signing jwt: rpc error: code = Unavailable desc = token signing failed: threshold not met
T-sameregion-optimistic@v2nb-c100,530,1791052716170565010,103273725,0,Internal error occurred: failed to generate token: while signing jwt: rpc error: code = Unavailable desc = token signing failed: threshold not met
T-sameregion-optimistic@v2nb-c100,512,1791052716063537138,210307574,0,Internal error occurred: failed to generate token: while signing jwt: rpc error: code = Unavailable desc = token signing failed: threshold not met
T-sameregion-optimistic@v2nb-c100,528,1791052716122646438,151241080,0,Internal error occurred: failed to generate token: while signing jwt: rpc error: code = Unavailable desc = token signing failed: threshold not met
T-sameregion-optimistic@v2nb-c100,516,1791052716064114802,209810061,0,Internal error occurred: failed to generate token: while signing jwt: rpc error: code = Unavailable desc = token signing failed: threshold not met
T-sameregion-optimistic@v2nb-c100,494,1791052716040615181,233329071,0,Internal error occurred: failed to generate token: while signing jwt: rpc error: code = Unavailable desc = token signing failed: threshold not met
T-sameregion-optimistic@v2nb-c100,456,1791052716031923347,242072630,0,Internal error occurred: failed to generate token: while signing jwt: rpc error: code = Unavailable desc = token signing failed: threshold not met
T-sameregion-optimistic@v2nb-c100,518,1791052716065756244,208253184,0,Internal error occurred: failed to generate token: while signing jwt: rpc error: code = Unavailable desc = token signing failed: threshold not met
T-sameregion-optimistic@v2nb-c100,459,1791052716038117581,235922477,0,Internal error occurred: failed to generate token: while signing jwt: rpc error: code = Unavailable desc = token signing failed: threshold not met
T-sameregion-optimistic@v2nb-c100,467,1791052716039123181,234963588,0,Internal error occurred: failed to generate token: while signing jwt: rpc error: code = Unavailable desc = token signing failed: threshold not met
T-sameregion-optimistic@v2nb-c100,360,1791052715835945137,493820601,0,Internal error occurred: failed to generate token: while signing jwt: rpc error: code = Unavailable desc = token signing failed: threshold not met
T-sameregion-optimistic@v2nb-c100,534,1791052716220690259,123375096,0,Internal error occurred: failed to generate token: while signing jwt: rpc error: code = Unavailable desc = token signing failed: threshold not met
T-sameregion-optimistic@v2nb-c100,533,1791052716220610429,129087532,0,Internal error occurred: failed to generate token: while signing jwt: rpc error: code = Unavailable desc = token signing failed: threshold not met
T-sameregion-optimistic@v2nb-c100,562,1791052716238825180,114286159,0,Internal error occurred: failed to generate token: while signing jwt: rpc error: code = Unavailable desc = token signing failed: threshold not met
T-sameregion-optimistic@v2nb-c100,546,1791052716235854184,117257330,0,Internal error occurred: failed to generate token: while signing jwt: rpc error: code = Unavailable desc = token signing failed: threshold not met
T-sameregion-optimistic@v2nb-c100,595,1791052716262524749,90706360,0,Internal error occurred: failed to generate token: while signing jwt: rpc error: code = Unavailable desc = token signing failed: threshold not met
T-sameregion-optimistic@v2nb-c100,540,1791052716225609798,127674771,0,Internal error occurred: failed to generate token: while signing jwt: rpc error: code = Unavailable desc = token signing failed: threshold not met
T-sameregion-optimistic@v2nb-c100,555,1791052716238237509,115244754,0,Internal error occurred: failed to generate token: while signing jwt: rpc error: code = Unavailable desc = token signing failed: threshold not met
T-sameregion-optimistic@v2nb-c100,551,1791052716238026030,115464437,0,Internal error occurred: failed to generate token: while signing jwt: rpc error: code = Unavailable desc = token signing failed: threshold not met
T-sameregion-optimistic@v2nb-c100,571,1791052716239286771,114308576,0,Internal error occurred: failed to generate token: while signing jwt: rpc error: code = Unavailable desc = token signing failed: threshold not met
T-sameregion-optimistic@v2nb-c100,544,1791052716235618328,117999786,0,Internal error occurred: failed to generate token: while signing jwt: rpc error: code = Unavailable desc = token signing failed: threshold not met
T-sameregion-optimistic@v2nb-c100,532,1791052716220610425,133091659,0,Internal error occurred: failed to generate token: while signing jwt: rpc error: code = Unavailable desc = token signing failed: threshold not met
T-sameregion-optimistic@v2nb-c100,565,1791052716239020901,114810070,0,Internal error occurred: failed to generate token: while signing jwt: rpc error: code = Unavailable desc = token signing failed: threshold not met
T-sameregion-optimistic@v2nb-c100,539,1791052716225566381,128367709,0,Internal error occurred: failed to generate token: while signing jwt: rpc error: code = Unavailable desc = token signing failed: threshold not met
T-sameregion-optimistic@v2nb-c100,541,1791052716235070737,184675386,0,Internal error occurred: failed to generate token: while signing jwt: rpc error: code = Unavailable desc = token signing failed: threshold not met
T-sameregion-optimistic@v2nb-c100,537,1791052716224853443,195125805,0,Internal error occurred: failed to generate token: while signing jwt: rpc error: code = Unavailable desc = token signing failed: threshold not met
T-sameregion-optimistic@v2nb-c100,549,1791052716237831233,182149305,0,Internal error occurred: failed to generate token: while signing jwt: rpc error: code = Unavailable desc = token signing failed: threshold not met
T-sameregion-optimistic@v2nb-c100,593,1791052716260709346,159614853,0,Internal error occurred: failed to generate token: while signing jwt: rpc error: code = Unavailable desc = token signing failed: threshold not met
T-sameregion-optimistic@v2nb-c100,547,1791052716235945357,184808891,0,Internal error occurred: failed to generate token: while signing jwt: rpc error: code = Unavailable desc = token signing failed: threshold not met
T-sameregion-optimistic@v2nb-c100,564,1791052716238960038,181817702,0,Internal error occurred: failed to generate token: while signing jwt: rpc error: code = Unavailable desc = token signing failed: threshold not met
T-sameregion-optimistic@v2nb-c100,572,1791052716240042675,180851870,0,Internal error occurred: failed to generate token: while signing jwt: rpc error: code = Unavailable desc = token signing failed: threshold not met
T-sameregion-optimistic@v2nb-c100,592,1791052716260017474,160963785,0,Internal error occurred: failed to generate token: while signing jwt: rpc error: code = Unavailable desc = token signing failed: threshold not met
T-sameregion-optimistic@v2nb-c100,575,1791052716240352087,180683563,0,Internal error occurred: failed to generate token: while signing jwt: rpc error: code = Unavailable desc = token signing failed: threshold not met
T-sameregion-optimistic@v2nb-c100,561,1791052716238727927,182327422,0,Internal error occurred: failed to generate token: while signing jwt: rpc error: code = Unavailable desc = token signing failed: threshold not met
T-sameregion-optimistic@v2nb-c100,557,1791052716238304926,182775772,0,Internal error occurred: failed to generate token: while signing jwt: rpc error: code = Unavailable desc = token signing failed: threshold not met
T-sameregion-optimistic@v2nb-c100,607,1791052716273846372,147262513,0,Internal error occurred: failed to generate token: while signing jwt: rpc error: code = Unavailable desc = token signing failed: threshold not met
T-sameregion-optimistic@v2nb-c100,558,1791052716238435404,182696188,0,Internal error occurred: failed to generate token: while signing jwt: rpc error: code = Unavailable desc = token signing failed: threshold not met
T-sameregion-optimistic@v2nb-c100,612,1791052716274011542,147149524,0,Internal error occurred: failed to generate token: while signing jwt: rpc error: code = Unavailable desc = token signing failed: threshold not met
T-sameregion-optimistic@v2nb-c100,599,1791052716273404828,147775555,0,Internal error occurred: failed to generate token: while signing jwt: rpc error: code = Unavailable desc = token signing failed: threshold not met
T-sameregion-optimistic@v2nb-c100,538,1791052716225565464,195647587,0,Internal error occurred: failed to generate token: while signing jwt: rpc error: code = Unavailable desc = token signing failed: threshold not met
T-sameregion-optimistic@v2nb-c100,569,1791052716239214503,182030791,0,Internal error occurred: failed to generate token: while signing jwt: rpc error: code = Unavailable desc = token signing failed: threshold not met
T-sameregion-optimistic@v2nb-c100,550,1791052716237923971,183391400,0,Internal error occurred: failed to generate token: while signing jwt: rpc error: code = Unavailable desc = token signing failed: threshold not met
T-sameregion-optimistic@v2nb-c100,570,1791052716239253818,182104251,0,Internal error occurred: failed to generate token: while signing jwt: rpc error: code = Unavailable desc = token signing failed: threshold not met
T-sameregion-optimistic@v2nb-c100,609,1791052716273926724,147538882,0,Internal error occurred: failed to generate token: while signing jwt: rpc error: code = Unavailable desc = token signing failed: threshold not met
T-sameregion-optimistic@v2nb-c100,573,1791052716240246328,181224415,0,Internal error occurred: failed to generate token: while signing jwt: rpc error: code = Unavailable desc = token signing failed: threshold not met
T-sameregion-optimistic@v2nb-c100,545,1791052716235768514,185788432,0,Internal error occurred: failed to generate token: while signing jwt: rpc error: code = Unavailable desc = token signing failed: threshold not met
T-sameregion-optimistic@v2nb-c100,604,1791052716273792615,147767854,0,Internal error occurred: failed to generate token: while signing jwt: rpc error: code = Unavailable desc = token signing failed: threshold not met
T-sameregion-optimistic@v2nb-c100,583,1791052716240749733,180884302,0,Internal error occurred: failed to generate token: while signing jwt: rpc error: code = Unavailable desc = token signing failed: threshold not met
T-sameregion-optimistic@v2nb-c100,560,1791052716238543803,190022178,0,Internal error occurred: failed to generate token: while signing jwt: rpc error: code = Unavailable desc = token signing failed: threshold not met
T-sameregion-optimistic@v2nb-c100,553,1791052716238116811,190478619,0,Internal error occurred: failed to generate token: while signing jwt: rpc error: code = Unavailable desc = token signing failed: threshold not met
T-sameregion-optimistic@v2nb-c100,584,1791052716240793888,195616406,0,Internal error occurred: failed to generate token: while signing jwt: rpc error: code = Unavailable desc = token signing failed: threshold not met
T-sameregion-optimistic@v2nb-c100,605,1791052716273794910,163979441,0,Internal error occurred: failed to generate token: while signing jwt: rpc error: code = Unavailable desc = token signing failed: threshold not met
T-sameregion-optimistic@v2nb-c100,576,1791052716240412556,197539581,0,Internal error occurred: failed to generate token: while signing jwt: rpc error: code = Unavailable desc = token signing failed: threshold not met
T-sameregion-optimistic@v2nb-c100,535,1791052716222345958,215618457,0,Internal error occurred: failed to generate token: while signing jwt: rpc error: code = Unavailable desc = token signing failed: threshold not met
T-sameregion-optimistic@v2nb-c100,587,1791052716253042888,185077673,0,Internal error occurred: failed to generate token: while signing jwt: rpc error: code = Unavailable desc = token signing failed: threshold not met
T-sameregion-optimistic@v2nb-c100,542,1791052716235070739,203159283,0,Internal error occurred: failed to generate token: while signing jwt: rpc error: code = Unavailable desc = token signing failed: threshold not met
T-sameregion-optimistic@v2nb-c100,543,1791052716235348916,203270813,0,Internal error occurred: failed to generate token: while signing jwt: rpc error: code = Unavailable desc = token signing failed: threshold not met
T-sameregion-optimistic@v2nb-c100,556,1791052716238245220,200531846,0,Internal error occurred: failed to generate token: while signing jwt: rpc error: code = Unavailable desc = token signing failed: threshold not met
T-sameregion-optimistic@v2nb-c100,574,1791052716240297834,198850604,0,Internal error occurred: failed to generate token: while signing jwt: rpc error: code = Unavailable desc = token signing failed: threshold not met
T-sameregion-optimistic@v2nb-c100,616,1791052716344072080,95869104,0,Internal error occurred: failed to generate token: while signing jwt: rpc error: code = Unavailable desc = token signing failed: threshold not met
T-sameregion-optimistic@v2nb-c100,563,1791052716238918336,201284195,0,Internal error occurred: failed to generate token: while signing jwt: rpc error: code = Unavailable desc = token signing failed: threshold not met
T-sameregion-optimistic@v2nb-c100,552,1791052716238026109,204792174,0,Internal error occurred: failed to generate token: while signing jwt: rpc error: code = Unavailable desc = token signing failed: threshold not met
T-sameregion-optimistic@v2nb-c100,596,1791052716263856741,179001883,0,Internal error occurred: failed to generate token: while signing jwt: rpc error: code = Unavailable desc = token signing failed: threshold not met
T-sameregion-optimistic@v2nb-c100,598,1791052716273338534,169621764,0,Internal error occurred: failed to generate token: while signing jwt: rpc error: code = Unavailable desc = token signing failed: threshold not met
T-sameregion-optimistic@v2nb-c100,589,1791052716256057575,186912389,0,Internal error occurred: failed to generate token: while signing jwt: rpc error: code = Unavailable desc = token signing failed: threshold not met
T-sameregion-optimistic@v2nb-c100,559,1791052716238492210,204533076,0,Internal error occurred: failed to generate token: while signing jwt: rpc error: code = Unavailable desc = token signing failed: threshold not met
T-sameregion-optimistic@v2nb-c100,585,1791052716240822993,202246649,0,Internal error occurred: failed to generate token: while signing jwt: rpc error: code = Unavailable desc = token signing failed: threshold not met
T-sameregion-optimistic@v2nb-c100,566,1791052716239099844,203990414,0,Internal error occurred: failed to generate token: while signing jwt: rpc error: code = Unavailable desc = token signing failed: threshold not met
T-sameregion-optimistic@v2nb-c100,588,1791052716255413724,187699036,0,Internal error occurred: failed to generate token: while signing jwt: rpc error: code = Unavailable desc = token signing failed: threshold not met
T-sameregion-optimistic@v2nb-c100,594,1791052716260782708,182399728,0,Internal error occurred: failed to generate token: while signing jwt: rpc error: code = Unavailable desc = token signing failed: threshold not met
T-sameregion-optimistic@v2nb-c100,536,1791052716224786121,218708774,0,Internal error occurred: failed to generate token: while signing jwt: rpc error: code = Unavailable desc = token signing failed: threshold not met
T-sameregion-optimistic@v2nb-c100,600,1791052716273595473,169999967,0,Internal error occurred: failed to generate token: while signing jwt: rpc error: code = Unavailable desc = token signing failed: threshold not met
T-sameregion-optimistic@v2nb-c100,602,1791052716273721547,169960962,0,Internal error occurred: failed to generate token: while signing jwt: rpc error: code = Unavailable desc = token signing failed: threshold not met
T-sameregion-optimistic@v2nb-c100,608,1791052716273890245,169891262,0,Internal error occurred: failed to generate token: while signing jwt: rpc error: code = Unavailable desc = token signing failed: threshold not met
T-sameregion-optimistic@v2nb-c100,613,1791052716274041720,169819806,0,Internal error occurred: failed to generate token: while signing jwt: rpc error: code = Unavailable desc = token signing failed: threshold not met
T-sameregion-optimistic@v2nb-c100,614,1791052716274088871,169857271,0,Internal error occurred: failed to generate token: while signing jwt: rpc error: code = Unavailable desc = token signing failed: threshold not met
T-sameregion-optimistic@v2nb-c100,548,1791052716236015843,208011064,0,Internal error occurred: failed to generate token: while signing jwt: rpc error: code = Unavailable desc = token signing failed: threshold not met
T-sameregion-optimistic@v2nb-c100,617,1791052716349702588,94399652,0,Internal error occurred: failed to generate token: while signing jwt: rpc error: code = Unavailable desc = token signing failed: threshold not met
T-sameregion-optimistic@v2nb-c100,577,1791052716240497954,203838016,0,Internal error occurred: failed to generate token: while signing jwt: rpc error: code = Unavailable desc = token signing failed: threshold not met
T-sameregion-optimistic@v2nb-c100,580,1791052716240581763,203857669,0,Internal error occurred: failed to generate token: while signing jwt: rpc error: code = Unavailable desc = token signing failed: threshold not met
T-sameregion-optimistic@v2nb-c100,619,1791052716353116714,101542377,0,Internal error occurred: failed to generate token: while signing jwt: rpc error: code = Unavailable desc = token signing failed: threshold not met
T-sameregion-optimistic@v2nb-c100,622,1791052716353485350,101173803,0,Internal error occurred: failed to generate token: while signing jwt: rpc error: code = Unavailable desc = token signing failed: threshold not met
T-sameregion-optimistic@v2nb-c100,625,1791052716353620534,101090850,0,Internal error occurred: failed to generate token: while signing jwt: rpc error: code = Unavailable desc = token signing failed: threshold not met
T-sameregion-optimistic@v2nb-c100,627,1791052716353832989,101044184,0,Internal error occurred: failed to generate token: while signing jwt: rpc error: code = Unavailable desc = token signing failed: threshold not met
T-sameregion-optimistic@v2nb-c100,623,1791052716353493144,101452170,0,Internal error occurred: failed to generate token: while signing jwt: rpc error: code = Unavailable desc = token signing failed: threshold not met
T-sameregion-optimistic@v2nb-c100,620,1791052716353233718,101816123,0,Internal error occurred: failed to generate token: while signing jwt: rpc error: code = Unavailable desc = token signing failed: threshold not met
T-sameregion-optimistic@v2nb-c100,624,1791052716353597609,114174722,0,Internal error occurred: failed to generate token: while signing jwt: rpc error: code = Unavailable desc = token signing failed: threshold not met
T-sameregion-optimistic@v2nb-c100,581,1791052716240629293,231044919,0,Internal error occurred: failed to generate token: while signing jwt: rpc error: code = Unavailable desc = token signing failed: threshold not met
T-sameregion-optimistic@v2nb-c100,582,1791052716240630776,231075561,0,Internal error occurred: failed to generate token: while signing jwt: rpc error: code = Unavailable desc = token signing failed: threshold not met
T-sameregion-optimistic@v2nb-c100,568,1791052716239172443,232796262,0,Internal error occurred: failed to generate token: while signing jwt: rpc error: code = Unavailable desc = token signing failed: threshold not met
T-sameregion-optimistic@v2nb-c100,591,1791052716258494656,220779375,0,Internal error occurred: failed to generate token: while signing jwt: rpc error: code = Unavailable desc = token signing failed: threshold not met
T-sameregion-optimistic@v2nb-c100,626,1791052716353704255,125735775,0,Internal error occurred: failed to generate token: while signing jwt: rpc error: code = Unavailable desc = token signing failed: threshold not met
T-sameregion-optimistic@v2nb-c100,586,1791052716252502181,227106647,0,Internal error occurred: failed to generate token: while signing jwt: rpc error: code = Unavailable desc = token signing failed: threshold not met
T-sameregion-optimistic@v2nb-c100,579,1791052716240568103,239173623,0,Internal error occurred: failed to generate token: while signing jwt: rpc error: code = Unavailable desc = token signing failed: threshold not met
T-sameregion-optimistic@v2nb-c100,554,1791052716238153290,241711120,0,Internal error occurred: failed to generate token: while signing jwt: rpc error: code = Unavailable desc = token signing failed: threshold not met
T-sameregion-optimistic@v2nb-c100,621,1791052716353287075,126748858,0,Internal error occurred: failed to generate token: while signing jwt: rpc error: code = Unavailable desc = token signing failed: threshold not met
T-sameregion-optimistic@v2nb-c100,578,1791052716240515537,239670640,0,Internal error occurred: failed to generate token: while signing jwt: rpc error: code = Unavailable desc = token signing failed: threshold not met
T-sameregion-optimistic@v2nb-c100,567,1791052716239103847,241225546,0,Internal error occurred: failed to generate token: while signing jwt: rpc error: code = Unavailable desc = token signing failed: threshold not met
T-sameregion-optimistic@v2nb-c100,597,1791052716273248497,207178255,0,Internal error occurred: failed to generate token: while signing jwt: rpc error: code = Unavailable desc = token signing failed: threshold not met
T-sameregion-optimistic@v2nb-c100,628,1791052716353936419,126582039,0,Internal error occurred: failed to generate token: while signing jwt: rpc error: code = Unavailable desc = token signing failed: threshold not met
T-sameregion-optimistic@v2nb-c100,601,1791052716273598468,207025230,0,Internal error occurred: failed to generate token: while signing jwt: rpc error: code = Unavailable desc = token signing failed: threshold not met
T-sameregion-optimistic@v2nb-c100,606,1791052716273840397,206873048,0,Internal error occurred: failed to generate token: while signing jwt: rpc error: code = Unavailable desc = token signing failed: threshold not met
T-sameregion-optimistic@v2nb-c100,610,1791052716273945893,206838500,0,Internal error occurred: failed to generate token: while signing jwt: rpc error: code = Unavailable desc = token signing failed: threshold not met
T-sameregion-optimistic@v2nb-c100,611,1791052716273998424,206856738,0,Internal error occurred: failed to generate token: while signing jwt: rpc error: code = Unavailable desc = token signing failed: threshold not met
T-sameregion-optimistic@v2nb-c100,603,1791052716273723441,207271607,0,Internal error occurred: failed to generate token: while signing jwt: rpc error: code = Unavailable desc = token signing failed: threshold not met
T-sameregion-optimistic@v2nb-c100,590,1791052716258021433,223123218,0,Internal error occurred: failed to generate token: while signing jwt: rpc error: code = Unavailable desc = token signing failed: threshold not met
T-sameregion-optimistic@v2nb-c100,615,1791052716329770421,151468487,0,Internal error occurred: failed to generate token: while signing jwt: rpc error: code = Unavailable desc = token signing failed: threshold not met
T-sameregion-optimistic@v2nb-c100,618,1791052716353116724,128129323,0,Internal error occurred: failed to generate token: while signing jwt: rpc error: code = Unavailable desc = token signing failed: threshold not met
T-sameregion-optimistic@v2nb-c100,630,1791052716419982776,83788402,0,Internal error occurred: failed to generate token: while signing jwt: rpc error: code = Unavailable desc = token signing failed: threshold not met
T-sameregion-optimistic@v2nb-c100,636,1791052716420983205,82816987,0,Internal error occurred: failed to generate token: while signing jwt: rpc error: code = Unavailable desc = token signing failed: threshold not met
T-sameregion-optimistic@v2nb-c100,645,1791052716421247001,97073528,0,Internal error occurred: failed to generate token: while signing jwt: rpc error: code = Unavailable desc = token signing failed: threshold not met
T-sameregion-optimistic@v2nb-c100,629,1791052716419750755,98569731,0,Internal error occurred: failed to generate token: while signing jwt: rpc error: code = Unavailable desc = token signing failed: threshold not met
T-sameregion-optimistic@v2nb-c100,634,1791052716420779760,97607349,0,Internal error occurred: failed to generate token: while signing jwt: rpc error: code = Unavailable desc = token signing failed: threshold not met
T-sameregion-optimistic@v2nb-c100,633,1791052716420757480,97694998,0,Internal error occurred: failed to generate token: while signing jwt: rpc error: code = Unavailable desc = token signing failed: threshold not met
T-sameregion-optimistic@v2nb-c100,356,1791052715832289902,689650324,1,
T-sameregion-optimistic@v2nb-c100,635,1791052716420896673,108697250,0,Internal error occurred: failed to generate token: while signing jwt: rpc error: code = Unavailable desc = token signing failed: threshold not met
T-sameregion-optimistic@v2nb-c100,639,1791052716421082785,108554103,0,Internal error occurred: failed to generate token: while signing jwt: rpc error: code = Unavailable desc = token signing failed: threshold not met
T-sameregion-optimistic@v2nb-c100,631,1791052716419982888,109611054,0,Internal error occurred: failed to generate token: while signing jwt: rpc error: code = Unavailable desc = token signing failed: threshold not met
T-sameregion-optimistic@v2nb-c100,683,1791052716444338947,90704819,0,Internal error occurred: failed to generate token: while signing jwt: rpc error: code = Unavailable desc = token signing failed: threshold not met
T-sameregion-optimistic@v2nb-c100,673,1791052716443114313,92167964,0,Internal error occurred: failed to generate token: while signing jwt: rpc error: code = Unavailable desc = token signing failed: threshold not met
T-sameregion-optimistic@v2nb-c100,638,1791052716421057459,118352340,0,Internal error occurred: failed to generate token: while signing jwt: rpc error: code = Unavailable desc = token signing failed: threshold not met
T-sameregion-optimistic@v2nb-c100,669,1791052716442972202,96501787,0,Internal error occurred: failed to generate token: while signing jwt: rpc error: code = Unavailable desc = token signing failed: threshold not met
T-sameregion-optimistic@v2nb-c100,661,1791052716438623592,114600005,0,Internal error occurred: failed to generate token: while signing jwt: rpc error: code = Unavailable desc = token signing failed: threshold not met
T-sameregion-optimistic@v2nb-c100,682,1791052716444104448,109127975,0,Internal error occurred: failed to generate token: while signing jwt: rpc error: code = Unavailable desc = token signing failed: threshold not met
T-sameregion-optimistic@v2nb-c100,658,1791052716437966979,115426421,0,Internal error occurred: failed to generate token: while signing jwt: rpc error: code = Unavailable desc = token signing failed: threshold not met
T-sameregion-optimistic@v2nb-c100,678,1791052716443784866,109676056,0,Internal error occurred: failed to generate token: while signing jwt: rpc error: code = Unavailable desc = token signing failed: threshold not met
T-sameregion-optimistic@v2nb-c100,675,1791052716443498290,110078097,0,Internal error occurred: failed to generate token: while signing jwt: rpc error: code = Unavailable desc = token signing failed: threshold not met
T-sameregion-optimistic@v2nb-c100,677,1791052716443684055,110037194,0,Internal error occurred: failed to generate token: while signing jwt: rpc error: code = Unavailable desc = token signing failed: threshold not met
T-sameregion-optimistic@v2nb-c100,644,1791052716421214604,135091853,0,Internal error occurred: failed to generate token: while signing jwt: rpc error: code = Unavailable desc = token signing failed: threshold not met
T-sameregion-optimistic@v2nb-c100,657,1791052716437956915,121976249,0,Internal error occurred: failed to generate token: while signing jwt: rpc error: code = Unavailable desc = token signing failed: threshold not met
T-sameregion-optimistic@v2nb-c100,671,1791052716443071492,116865829,0,Internal error occurred: failed to generate token: while signing jwt: rpc error: code = Unavailable desc = token signing failed: threshold not met
T-sameregion-optimistic@v2nb-c100,664,1791052716439944835,120058602,0,Internal error occurred: failed to generate token: while signing jwt: rpc error: code = Unavailable desc = token signing failed: threshold not met
T-sameregion-optimistic@v2nb-c100,710,1791052716481147010,85165160,0,Internal error occurred: failed to generate token: while signing jwt: rpc error: code = Unavailable desc = token signing failed: threshold not met
T-sameregion-optimistic@v2nb-c100,704,1791052716480520447,85881502,0,Internal error occurred: failed to generate token: while signing jwt: rpc error: code = Unavailable desc = token signing failed: threshold not met
T-sameregion-optimistic@v2nb-c100,699,1791052716479866057,86638471,0,Internal error occurred: failed to generate token: while signing jwt: rpc error: code = Unavailable desc = token signing failed: threshold not met
T-sameregion-optimistic@v2nb-c100,694,1791052716471971635,97672108,0,Internal error occurred: failed to generate token: while signing jwt: rpc error: code = Unavailable desc = token signing failed: threshold not met
T-sameregion-optimistic@v2nb-c100,713,1791052716503777808,65920940,0,Internal error occurred: failed to generate token: while signing jwt: rpc error: code = Unavailable desc = token signing failed: threshold not met
T-sameregion-optimistic@v2nb-c100,647,1791052716421360902,153596358,0,Internal error occurred: failed to generate token: while signing jwt: rpc error: code = Unavailable desc = token signing failed: threshold not met
T-sameregion-optimistic@v2nb-c100,665,1791052716440205942,134751281,0,Internal error occurred: failed to generate token: while signing jwt: rpc error: code = Unavailable desc = token signing failed: threshold not met
T-sameregion-optimistic@v2nb-c100,668,1791052716442962651,132047910,0,Internal error occurred: failed to generate token: while signing jwt: rpc error: code = Unavailable desc = token signing failed: threshold not met
T-sameregion-optimistic@v2nb-c100,718,1791052716518453992,89875765,0,Internal error occurred: failed to generate token: while signing jwt: rpc error: code = Unavailable desc = token signing failed: threshold not met
T-sameregion-optimistic@v2nb-c100,725,1791052716539415249,85107515,0,Internal error occurred: failed to generate token: while signing jwt: rpc error: code = Unavailable desc = token signing failed: threshold not met
T-sameregion-optimistic@v2nb-c100,372,1791052715852735711,778263043,1,
T-sameregion-optimistic@v2nb-c100,721,1791052716529641665,110991091,0,Internal error occurred: failed to generate token: while signing jwt: rpc error: code = Unavailable desc = token signing failed: threshold not met
T-sameregion-optimistic@v2nb-c100,679,1791052716443863762,196776622,0,Internal error occurred: failed to generate token: while signing jwt: rpc error: code = Unavailable desc = token signing failed: threshold not met
T-sameregion-optimistic@v2nb-c100,719,1791052716521944157,118930489,0,Internal error occurred: failed to generate token: while signing jwt: rpc error: code = Unavailable desc = token signing failed: threshold not met
T-sameregion-optimistic@v2nb-c100,632,1791052716420328116,222448944,0,Internal error occurred: failed to generate token: while signing jwt: rpc error: code = Unavailable desc = token signing failed: threshold not met
T-sameregion-optimistic@v2nb-c100,684,1791052716444441336,198518026,0,Internal error occurred: failed to generate token: while signing jwt: rpc error: code = Unavailable desc = token signing failed: threshold not met
T-sameregion-optimistic@v2nb-c100,681,1791052716444028462,198946492,0,Internal error occurred: failed to generate token: while signing jwt: rpc error: code = Unavailable desc = token signing failed: threshold not met
T-sameregion-optimistic@v2nb-c100,641,1791052716421133604,221918149,0,Internal error occurred: failed to generate token: while signing jwt: rpc error: code = Unavailable desc = token signing failed: threshold not met
T-sameregion-optimistic@v2nb-c100,666,1791052716442821855,200331412,0,Internal error occurred: failed to generate token: while signing jwt: rpc error: code = Unavailable desc = token signing failed: threshold not met
T-sameregion-optimistic@v2nb-c100,689,1791052716454947636,188232630,0,Internal error occurred: failed to generate token: while signing jwt: rpc error: code = Unavailable desc = token signing failed: threshold not met
T-sameregion-optimistic@v2nb-c100,687,1791052716454712953,188542370,0,Internal error occurred: failed to generate token: while signing jwt: rpc error: code = Unavailable desc = token signing failed: threshold not met
T-sameregion-optimistic@v2nb-c100,655,1791052716436415299,206968230,0,Internal error occurred: failed to generate token: while signing jwt: rpc error: code = Unavailable desc = token signing failed: threshold not met
T-sameregion-optimistic@v2nb-c100,709,1791052716480997339,162388633,0,Internal error occurred: failed to generate token: while signing jwt: rpc error: code = Unavailable desc = token signing failed: threshold not met
T-sameregion-optimistic@v2nb-c100,698,1791052716479744162,163948787,0,Internal error occurred: failed to generate token: while signing jwt: rpc error: code = Unavailable desc = token signing failed: threshold not met
T-sameregion-optimistic@v2nb-c100,728,1791052716553235156,100771923,0,Internal error occurred: failed to generate token: while signing jwt: rpc error: code = Unavailable desc = token signing failed: threshold not met
T-sameregion-optimistic@v2nb-c100,695,1791052716479278591,174744149,0,Internal error occurred: failed to generate token: while signing jwt: rpc error: code = Unavailable desc = token signing failed: threshold not met
T-sameregion-optimistic@v2nb-c100,729,1791052716553397655,100716126,0,Internal error occurred: failed to generate token: while signing jwt: rpc error: code = Unavailable desc = token signing failed: threshold not met
T-sameregion-optimistic@v2nb-c100,663,1791052716439152046,215025752,0,Internal error occurred: failed to generate token: while signing jwt: rpc error: code = Unavailable desc = token signing failed: threshold not met
T-sameregion-optimistic@v2nb-c100,659,1791052716438124511,216249740,0,Internal error occurred: failed to generate token: while signing jwt: rpc error: code = Unavailable desc = token signing failed: threshold not met
T-sameregion-optimistic@v2nb-c100,660,1791052716438232264,216163869,0,Internal error occurred: failed to generate token: while signing jwt: rpc error: code = Unavailable desc = token signing failed: threshold not met
T-sameregion-optimistic@v2nb-c100,648,1791052716421467631,233082030,0,Internal error occurred: failed to generate token: while signing jwt: rpc error: code = Unavailable desc = token signing failed: threshold not met
T-sameregion-optimistic@v2nb-c100,642,1791052716421163337,233387838,0,Internal error occurred: failed to generate token: while signing jwt: rpc error: code = Unavailable desc = token signing failed: threshold not met
T-sameregion-optimistic@v2nb-c100,691,1791052716467776785,186878955,0,Internal error occurred: failed to generate token: while signing jwt: rpc error: code = Unavailable desc = token signing failed: threshold not met
T-sameregion-optimistic@v2nb-c100,662,1791052716438779789,215940366,0,Internal error occurred: failed to generate token: while signing jwt: rpc error: code = Unavailable desc = token signing failed: threshold not met
T-sameregion-optimistic@v2nb-c100,685,1791052716454665016,200111980,0,Internal error occurred: failed to generate token: while signing jwt: rpc error: code = Unavailable desc = token signing failed: threshold not met
T-sameregion-optimistic@v2nb-c100,708,1791052716480857113,173961542,0,Internal error occurred: failed to generate token: while signing jwt: rpc error: code = Unavailable desc = token signing failed: threshold not met
T-sameregion-optimistic@v2nb-c100,701,1791052716480189291,174645044,0,Internal error occurred: failed to generate token: while signing jwt: rpc error: code = Unavailable desc = token signing failed: threshold not met
T-sameregion-optimistic@v2nb-c100,654,1791052716428598397,226263076,0,Internal error occurred: failed to generate token: while signing jwt: rpc error: code = Unavailable desc = token signing failed: threshold not met
T-sameregion-optimistic@v2nb-c100,688,1791052716454879627,200052909,0,Internal error occurred: failed to generate token: while signing jwt: rpc error: code = Unavailable desc = token signing failed: threshold not met
T-sameregion-optimistic@v2nb-c100,736,1791052716560005337,95002776,0,Internal error occurred: failed to generate token: while signing jwt: rpc error: code = Unavailable desc = token signing failed: threshold not met
T-sameregion-optimistic@v2nb-c100,738,1791052716566404999,88675766,0,Internal error occurred: failed to generate token: while signing jwt: rpc error: code = Unavailable desc = token signing failed: threshold not met
T-sameregion-optimistic@v2nb-c100,650,1791052716421559621,233574062,0,Internal error occurred: failed to generate token: while signing jwt: rpc error: code = Unavailable desc = token signing failed: threshold not met
T-sameregion-optimistic@v2nb-c100,707,1791052716480786136,183315848,0,Internal error occurred: failed to generate token: while signing jwt: rpc error: code = Unavailable desc = token signing failed: threshold not met
T-sameregion-optimistic@v2nb-c100,712,1791052716481250135,182940815,0,Internal error occurred: failed to generate token: while signing jwt: rpc error: code = Unavailable desc = token signing failed: threshold not met
T-sameregion-optimistic@v2nb-c100,700,1791052716480037985,184318233,0,Internal error occurred: failed to generate token: while signing jwt: rpc error: code = Unavailable desc = token signing failed: threshold not met
T-sameregion-optimistic@v2nb-c100,416,1791052715885143931,779302609,0,Internal error occurred: failed to generate token: while signing jwt: rpc error: code = Unavailable desc = token signing failed: threshold not met
T-sameregion-optimistic@v2nb-c100,711,1791052716481240825,182861171,0,Internal error occurred: failed to generate token: while signing jwt: rpc error: code = Unavailable desc = token signing failed: threshold not met
T-sameregion-optimistic@v2nb-c100,692,1791052716471679469,192891162,0,Internal error occurred: failed to generate token: while signing jwt: rpc error: code = Unavailable desc = token signing failed: threshold not met
T-sameregion-optimistic@v2nb-c100,716,1791052716518326076,146369821,0,Internal error occurred: failed to generate token: while signing jwt: rpc error: code = Unavailable desc = token signing failed: threshold not met
T-sameregion-optimistic@v2nb-c100,652,1791052716421636232,243069276,0,Internal error occurred: failed to generate token: while signing jwt: rpc error: code = Unavailable desc = token signing failed: threshold not met
T-sameregion-optimistic@v2nb-c100,733,1791052716556310748,108456664,0,Internal error occurred: failed to generate token: while signing jwt: rpc error: code = Unavailable desc = token signing failed: threshold not met
T-sameregion-optimistic@v2nb-c100,734,1791052716559938756,104840983,0,Internal error occurred: failed to generate token: while signing jwt: rpc error: code = Unavailable desc = token signing failed: threshold not met
T-sameregion-optimistic@v2nb-c100,667,1791052716442861128,221969843,0,Internal error occurred: failed to generate token: while signing jwt: rpc error: code = Unavailable desc = token signing failed: threshold not met
T-sameregion-optimistic@v2nb-c100,715,1791052716518326083,146508967,0,Internal error occurred: failed to generate token: while signing jwt: rpc error: code = Unavailable desc = token signing failed: threshold not met
T-sameregion-optimistic@v2nb-c100,670,1791052716443027551,221861972,0,Internal error occurred: failed to generate token: while signing jwt: rpc error: code = Unavailable desc = token signing failed: threshold not met
T-sameregion-optimistic@v2nb-c100,722,1791052716529687724,135244539,0,Internal error occurred: failed to generate token: while signing jwt: rpc error: code = Unavailable desc = token signing failed: threshold not met
T-sameregion-optimistic@v2nb-c100,730,1791052716553463834,111503501,0,Internal error occurred: failed to generate token: while signing jwt: rpc error: code = Unavailable desc = token signing failed: threshold not met
T-sameregion-optimistic@v2nb-c100,649,1791052716421472867,243545927,0,Internal error occurred: failed to generate token: while signing jwt: rpc error: code = Unavailable desc = token signing failed: threshold not met
T-sameregion-optimistic@v2nb-c100,696,1791052716479442346,185592566,0,Internal error occurred: failed to generate token: while signing jwt: rpc error: code = Unavailable desc = token signing failed: threshold not met
T-sameregion-optimistic@v2nb-c100,643,1791052716421182602,243881683,0,Internal error occurred: failed to generate token: while signing jwt: rpc error: code = Unavailable desc = token signing failed: threshold not met
T-sameregion-optimistic@v2nb-c100,680,1791052716443948253,221129180,0,Internal error occurred: failed to generate token: while signing jwt: rpc error: code = Unavailable desc = token signing failed: threshold not met
T-sameregion-optimistic@v2nb-c100,723,1791052716535048359,130085659,0,Internal error occurred: failed to generate token: while signing jwt: rpc error: code = Unavailable desc = token signing failed: threshold not met
T-sameregion-optimistic@v2nb-c100,742,1791052716574962483,90214303,0,Internal error occurred: failed to generate token: while signing jwt: rpc error: code = Unavailable desc = token signing failed: threshold not met
T-sameregion-optimistic@v2nb-c100,676,1791052716443597464,221595199,0,Internal error occurred: failed to generate token: while signing jwt: rpc error: code = Unavailable desc = token signing failed: threshold not met
T-sameregion-optimistic@v2nb-c100,731,1791052716553578794,111656600,0,Internal error occurred: failed to generate token: while signing jwt: rpc error: code = Unavailable desc = token signing failed: threshold not met
T-sameregion-optimistic@v2nb-c100,646,1791052716421317288,243918374,0,Internal error occurred: failed to generate token: while signing jwt: rpc error: code = Unavailable desc = token signing failed: threshold not met
T-sameregion-optimistic@v2nb-c100,656,1791052716437778551,227862774,0,Internal error occurred: failed to generate token: while signing jwt: rpc error: code = Unavailable desc = token signing failed: threshold not met
T-sameregion-optimistic@v2nb-c100,651,1791052716421562444,244208108,0,Internal error occurred: failed to generate token: while signing jwt: rpc error: code = Unavailable desc = token signing failed: threshold not met
T-sameregion-optimistic@v2nb-c100,746,1791052716624529896,50541754,0,Internal error occurred: failed to generate token: while signing jwt: rpc error: code = Unavailable desc = token signing failed: threshold not met
T-sameregion-optimistic@v2nb-c100,744,1791052716575012123,100085386,0,Internal error occurred: failed to generate token: while signing jwt: rpc error: code = Unavailable desc = token signing failed: threshold not met
T-sameregion-optimistic@v2nb-c100,732,1791052716553725602,121346072,0,Internal error occurred: failed to generate token: while signing jwt: rpc error: code = Unavailable desc = token signing failed: threshold not met
T-sameregion-optimistic@v2nb-c100,724,1791052716535285562,139943591,0,Internal error occurred: failed to generate token: while signing jwt: rpc error: code = Unavailable desc = token signing failed: threshold not met
T-sameregion-optimistic@v2nb-c100,714,1791052716503802994,171487646,0,Internal error occurred: failed to generate token: while signing jwt: rpc error: code = Unavailable desc = token signing failed: threshold not met
T-sameregion-optimistic@v2nb-c100,747,1791052716631005304,44395241,0,Internal error occurred: failed to generate token: while signing jwt: rpc error: code = Unavailable desc = token signing failed: threshold not met
T-sameregion-optimistic@v2nb-c100,726,1791052716539476754,135997813,0,Internal error occurred: failed to generate token: while signing jwt: rpc error: code = Unavailable desc = token signing failed: threshold not met
T-sameregion-optimistic@v2nb-c100,717,1791052716518388910,157101740,0,Internal error occurred: failed to generate token: while signing jwt: rpc error: code = Unavailable desc = token signing failed: threshold not met
T-sameregion-optimistic@v2nb-c100,739,1791052716566506985,114543498,0,Internal error occurred: failed to generate token: while signing jwt: rpc error: code = Unavailable desc = token signing failed: threshold not met
T-sameregion-optimistic@v2nb-c100,743,1791052716574962480,108049765,0,Internal error occurred: failed to generate token: while signing jwt: rpc error: code = Unavailable desc = token signing failed: threshold not met
T-sameregion-optimistic@v2nb-c100,745,1791052716608335803,75534552,0,Internal error occurred: failed to generate token: while signing jwt: rpc error: code = Unavailable desc = token signing failed: threshold not met
T-sameregion-optimistic@v2nb-c100,740,1791052716569648172,116207376,0,Internal error occurred: failed to generate token: while signing jwt: rpc error: code = Unavailable desc = token signing failed: threshold not met
T-sameregion-optimistic@v2nb-c100,640,1791052716421110747,264776036,0,Internal error occurred: failed to generate token: while signing jwt: rpc error: code = Unavailable desc = token signing failed: threshold not met
T-sameregion-optimistic@v2nb-c100,653,1791052716428571372,258245300,0,Internal error occurred: failed to generate token: while signing jwt: rpc error: code = Unavailable desc = token signing failed: threshold not met
T-sameregion-optimistic@v2nb-c100,674,1791052716443184245,243821947,0,Internal error occurred: failed to generate token: while signing jwt: rpc error: code = Unavailable desc = token signing failed: threshold not met
T-sameregion-optimistic@v2nb-c100,690,1791052716455052482,235675269,0,Internal error occurred: failed to generate token: while signing jwt: rpc error: code = Unavailable desc = token signing failed: threshold not met
T-sameregion-optimistic@v2nb-c100,409,1791052715877659036,814390258,0,Internal error occurred: failed to generate token: while signing jwt: rpc error: code = Unavailable desc = token signing failed: threshold not met
T-sameregion-optimistic@v2nb-c100,686,1791052716454665013,237412587,0,Internal error occurred: failed to generate token: while signing jwt: rpc error: code = Unavailable desc = token signing failed: threshold not met
T-sameregion-optimistic@v2nb-c100,703,1791052716480428704,211783525,0,Internal error occurred: failed to generate token: while signing jwt: rpc error: code = Unavailable desc = token signing failed: threshold not met
T-sameregion-optimistic@v2nb-c100,741,1791052716569703013,123498662,0,Internal error occurred: failed to generate token: while signing jwt: rpc error: code = Unavailable desc = token signing failed: threshold not met
T-sameregion-optimistic@v2nb-c100,706,1791052716480715096,212486607,0,Internal error occurred: failed to generate token: while signing jwt: rpc error: code = Unavailable desc = token signing failed: threshold not met
T-sameregion-optimistic@v2nb-c100,735,1791052716559940270,133407365,0,Internal error occurred: failed to generate token: while signing jwt: rpc error: code = Unavailable desc = token signing failed: threshold not met
T-sameregion-optimistic@v2nb-c100,702,1791052716480331651,213033694,0,Internal error occurred: failed to generate token: while signing jwt: rpc error: code = Unavailable desc = token signing failed: threshold not met
T-sameregion-optimistic@v2nb-c100,693,1791052716471709043,221750065,0,Internal error occurred: failed to generate token: while signing jwt: rpc error: code = Unavailable desc = token signing failed: threshold not met
T-sameregion-optimistic@v2nb-c100,727,1791052716553229331,140262570,0,Internal error occurred: failed to generate token: while signing jwt: rpc error: code = Unavailable desc = token signing failed: threshold not met
T-sameregion-optimistic@v2nb-c100,705,1791052716480625491,212968733,0,Internal error occurred: failed to generate token: while signing jwt: rpc error: code = Unavailable desc = token signing failed: threshold not met
T-sameregion-optimistic@v2nb-c100,637,1791052716421038087,272569834,0,Internal error occurred: failed to generate token: while signing jwt: rpc error: code = Unavailable desc = token signing failed: threshold not met
T-sameregion-optimistic@v2nb-c100,697,1791052716479611219,214155960,0,Internal error occurred: failed to generate token: while signing jwt: rpc error: code = Unavailable desc = token signing failed: threshold not met
T-sameregion-optimistic@v2nb-c100,737,1791052716566317951,127576035,0,Internal error occurred: failed to generate token: while signing jwt: rpc error: code = Unavailable desc = token signing failed: threshold not met
T-sameregion-optimistic@v2nb-c100,720,1791052716529599849,164330647,0,Internal error occurred: failed to generate token: while signing jwt: rpc error: code = Unavailable desc = token signing failed: threshold not met
T-sameregion-optimistic@v2nb-c100,672,1791052716443092342,250873402,0,Internal error occurred: failed to generate token: while signing jwt: rpc error: code = Unavailable desc = token signing failed: threshold not met
T-sameregion-optimistic@v2nb-c100,754,1791052716643053739,92164292,0,Internal error occurred: failed to generate token: while signing jwt: rpc error: code = Unavailable desc = token signing failed: threshold not met
T-sameregion-optimistic@v2nb-c100,753,1791052716642977403,92399139,0,Internal error occurred: failed to generate token: while signing jwt: rpc error: code = Unavailable desc = token signing failed: threshold not met
T-sameregion-optimistic@v2nb-c100,751,1791052716642786965,97224626,0,Internal error occurred: failed to generate token: while signing jwt: rpc error: code = Unavailable desc = token signing failed: threshold not met
T-sameregion-optimistic@v2nb-c100,763,1791052716654116122,92367930,0,Internal error occurred: failed to generate token: while signing jwt: rpc error: code = Unavailable desc = token signing failed: threshold not met
T-sameregion-optimistic@v2nb-c100,762,1791052716654025192,100107963,0,Internal error occurred: failed to generate token: while signing jwt: rpc error: code = Unavailable desc = token signing failed: threshold not met
T-sameregion-optimistic@v2nb-c100,750,1791052716640877957,113262657,0,Internal error occurred: failed to generate token: while signing jwt: rpc error: code = Unavailable desc = token signing failed: threshold not met
T-sameregion-optimistic@v2nb-c100,775,1791052716654934811,115925558,0,Internal error occurred: failed to generate token: while signing jwt: rpc error: code = Unavailable desc = token signing failed: threshold not met
T-sameregion-optimistic@v2nb-c100,439,1791052715913060521,912321361,0,Internal error occurred: failed to generate token: while signing jwt: rpc error: code = Unavailable desc = token signing failed: threshold not met
T-sameregion-optimistic@v2nb-c100,758,1791052716643386322,182215922,0,Internal error occurred: failed to generate token: while signing jwt: rpc error: code = Unavailable desc = token signing failed: threshold not met
T-sameregion-optimistic@v2nb-c100,749,1791052716640642862,185182186,0,Internal error occurred: failed to generate token: while signing jwt: rpc error: code = Unavailable desc = token signing failed: threshold not met
T-sameregion-optimistic@v2nb-c100,757,1791052716643257284,182700875,0,Internal error occurred: failed to generate token: while signing jwt: rpc error: code = Unavailable desc = token signing failed: threshold not met
T-sameregion-optimistic@v2nb-c100,760,1791052716643696060,184367360,0,Internal error occurred: failed to generate token: while signing jwt: rpc error: code = Unavailable desc = token signing failed: threshold not met
T-sameregion-optimistic@v2nb-c100,756,1791052716643182432,186003649,0,Internal error occurred: failed to generate token: while signing jwt: rpc error: code = Unavailable desc = token signing failed: threshold not met
T-sameregion-optimistic@v2nb-c100,776,1791052716655011164,175557666,0,Internal error occurred: failed to generate token: while signing jwt: rpc error: code = Unavailable desc = token signing failed: threshold not met
T-sameregion-optimistic@v2nb-c100,768,1791052716654553236,176016645,0,Internal error occurred: failed to generate token: while signing jwt: rpc error: code = Unavailable desc = token signing failed: threshold not met
T-sameregion-optimistic@v2nb-c100,765,1791052716654377527,176351362,0,Internal error occurred: failed to generate token: while signing jwt: rpc error: code = Unavailable desc = token signing failed: threshold not met
T-sameregion-optimistic@v2nb-c100,772,1791052716654820505,177927341,0,Internal error occurred: failed to generate token: while signing jwt: rpc error: code = Unavailable desc = token signing failed: threshold not met
T-sameregion-optimistic@v2nb-c100,748,1791052716640638114,192832147,0,Internal error occurred: failed to generate token: while signing jwt: rpc error: code = Unavailable desc = token signing failed: threshold not met
T-sameregion-optimistic@v2nb-c100,759,1791052716643389010,190084546,0,Internal error occurred: failed to generate token: while signing jwt: rpc error: code = Unavailable desc = token signing failed: threshold not met
T-sameregion-optimistic@v2nb-c100,766,1791052716654398245,179158155,0,Internal error occurred: failed to generate token: while signing jwt: rpc error: code = Unavailable desc = token signing failed: threshold not met
T-sameregion-optimistic@v2nb-c100,831,1791052716693610419,140042293,0,Internal error occurred: failed to generate token: while signing jwt: rpc error: code = Unavailable desc = token signing failed: threshold not met
T-sameregion-optimistic@v2nb-c100,767,1791052716654552299,179153884,0,Internal error occurred: failed to generate token: while signing jwt: rpc error: code = Unavailable desc = token signing failed: threshold not met
T-sameregion-optimistic@v2nb-c100,770,1791052716654722074,179190946,0,Internal error occurred: failed to generate token: while signing jwt: rpc error: code = Unavailable desc = token signing failed: threshold not met
T-sameregion-optimistic@v2nb-c100,752,1791052716642962643,191591441,0,Internal error occurred: failed to generate token: while signing jwt: rpc error: code = Unavailable desc = token signing failed: threshold not met
T-sameregion-optimistic@v2nb-c100,774,1791052716654863218,182695763,0,Internal error occurred: failed to generate token: while signing jwt: rpc error: code = Unavailable desc = token signing failed: threshold not met
T-sameregion-optimistic@v2nb-c100,807,1791052716675138104,162964726,0,Internal error occurred: failed to generate token: while signing jwt: rpc error: code = Unavailable desc = token signing failed: threshold not met
T-sameregion-optimistic@v2nb-c100,383,1791052715860650511,981328769,1,
T-sameregion-optimistic@v2nb-c100,828,1791052716693461454,148549338,0,Internal error occurred: failed to generate token: while signing jwt: rpc error: code = Unavailable desc = token signing failed: threshold not met
T-sameregion-optimistic@v2nb-c100,819,1791052716687009292,155223576,0,Internal error occurred: failed to generate token: while signing jwt: rpc error: code = Unavailable desc = token signing failed: threshold not met
T-sameregion-optimistic@v2nb-c100,797,1791052716665079095,177304916,0,Internal error occurred: failed to generate token: while signing jwt: rpc error: code = Unavailable desc = token signing failed: threshold not met
T-sameregion-optimistic@v2nb-c100,799,1791052716665178687,177218092,0,Internal error occurred: failed to generate token: while signing jwt: rpc error: code = Unavailable desc = token signing failed: threshold not met
T-sameregion-optimistic@v2nb-c100,790,1791052716664836704,177695690,0,Internal error occurred: failed to generate token: while signing jwt: rpc error: code = Unavailable desc = token signing failed: threshold not met
T-sameregion-optimistic@v2nb-c100,813,1791052716681055570,161566438,0,Internal error occurred: failed to generate token: while signing jwt: rpc error: code = Unavailable desc = token signing failed: threshold not met
T-sameregion-optimistic@v2nb-c100,781,1791052716664359224,178306977,0,Internal error occurred: failed to generate token: while signing jwt: rpc error: code = Unavailable desc = token signing failed: threshold not met
T-sameregion-optimistic@v2nb-c100,780,1791052716664195213,178537445,0,Internal error occurred: failed to generate token: while signing jwt: rpc error: code = Unavailable desc = token signing failed: threshold not met
T-sameregion-optimistic@v2nb-c100,761,1791052716654012098,188813190,0,Internal error occurred: failed to generate token: while signing jwt: rpc error: code = Unavailable desc = token signing failed: threshold not met
T-sameregion-optimistic@v2nb-c100,800,1791052716665194348,177632369,0,Internal error occurred: failed to generate token: while signing jwt: rpc error: code = Unavailable desc = token signing failed: threshold not met
T-sameregion-optimistic@v2nb-c100,816,1791052716685863516,157105702,0,Internal error occurred: failed to generate token: while signing jwt: rpc error: code = Unavailable desc = token signing failed: threshold not met
T-sameregion-optimistic@v2nb-c100,792,1791052716664935399,178033819,0,Internal error occurred: failed to generate token: while signing jwt: rpc error: code = Unavailable desc = token signing failed: threshold not met
T-sameregion-optimistic@v2nb-c100,379,1791052715857820524,986113908,0,Internal error occurred: failed to generate token: while signing jwt: rpc error: code = Unavailable desc = token signing failed: threshold not met
T-sameregion-optimistic@v2nb-c100,832,1791052716693769293,150173920,0,Internal error occurred: failed to generate token: while signing jwt: rpc error: code = Unavailable desc = token signing failed: threshold not met
T-sameregion-optimistic@v2nb-c100,810,1791052716675403051,168603361,0,Internal error occurred: failed to generate token: while signing jwt: rpc error: code = Unavailable desc = token signing failed: threshold not met
T-sameregion-optimistic@v2nb-c100,804,1791052716665773936,178275485,0,Internal error occurred: failed to generate token: while signing jwt: rpc error: code = Unavailable desc = token signing failed: threshold not met
T-sameregion-optimistic@v2nb-c100,809,1791052716675292725,168802600,0,Internal error occurred: failed to generate token: while signing jwt: rpc error: code = Unavailable desc = token signing failed: threshold not met
T-sameregion-optimistic@v2nb-c100,835,1791052716693967875,150261011,0,Internal error occurred: failed to generate token: while signing jwt: rpc error: code = Unavailable desc = token signing failed: threshold not met
T-sameregion-optimistic@v2nb-c100,836,1791052716735222673,109182747,0,Internal error occurred: failed to generate token: while signing jwt: rpc error: code = Unavailable desc = token signing failed: threshold not met
T-sameregion-optimistic@v2nb-c100,834,1791052716693932728,150479388,0,Internal error occurred: failed to generate token: while signing jwt: rpc error: code = Unavailable desc = token signing failed: threshold not met
T-sameregion-optimistic@v2nb-c100,769,1791052716654659318,194618833,0,Internal error occurred: failed to generate token: while signing jwt: rpc error: code = Unavailable desc = token signing failed: threshold not met
T-sameregion-optimistic@v2nb-c100,783,1791052716664573227,184834616,0,Internal error occurred: failed to generate token: while signing jwt: rpc error: code = Unavailable desc = token signing failed: threshold not met
T-sameregion-optimistic@v2nb-c100,839,1791052716746488805,103175148,0,Internal error occurred: failed to generate token: while signing jwt: rpc error: code = Unavailable desc = token signing failed: threshold not met
T-sameregion-optimistic@v2nb-c100,773,1791052716654836689,200951736,0,Internal error occurred: failed to generate token: while signing jwt: rpc error: code = Unavailable desc = token signing failed: threshold not met
T-sameregion-optimistic@v2nb-c100,784,1791052716664572908,191253593,0,Internal error occurred: failed to generate token: while signing jwt: rpc error: code = Unavailable desc = token signing failed: threshold not met
T-sameregion-optimistic@v2nb-c100,785,1791052716664698097,192942065,0,Internal error occurred: failed to generate token: while signing jwt: rpc error: code = Unavailable desc = token signing failed: threshold not met
T-sameregion-optimistic@v2nb-c100,793,1791052716664968987,192677329,0,Internal error occurred: failed to generate token: while signing jwt: rpc error: code = Unavailable desc = token signing failed: threshold not met
T-sameregion-optimistic@v2nb-c100,755,1791052716643155914,218934815,0,Internal error occurred: failed to generate token: while signing jwt: rpc error: code = Unavailable desc = token signing failed: threshold not met
T-sameregion-optimistic@v2nb-c100,815,1791052716683874927,178308534,0,Internal error occurred: failed to generate token: while signing jwt: rpc error: code = Unavailable desc = token signing failed: threshold not met
T-sameregion-optimistic@v2nb-c100,806,1791052716675100638,187161891,0,Internal error occurred: failed to generate token: while signing jwt: rpc error: code = Unavailable desc = token signing failed: threshold not met
T-sameregion-optimistic@v2nb-c100,764,1791052716654179673,208256690,0,Internal error occurred: failed to generate token: while signing jwt: rpc error: code = Unavailable desc = token signing failed: threshold not met
T-sameregion-optimistic@v2nb-c100,445,1791052715931064194,931372307,0,Internal error occurred: failed to generate token: while signing jwt: rpc error: code = Unavailable desc = token signing failed: threshold not met
T-sameregion-optimistic@v2nb-c100,837,1791052716735378852,127149064,0,Internal error occurred: failed to generate token: while signing jwt: rpc error: code = Unavailable desc = token signing failed: threshold not met
T-sameregion-optimistic@v2nb-c100,824,1791052716693204752,169405435,0,Internal error occurred: failed to generate token: while signing jwt: rpc error: code = Unavailable desc = token signing failed: threshold not met
T-sameregion-optimistic@v2nb-c100,817,1791052716685889324,176725178,0,Internal error occurred: failed to generate token: while signing jwt: rpc error: code = Unavailable desc = token signing failed: threshold not met
T-sameregion-optimistic@v2nb-c100,830,1791052716693596546,169073385,0,Internal error occurred: failed to generate token: while signing jwt: rpc error: code = Unavailable desc = token signing failed: threshold not met
T-sameregion-optimistic@v2nb-c100,771,1791052716654778764,207951452,0,Internal error occurred: failed to generate token: while signing jwt: rpc error: code = Unavailable desc = token signing failed: threshold not met
T-sameregion-optimistic@v2nb-c100,840,1791052716754139039,108625459,0,Internal error occurred: failed to generate token: while signing jwt: rpc error: code = Unavailable desc = token signing failed: threshold not met
T-sameregion-optimistic@v2nb-c100,822,1791052716692079976,170721932,0,Internal error occurred: failed to generate token: while signing jwt: rpc error: code = Unavailable desc = token signing failed: threshold not met
T-sameregion-optimistic@v2nb-c100,789,1791052716664832630,198064780,0,Internal error occurred: failed to generate token: while signing jwt: rpc error: code = Unavailable desc = token signing failed: threshold not met
T-sameregion-optimistic@v2nb-c100,788,1791052716664781504,200403290,0,Internal error occurred: failed to generate token: while signing jwt: rpc error: code = Unavailable desc = token signing failed: threshold not met
T-sameregion-optimistic@v2nb-c100,829,1791052716693494288,171690554,0,Internal error occurred: failed to generate token: while signing jwt: rpc error: code = Unavailable desc = token signing failed: threshold not met
T-sameregion-optimistic@v2nb-c100,795,1791052716665036759,200264300,0,Internal error occurred: failed to generate token: while signing jwt: rpc error: code = Unavailable desc = token signing failed: threshold not met
T-sameregion-optimistic@v2nb-c100,808,1791052716675231208,190073932,0,Internal error occurred: failed to generate token: while signing jwt: rpc error: code = Unavailable desc = token signing failed: threshold not met
T-sameregion-optimistic@v2nb-c100,778,1791052716655135532,210228543,0,Internal error occurred: failed to generate token: while signing jwt: rpc error: code = Unavailable desc = token signing failed: threshold not met
T-sameregion-optimistic@v2nb-c100,805,1791052716675078053,190342421,0,Internal error occurred: failed to generate token: while signing jwt: rpc error: code = Unavailable desc = token signing failed: threshold not met
T-sameregion-optimistic@v2nb-c100,827,1791052716693367655,172169016,0,Internal error occurred: failed to generate token: while signing jwt: rpc error: code = Unavailable desc = token signing failed: threshold not met
T-sameregion-optimistic@v2nb-c100,796,1791052716665065835,200553981,0,Internal error occurred: failed to generate token: while signing jwt: rpc error: code = Unavailable desc = token signing failed: threshold not met
T-sameregion-optimistic@v2nb-c100,843,1791052716825387004,55905970,0,Internal error occurred: failed to generate token: while signing jwt: rpc error: code = Unavailable desc = token signing failed: threshold not met
T-sameregion-optimistic@v2nb-c100,791,1791052716664891110,222201204,0,Internal error occurred: failed to generate token: while signing jwt: rpc error: code = Unavailable desc = token signing failed: threshold not met
T-sameregion-optimistic@v2nb-c100,833,1791052716693896221,193387784,0,Internal error occurred: failed to generate token: while signing jwt: rpc error: code = Unavailable desc = token signing failed: threshold not met
T-sameregion-optimistic@v2nb-c100,803,1791052716665644027,221671344,0,Internal error occurred: failed to generate token: while signing jwt: rpc error: code = Unavailable desc = token signing failed: threshold not met
T-sameregion-optimistic@v2nb-c100,798,1791052716665136625,222291970,0,Internal error occurred: failed to generate token: while signing jwt: rpc error: code = Unavailable desc = token signing failed: threshold not met
T-sameregion-optimistic@v2nb-c100,777,1791052716655082866,232415013,0,Internal error occurred: failed to generate token: while signing jwt: rpc error: code = Unavailable desc = token signing failed: threshold not met
T-sameregion-optimistic@v2nb-c100,826,1791052716693350018,194173619,0,Internal error occurred: failed to generate token: while signing jwt: rpc error: code = Unavailable desc = token signing failed: threshold not met
T-sameregion-optimistic@v2nb-c100,801,1791052716665237531,222354169,0,Internal error occurred: failed to generate token: while signing jwt: rpc error: code = Unavailable desc = token signing failed: threshold not met
T-sameregion-optimistic@v2nb-c100,787,1791052716664769175,222831766,0,Internal error occurred: failed to generate token: while signing jwt: rpc error: code = Unavailable desc = token signing failed: threshold not met
T-sameregion-optimistic@v2nb-c100,802,1791052716665237784,222399116,0,Internal error occurred: failed to generate token: while signing jwt: rpc error: code = Unavailable desc = token signing failed: threshold not met
T-sameregion-optimistic@v2nb-c100,814,1791052716683016222,204639327,0,Internal error occurred: failed to generate token: while signing jwt: rpc error: code = Unavailable desc = token signing failed: threshold not met
T-sameregion-optimistic@v2nb-c100,820,1791052716690732621,196948800,0,Internal error occurred: failed to generate token: while signing jwt: rpc error: code = Unavailable desc = token signing failed: threshold not met
T-sameregion-optimistic@v2nb-c100,821,1791052716692053670,195644094,0,Internal error occurred: failed to generate token: while signing jwt: rpc error: code = Unavailable desc = token signing failed: threshold not met
T-sameregion-optimistic@v2nb-c100,841,1791052716754143109,133600076,0,Internal error occurred: failed to generate token: while signing jwt: rpc error: code = Unavailable desc = token signing failed: threshold not met
T-sameregion-optimistic@v2nb-c100,823,1791052716692214371,195533609,0,Internal error occurred: failed to generate token: while signing jwt: rpc error: code = Unavailable desc = token signing failed: threshold not met
T-sameregion-optimistic@v2nb-c100,782,1791052716664448869,223337149,0,Internal error occurred: failed to generate token: while signing jwt: rpc error: code = Unavailable desc = token signing failed: threshold not met
T-sameregion-optimistic@v2nb-c100,825,1791052716693204755,194587512,0,Internal error occurred: failed to generate token: while signing jwt: rpc error: code = Unavailable desc = token signing failed: threshold not met
T-sameregion-optimistic@v2nb-c100,779,1791052716664108454,223725733,0,Internal error occurred: failed to generate token: while signing jwt: rpc error: code = Unavailable desc = token signing failed: threshold not met
T-sameregion-optimistic@v2nb-c100,794,1791052716665020937,222816151,0,Internal error occurred: failed to generate token: while signing jwt: rpc error: code = Unavailable desc = token signing failed: threshold not met
T-sameregion-optimistic@v2nb-c100,848,1791052716829188930,58699809,0,Internal error occurred: failed to generate token: while signing jwt: rpc error: code = Unavailable desc = token signing failed: threshold not met
T-sameregion-optimistic@v2nb-c100,812,1791052716675492449,212425146,0,Internal error occurred: failed to generate token: while signing jwt: rpc error: code = Unavailable desc = token signing failed: threshold not met
T-sameregion-optimistic@v2nb-c100,786,1791052716664707929,223252427,0,Internal error occurred: failed to generate token: while signing jwt: rpc error: code = Unavailable desc = token signing failed: threshold not met
T-sameregion-optimistic@v2nb-c100,811,1791052716675476826,212483548,0,Internal error occurred: failed to generate token: while signing jwt: rpc error: code = Unavailable desc = token signing failed: threshold not met
T-sameregion-optimistic@v2nb-c100,818,1791052716686820215,201182830,0,Internal error occurred: failed to generate token: while signing jwt: rpc error: code = Unavailable desc = token signing failed: threshold not met
T-sameregion-optimistic@v2nb-c100,838,1791052716740018312,148374422,0,Internal error occurred: failed to generate token: while signing jwt: rpc error: code = Unavailable desc = token signing failed: threshold not met
T-sameregion-optimistic@v2nb-c100,842,1791052716770865123,117643435,0,Internal error occurred: failed to generate token: while signing jwt: rpc error: code = Unavailable desc = token signing failed: threshold not met
T-sameregion-optimistic@v2nb-c100,435,1791052715908709147,980515906,0,Internal error occurred: failed to generate token: while signing jwt: rpc error: code = Unavailable desc = token signing failed: threshold not met
T-sameregion-optimistic@v2nb-c100,844,1791052716825605651,64226888,0,Internal error occurred: failed to generate token: while signing jwt: rpc error: code = Unavailable desc = token signing failed: threshold not met
T-sameregion-optimistic@v2nb-c100,849,1791052716830571960,59260570,0,Internal error occurred: failed to generate token: while signing jwt: rpc error: code = Unavailable desc = token signing failed: threshold not met
T-sameregion-optimistic@v2nb-c100,349,1791052715822980880,1091461527,0,Internal error occurred: failed to generate token: while signing jwt: rpc error: code = Unavailable desc = token signing failed: threshold not met
T-sameregion-optimistic@v2nb-c100,845,1791052716825827602,88693202,0,Internal error occurred: failed to generate token: while signing jwt: rpc error: code = Unavailable desc = token signing failed: threshold not met
T-sameregion-optimistic@v2nb-c100,850,1791052716830572808,97996266,0,Internal error occurred: failed to generate token: while signing jwt: rpc error: code = Unavailable desc = token signing failed: threshold not met
T-sameregion-optimistic@v2nb-c100,858,1791052716833916128,111977276,0,Internal error occurred: failed to generate token: while signing jwt: rpc error: code = Unavailable desc = token signing failed: threshold not met
T-sameregion-optimistic@v2nb-c100,860,1791052716837563024,108372508,0,Internal error occurred: failed to generate token: while signing jwt: rpc error: code = Unavailable desc = token signing failed: threshold not met
T-sameregion-optimistic@v2nb-c100,876,1791052716843946449,102323071,0,Internal error occurred: failed to generate token: while signing jwt: rpc error: code = Unavailable desc = token signing failed: threshold not met
T-sameregion-optimistic@v2nb-c100,904,1791052716865188498,81172646,0,Internal error occurred: failed to generate token: while signing jwt: rpc error: code = Unavailable desc = token signing failed: threshold not met
T-sameregion-optimistic@v2nb-c100,873,1791052716842971384,103431399,0,Internal error occurred: failed to generate token: while signing jwt: rpc error: code = Unavailable desc = token signing failed: threshold not met
T-sameregion-optimistic@v2nb-c100,871,1791052716842827378,103648708,0,Internal error occurred: failed to generate token: while signing jwt: rpc error: code = Unavailable desc = token signing failed: threshold not met
T-sameregion-optimistic@v2nb-c100,867,1791052716842534998,104058715,0,Internal error occurred: failed to generate token: while signing jwt: rpc error: code = Unavailable desc = token signing failed: threshold not met
T-sameregion-optimistic@v2nb-c100,870,1791052716842735433,103898310,0,Internal error occurred: failed to generate token: while signing jwt: rpc error: code = Unavailable desc = token signing failed: threshold not met
T-sameregion-optimistic@v2nb-c100,863,1791052716842013184,104691963,0,Internal error occurred: failed to generate token: while signing jwt: rpc error: code = Unavailable desc = token signing failed: threshold not met
T-sameregion-optimistic@v2nb-c100,900,1791052716862766426,83995178,0,Internal error occurred: failed to generate token: while signing jwt: rpc error: code = Unavailable desc = token signing failed: threshold not met
T-sameregion-optimistic@v2nb-c100,894,1791052716862438897,84406184,0,Internal error occurred: failed to generate token: while signing jwt: rpc error: code = Unavailable desc = token signing failed: threshold not met
T-sameregion-optimistic@v2nb-c100,907,1791052716865366015,102428230,0,Internal error occurred: failed to generate token: while signing jwt: rpc error: code = Unavailable desc = token signing failed: threshold not met
T-sameregion-optimistic@v2nb-c100,908,1791052716865422303,102553615,0,Internal error occurred: failed to generate token: while signing jwt: rpc error: code = Unavailable desc = token signing failed: threshold not met
T-sameregion-optimistic@v2nb-c100,924,1791052716887744829,80246071,0,Internal error occurred: failed to generate token: while signing jwt: rpc error: code = Unavailable desc = token signing failed: threshold not met
T-sameregion-optimistic@v2nb-c100,903,1791052716865188500,102858067,0,Internal error occurred: failed to generate token: while signing jwt: rpc error: code = Unavailable desc = token signing failed: threshold not met
T-sameregion-optimistic@v2nb-c100,939,1791052716889835347,115151634,0,Internal error occurred: failed to generate token: while signing jwt: rpc error: code = Unavailable desc = token signing failed: threshold not met
T-sameregion-optimistic@v2nb-c100,923,1791052716887699701,117616679,0,Internal error occurred: failed to generate token: while signing jwt: rpc error: code = Unavailable desc = token signing failed: threshold not met
T-sameregion-optimistic@v2nb-c100,915,1791052716887430905,117885471,0,Internal error occurred: failed to generate token: while signing jwt: rpc error: code = Unavailable desc = token signing failed: threshold not met
T-sameregion-optimistic@v2nb-c100,937,1791052716889228078,116825403,0,Internal error occurred: failed to generate token: while signing jwt: rpc error: code = Unavailable desc = token signing failed: threshold not met
T-sameregion-optimistic@v2nb-c100,928,1791052716887836162,119443796,0,Internal error occurred: failed to generate token: while signing jwt: rpc error: code = Unavailable desc = token signing failed: threshold not met
T-sameregion-optimistic@v2nb-c100,913,1791052716887287494,120089336,0,Internal error occurred: failed to generate token: while signing jwt: rpc error: code = Unavailable desc = token signing failed: threshold not met
T-sameregion-optimistic@v2nb-c100,931,1791052716887919501,119528623,0,Internal error occurred: failed to generate token: while signing jwt: rpc error: code = Unavailable desc = token signing failed: threshold not met
T-sameregion-optimistic@v2nb-c100,938,1791052716889835358,118046094,0,Internal error occurred: failed to generate token: while signing jwt: rpc error: code = Unavailable desc = token signing failed: threshold not met
T-sameregion-optimistic@v2nb-c100,377,1791052715857346772,1172233301,0,Internal error occurred: failed to generate token: while signing jwt: rpc error: code = Unavailable desc = token signing failed: threshold not met
T-sameregion-optimistic@v2nb-c100,947,1791052716946405157,96585372,0,Internal error occurred: failed to generate token: while signing jwt: rpc error: code = Unavailable desc = token signing failed: threshold not met
T-sameregion-optimistic@v2nb-c100,953,1791052716946847443,96143105,0,Internal error occurred: failed to generate token: while signing jwt: rpc error: code = Unavailable desc = token signing failed: threshold not met
T-sameregion-optimistic@v2nb-c100,952,1791052716946763436,98551197,0,Internal error occurred: failed to generate token: while signing jwt: rpc error: code = Unavailable desc = token signing failed: threshold not met
T-sameregion-optimistic@v2nb-c100,846,1791052716825960598,220403380,0,Internal error occurred: failed to generate token: while signing jwt: rpc error: code = Unavailable desc = token signing failed: threshold not met
T-sameregion-optimistic@v2nb-c100,847,1791052716828066531,218515196,0,Internal error occurred: failed to generate token: while signing jwt: rpc error: code = Unavailable desc = token signing failed: threshold not met
T-sameregion-optimistic@v2nb-c100,861,1791052716838106673,211095761,0,Internal error occurred: failed to generate token: while signing jwt: rpc error: code = Unavailable desc = token signing failed: threshold not met
T-sameregion-optimistic@v2nb-c100,882,1791052716844414596,205225989,0,Internal error occurred: failed to generate token: while signing jwt: rpc error: code = Unavailable desc = token signing failed: threshold not met
T-sameregion-optimistic@v2nb-c100,875,1791052716843937643,208352418,0,Internal error occurred: failed to generate token: while signing jwt: rpc error: code = Unavailable desc = token signing failed: threshold not met
T-sameregion-optimistic@v2nb-c100,945,1791052716946273378,106193438,0,Internal error occurred: failed to generate token: while signing jwt: rpc error: code = Unavailable desc = token signing failed: threshold not met
T-sameregion-optimistic@v2nb-c100,869,1791052716842668277,209834084,0,Internal error occurred: failed to generate token: while signing jwt: rpc error: code = Unavailable desc = token signing failed: threshold not met
T-sameregion-optimistic@v2nb-c100,948,1791052716946478170,107360146,0,Internal error occurred: failed to generate token: while signing jwt: rpc error: code = Unavailable desc = token signing failed: threshold not met
T-sameregion-optimistic@v2nb-c100,917,1791052716887525435,166601633,0,Internal error occurred: failed to generate token: while signing jwt: rpc error: code = Unavailable desc = token signing failed: threshold not met
T-sameregion-optimistic@v2nb-c100,881,1791052716844408313,209724837,0,Internal error occurred: failed to generate token: while signing jwt: rpc error: code = Unavailable desc = token signing failed: threshold not met
T-sameregion-optimistic@v2nb-c100,935,1791052716888396331,168029285,0,Internal error occurred: failed to generate token: while signing jwt: rpc error: code = Unavailable desc = token signing failed: threshold not met
T-sameregion-optimistic@v2nb-c100,934,1791052716888004979,168442386,0,Internal error occurred: failed to generate token: while signing jwt: rpc error: code = Unavailable desc = token signing failed: threshold not met
T-sameregion-optimistic@v2nb-c100,902,1791052716862913261,193621345,0,Internal error occurred: failed to generate token: while signing jwt: rpc error: code = Unavailable desc = token signing failed: threshold not met
T-sameregion-optimistic@v2nb-c100,940,1791052716914449059,142164454,0,Internal error occurred: failed to generate token: while signing jwt: rpc error: code = Unavailable desc = token signing failed: threshold not met
T-sameregion-optimistic@v2nb-c100,921,1791052716887657183,168960363,0,Internal error occurred: failed to generate token: while signing jwt: rpc error: code = Unavailable desc = token signing failed: threshold not met
T-sameregion-optimistic@v2nb-c100,880,1791052716844231243,212532248,0,Internal error occurred: failed to generate token: while signing jwt: rpc error: code = Unavailable desc = token signing failed: threshold not met
T-sameregion-optimistic@v2nb-c100,862,1791052716841983262,214795380,0,Internal error occurred: failed to generate token: while signing jwt: rpc error: code = Unavailable desc = token signing failed: threshold not met
T-sameregion-optimistic@v2nb-c100,933,1791052716887962038,168906401,0,Internal error occurred: failed to generate token: while signing jwt: rpc error: code = Unavailable desc = token signing failed: threshold not met
T-sameregion-optimistic@v2nb-c100,925,1791052716887750128,169128918,0,Internal error occurred: failed to generate token: while signing jwt: rpc error: code = Unavailable desc = token signing failed: threshold not met
T-sameregion-optimistic@v2nb-c100,852,1791052716832751519,224267040,0,Internal error occurred: failed to generate token: while signing jwt: rpc error: code = Unavailable desc = token signing failed: threshold not met
T-sameregion-optimistic@v2nb-c100,857,1791052716833709733,223349580,0,Internal error occurred: failed to generate token: while signing jwt: rpc error: code = Unavailable desc = token signing failed: threshold not met
T-sameregion-optimistic@v2nb-c100,887,1791052716855829104,206330449,0,Internal error occurred: failed to generate token: while signing jwt: rpc error: code = Unavailable desc = token signing failed: threshold not met
T-sameregion-optimistic@v2nb-c100,892,1791052716862264902,199998886,0,Internal error occurred: failed to generate token: while signing jwt: rpc error: code = Unavailable desc = token signing failed: threshold not met
T-sameregion-optimistic@v2nb-c100,893,1791052716862438644,200387846,0,Internal error occurred: failed to generate token: while signing jwt: rpc error: code = Unavailable desc = token signing failed: threshold not met
T-sameregion-optimistic@v2nb-c100,889,1791052716857650641,206828264,0,Internal error occurred: failed to generate token: while signing jwt: rpc error: code = Unavailable desc = token signing failed: threshold not met
T-sameregion-optimistic@v2nb-c100,874,1791052716842971624,221507364,0,Internal error occurred: failed to generate token: while signing jwt: rpc error: code = Unavailable desc = token signing failed: threshold not met
T-sameregion-optimistic@v2nb-c100,901,1791052716862803617,201857003,0,Internal error occurred: failed to generate token: while signing jwt: rpc error: code = Unavailable desc = token signing failed: threshold not met
T-sameregion-optimistic@v2nb-c100,853,1791052716833473562,231572469,0,Internal error occurred: failed to generate token: while signing jwt: rpc error: code = Unavailable desc = token signing failed: threshold not met
T-sameregion-optimistic@v2nb-c100,854,1791052716833475769,231576951,0,Internal error occurred: failed to generate token: while signing jwt: rpc error: code = Unavailable desc = token signing failed: threshold not met
T-sameregion-optimistic@v2nb-c100,905,1791052716865303198,199798230,0,Internal error occurred: failed to generate token: while signing jwt: rpc error: code = Unavailable desc = token signing failed: threshold not met
T-sameregion-optimistic@v2nb-c100,859,1791052716834556944,231540775,0,Internal error occurred: failed to generate token: while signing jwt: rpc error: code = Unavailable desc = token signing failed: threshold not met
T-sameregion-optimistic@v2nb-c100,865,1791052716842386609,223801496,0,Internal error occurred: failed to generate token: while signing jwt: rpc error: code = Unavailable desc = token signing failed: threshold not met
T-sameregion-optimistic@v2nb-c100,866,1791052716842410028,223797274,0,Internal error occurred: failed to generate token: while signing jwt: rpc error: code = Unavailable desc = token signing failed: threshold not met
T-sameregion-optimistic@v2nb-c100,877,1791052716844008443,222270272,0,Internal error occurred: failed to generate token: while signing jwt: rpc error: code = Unavailable desc = token signing failed: threshold not met
T-sameregion-optimistic@v2nb-c100,890,1791052716862096498,206694121,0,Internal error occurred: failed to generate token: while signing jwt: rpc error: code = Unavailable desc = token signing failed: threshold not met
T-sameregion-optimistic@v2nb-c100,878,1791052716844051149,224739716,0,Internal error occurred: failed to generate token: while signing jwt: rpc error: code = Unavailable desc = token signing failed: threshold not met
T-sameregion-optimistic@v2nb-c100,879,1791052716844096978,224712121,0,Internal error occurred: failed to generate token: while signing jwt: rpc error: code = Unavailable desc = token signing failed: threshold not met
T-sameregion-optimistic@v2nb-c100,897,1791052716862616705,206200897,0,Internal error occurred: failed to generate token: while signing jwt: rpc error: code = Unavailable desc = token signing failed: threshold not met
T-sameregion-optimistic@v2nb-c100,891,1791052716862186168,206639857,0,Internal error occurred: failed to generate token: while signing jwt: rpc error: code = Unavailable desc = token signing failed: threshold not met
T-sameregion-optimistic@v2nb-c100,898,1791052716862679902,206147232,0,Internal error occurred: failed to generate token: while signing jwt: rpc error: code = Unavailable desc = token signing failed: threshold not met
T-sameregion-optimistic@v2nb-c100,899,1791052716862731825,206371580,0,Internal error occurred: failed to generate token: while signing jwt: rpc error: code = Unavailable desc = token signing failed: threshold not met
T-sameregion-optimistic@v2nb-c100,926,1791052716887787888,181949881,0,Internal error occurred: failed to generate token: while signing jwt: rpc error: code = Unavailable desc = token signing failed: threshold not met
T-sameregion-optimistic@v2nb-c100,909,1791052716865539002,204764513,0,Internal error occurred: failed to generate token: while signing jwt: rpc error: code = Unavailable desc = token signing failed: threshold not met
T-sameregion-optimistic@v2nb-c100,910,1791052716865621736,204840952,0,Internal error occurred: failed to generate token: while signing jwt: rpc error: code = Unavailable desc = token signing failed: threshold not met
T-sameregion-optimistic@v2nb-c100,914,1791052716887317669,183441668,0,Internal error occurred: failed to generate token: while signing jwt: rpc error: code = Unavailable desc = token signing failed: threshold not met
T-sameregion-optimistic@v2nb-c100,936,1791052716888513787,182337424,0,Internal error occurred: failed to generate token: while signing jwt: rpc error: code = Unavailable desc = token signing failed: threshold not met
T-sameregion-optimistic@v2nb-c100,929,1791052716887839665,183273062,0,Internal error occurred: failed to generate token: while signing jwt: rpc error: code = Unavailable desc = token signing failed: threshold not met
T-sameregion-optimistic@v2nb-c100,911,1791052716881298555,190113415,0,Internal error occurred: failed to generate token: while signing jwt: rpc error: code = Unavailable desc = token signing failed: threshold not met
T-sameregion-optimistic@v2nb-c100,864,1791052716842235581,229254604,0,Internal error occurred: failed to generate token: while signing jwt: rpc error: code = Unavailable desc = token signing failed: threshold not met
T-sameregion-optimistic@v2nb-c100,959,1791052717005320292,68782200,0,Internal error occurred: failed to generate token: while signing jwt: rpc error: code = Unavailable desc = token signing failed: threshold not met
T-sameregion-optimistic@v2nb-c100,963,1791052717007379611,68407371,0,Internal error occurred: failed to generate token: while signing jwt: rpc error: code = Unavailable desc = token signing failed: threshold not met
T-sameregion-optimistic@v2nb-c100,906,1791052716865307242,211322794,0,Internal error occurred: failed to generate token: while signing jwt: rpc error: code = Unavailable desc = token signing failed: threshold not met
T-sameregion-optimistic@v2nb-c100,365,1791052715847417450,1254960344,1,
T-sameregion-optimistic@v2nb-c100,962,1791052717007291770,95142846,0,Internal error occurred: failed to generate token: while signing jwt: rpc error: code = Unavailable desc = token signing failed: threshold not met
T-sameregion-optimistic@v2nb-c100,966,1791052717029585294,76915623,0,Internal error occurred: failed to generate token: while signing jwt: rpc error: code = Unavailable desc = token signing failed: threshold not met
T-sameregion-optimistic@v2nb-c100,381,1791052715857963371,1280309199,1,
T-sameregion-optimistic@v2nb-c100,916,1791052716887499734,254545590,0,Internal error occurred: failed to generate token: while signing jwt: rpc error: code = Unavailable desc = token signing failed: threshold not met
T-sameregion-optimistic@v2nb-c100,950,1791052716946635833,195441139,0,Internal error occurred: failed to generate token: while signing jwt: rpc error: code = Unavailable desc = token signing failed: threshold not met
T-sameregion-optimistic@v2nb-c100,941,1791052716914524476,227564212,0,Internal error occurred: failed to generate token: while signing jwt: rpc error: code = Unavailable desc = token signing failed: threshold not met
T-sameregion-optimistic@v2nb-c100,973,1791052717049644217,92454761,0,Internal error occurred: failed to generate token: while signing jwt: rpc error: code = Unavailable desc = token signing failed: threshold not met
T-sameregion-optimistic@v2nb-c100,918,1791052716887593667,254518111,0,Internal error occurred: failed to generate token: while signing jwt: rpc error: code = Unavailable desc = token signing failed: threshold not met
T-sameregion-optimistic@v2nb-c100,955,1791052716967980503,174159214,0,Internal error occurred: failed to generate token: while signing jwt: rpc error: code = Unavailable desc = token signing failed: threshold not met
T-sameregion-optimistic@v2nb-c100,912,1791052716887098700,255520841,0,Internal error occurred: failed to generate token: while signing jwt: rpc error: code = Unavailable desc = token signing failed: threshold not met
T-sameregion-optimistic@v2nb-c100,958,1791052717004993496,137711734,0,Internal error occurred: failed to generate token: while signing jwt: rpc error: code = Unavailable desc = token signing failed: threshold not met
T-sameregion-optimistic@v2nb-c100,943,1791052716945917188,196839576,0,Internal error occurred: failed to generate token: while signing jwt: rpc error: code = Unavailable desc = token signing failed: threshold not met
T-sameregion-optimistic@v2nb-c100,944,1791052716945938613,196834995,0,Internal error occurred: failed to generate token: while signing jwt: rpc error: code = Unavailable desc = token signing failed: threshold not met
T-sameregion-optimistic@v2nb-c100,946,1791052716946363807,196423682,0,Internal error occurred: failed to generate token: while signing jwt: rpc error: code = Unavailable desc = token signing failed: threshold not met
T-sameregion-optimistic@v2nb-c100,969,1791052717045320407,97480426,0,Internal error occurred: failed to generate token: while signing jwt: rpc error: code = Unavailable desc = token signing failed: threshold not met
T-sameregion-optimistic@v2nb-c100,930,1791052716887890491,254929100,0,Internal error occurred: failed to generate token: while signing jwt: rpc error: code = Unavailable desc = token signing failed: threshold not met
T-sameregion-optimistic@v2nb-c100,961,1791052717006057671,136773900,0,Internal error occurred: failed to generate token: while signing jwt: rpc error: code = Unavailable desc = token signing failed: threshold not met
T-sameregion-optimistic@v2nb-c100,964,1791052717007450390,135392964,0,Internal error occurred: failed to generate token: while signing jwt: rpc error: code = Unavailable desc = token signing failed: threshold not met
T-sameregion-optimistic@v2nb-c100,954,1791052716967800248,175253793,0,Internal error occurred: failed to generate token: while signing jwt: rpc error: code = Unavailable desc = token signing failed: threshold not met
T-sameregion-optimistic@v2nb-c100,968,1791052717042996570,102523113,0,Internal error occurred: failed to generate token: while signing jwt: rpc error: code = Unavailable desc = token signing failed: threshold not met
T-sameregion-optimistic@v2nb-c100,985,1791052717056766184,89570477,0,Internal error occurred: failed to generate token: while signing jwt: rpc error: code = Unavailable desc = token signing failed: threshold not met
T-sameregion-optimistic@v2nb-c100,986,1791052717056780677,89580050,0,Internal error occurred: failed to generate token: while signing jwt: rpc error: code = Unavailable desc = token signing failed: threshold not met
T-sameregion-optimistic@v2nb-c100,971,1791052717046584884,99786840,0,Internal error occurred: failed to generate token: while signing jwt: rpc error: code = Unavailable desc = token signing failed: threshold not met
T-sameregion-optimistic@v2nb-c100,385,1791052715865460131,1281391059,0,Internal error occurred: failed to generate token: while signing jwt: rpc error: code = Unavailable desc = token signing failed: threshold not met
T-sameregion-optimistic@v2nb-c100,970,1791052717046369175,100546333,0,Internal error occurred: failed to generate token: while signing jwt: rpc error: code = Unavailable desc = token signing failed: threshold not met
T-sameregion-optimistic@v2nb-c100,978,1791052717054134059,92800451,0,Internal error occurred: failed to generate token: while signing jwt: rpc error: code = Unavailable desc = token signing failed: threshold not met
T-sameregion-optimistic@v2nb-c100,984,1791052717056619588,90445762,0,Internal error occurred: failed to generate token: while signing jwt: rpc error: code = Unavailable desc = token signing failed: threshold not met
T-sameregion-optimistic@v2nb-c100,983,1791052717056615851,90451656,0,Internal error occurred: failed to generate token: while signing jwt: rpc error: code = Unavailable desc = token signing failed: threshold not met
T-sameregion-optimistic@v2nb-c100,982,1791052717056536526,90545493,0,Internal error occurred: failed to generate token: while signing jwt: rpc error: code = Unavailable desc = token signing failed: threshold not met
T-sameregion-optimistic@v2nb-c100,1000,1791052717066100870,96227164,0,Internal error occurred: failed to generate token: while signing jwt: rpc error: code = Unavailable desc = token signing failed: threshold not met
T-sameregion-optimistic@v2nb-c100,996,1791052717064663702,98204127,0,Internal error occurred: failed to generate token: while signing jwt: rpc error: code = Unavailable desc = token signing failed: threshold not met
T-sameregion-optimistic@v2nb-c100,988,1791052717056880716,105990586,0,Internal error occurred: failed to generate token: while signing jwt: rpc error: code = Unavailable desc = token signing failed: threshold not met
T-sameregion-optimistic@v2nb-c100,994,1791052717064526937,98360149,0,Internal error occurred: failed to generate token: while signing jwt: rpc error: code = Unavailable desc = token signing failed: threshold not met
T-sameregion-optimistic@v2nb-c100,991,1791052717062164189,100763450,0,Internal error occurred: failed to generate token: while signing jwt: rpc error: code = Unavailable desc = token signing failed: threshold not met
T-sameregion-optimistic@v2nb-c100,995,1791052717064482383,98576722,0,Internal error occurred: failed to generate token: while signing jwt: rpc error: code = Unavailable desc = token signing failed: threshold not met
T-sameregion-optimistic@v2nb-c100,987,1791052717056870387,106211150,0,Internal error occurred: failed to generate token: while signing jwt: rpc error: code = Unavailable desc = token signing failed: threshold not met
T-sameregion-optimistic@v2nb-c100,999,1791052717065104429,97993156,0,Internal error occurred: failed to generate token: while signing jwt: rpc error: code = Unavailable desc = token signing failed: threshold not met
T-sameregion-optimistic@v2nb-c100,998,1791052717065054924,98051429,0,Internal error occurred: failed to generate token: while signing jwt: rpc error: code = Unavailable desc = token signing failed: threshold not met
T-sameregion-optimistic@v2nb-c100,975,1791052717052470328,111027585,0,Internal error occurred: failed to generate token: while signing jwt: rpc error: code = Unavailable desc = token signing failed: threshold not met
T-sameregion-optimistic@v2nb-c100,993,1791052717062829945,101757535,0,Internal error occurred: failed to generate token: while signing jwt: rpc error: code = Unavailable desc = token signing failed: threshold not met
T-sameregion-optimistic@v2nb-c100,990,1791052717057061673,107541033,0,Internal error occurred: failed to generate token: while signing jwt: rpc error: code = Unavailable desc = token signing failed: threshold not met
T-sameregion-optimistic@v2nb-c100,997,1791052717065049908,99560269,0,Internal error occurred: failed to generate token: while signing jwt: rpc error: code = Unavailable desc = token signing failed: threshold not met
T-sameregion-optimistic@v2nb-c100,989,1791052717057021011,107607233,0,Internal error occurred: failed to generate token: while signing jwt: rpc error: code = Unavailable desc = token signing failed: threshold not met
T-sameregion-optimistic@v2nb-c100,992,1791052717062266813,102369120,0,Internal error occurred: failed to generate token: while signing jwt: rpc error: code = Unavailable desc = token signing failed: threshold not met
T-sameregion-optimistic@v2nb-c100,980,1791052717056429647,108214170,0,Internal error occurred: failed to generate token: while signing jwt: rpc error: code = Unavailable desc = token signing failed: threshold not met
T-sameregion-optimistic@v2nb-c100,919,1791052716887603307,283548810,0,Internal error occurred: failed to generate token: while signing jwt: rpc error: code = Unavailable desc = token signing failed: threshold not met
T-sameregion-optimistic@v2nb-c100,376,1791052715855002013,1348474028,1,
T-sameregion-optimistic@v2nb-c100,868,1791052716842624249,390085782,0,Internal error occurred: failed to generate token: while signing jwt: rpc error: code = Unavailable desc = token signing failed: threshold not met
T-sameregion-optimistic@v2nb-c100,856,1791052716833654860,401226644,0,Internal error occurred: failed to generate token: while signing jwt: rpc error: code = Unavailable desc = token signing failed: threshold not met
T-sameregion-optimistic@v2nb-c100,395,1791052715870374308,1375778616,0,Internal error occurred: failed to generate token: while signing jwt: rpc error: code = Unavailable desc = token signing failed: threshold not met
T-sameregion-optimistic@v2nb-c100,932,1791052716887962027,380585008,0,Internal error occurred: failed to generate token: while signing jwt: rpc error: code = Unavailable desc = token signing failed: threshold not met
T-sameregion-optimistic@v2nb-c100,895,1791052716862529849,462824510,0,Internal error occurred: failed to generate token: while signing jwt: rpc error: code = Unavailable desc = token signing failed: threshold not met
T-sameregion-optimistic@v2nb-c100,883,1791052716849282096,479599924,1,
T-sameregion-optimistic@v2nb-c100,885,1791052716849666144,507529760,1,
T-sameregion-optimistic@v2nb-c100,957,1791052716968048295,393109917,0,Internal error occurred: failed to generate token: while signing jwt: rpc error: code = Unavailable desc = token signing failed: threshold not met
T-sameregion-optimistic@v2nb-c100,972,1791052717049212945,327411358,0,Internal error occurred: failed to generate token: while signing jwt: rpc error: code = Unavailable desc = token signing failed: threshold not met
T-sameregion-optimistic@v2nb-c100,942,1791052716928574475,507735991,0,Internal error occurred: failed to generate token: while signing jwt: rpc error: code = Unavailable desc = token signing failed: threshold not met
T-sameregion-optimistic@v2nb-c100,888,1791052716857646114,592371848,1,
T-sameregion-optimistic@v2nb-c100,976,1791052717052505861,417457835,0,Internal error occurred: failed to generate token: while signing jwt: rpc error: code = Unavailable desc = token signing failed: threshold not met
T-sameregion-optimistic@v2nb-c100,927,1791052716887793941,628884361,0,Internal error occurred: failed to generate token: while signing jwt: rpc error: code = Unavailable desc = token signing failed: threshold not met
T-sameregion-optimistic@v2nb-c100,922,1791052716887683095,644660879,0,Internal error occurred: failed to generate token: while signing jwt: rpc error: code = Unavailable desc = token signing failed: threshold not met
T-sameregion-optimistic@v2nb-c100,896,1791052716862612063,680309962,0,Internal error occurred: failed to generate token: while signing jwt: rpc error: code = Unavailable desc = token signing failed: threshold not met
T-sameregion-optimistic@v2nb-c100,977,1791052717053842565,586627373,0,Internal error occurred: failed to generate token: while signing jwt: rpc error: code = Unavailable desc = token signing failed: threshold not met
T-sameregion-optimistic@v2nb-c100,884,1791052716849409722,791541634,0,Internal error occurred: failed to generate token: while signing jwt: rpc error: code = Unavailable desc = token signing failed: threshold not met
T-sameregion-optimistic@v2nb-c100,951,1791052716946707167,706962922,1,
T-sameregion-optimistic@v2nb-c100,979,1791052717054135470,619916135,0,Internal error occurred: failed to generate token: while signing jwt: rpc error: code = Unavailable desc = token signing failed: threshold not met
T-sameregion-optimistic@v2nb-c100,960,1791052717005320255,700440228,0,Internal error occurred: failed to generate token: while signing jwt: rpc error: code = Unavailable desc = token signing failed: threshold not met
T-sameregion-optimistic@v2nb-c100,965,1791052717007885122,715355450,0,Internal error occurred: failed to generate token: while signing jwt: rpc error: code = Unavailable desc = token signing failed: threshold not met
T-sameregion-optimistic@v2nb-c100,949,1791052716946595819,798283609,0,Internal error occurred: failed to generate token: while signing jwt: rpc error: code = Unavailable desc = token signing failed: threshold not met
T-sameregion-optimistic@v2nb-c100,956,1791052716967993057,794520793,0,Internal error occurred: failed to generate token: while signing jwt: rpc error: code = Unavailable desc = token signing failed: threshold not met
T-sameregion-optimistic@v2nb-c100,886,1791052716855793947,971750579,0,Internal error occurred: failed to generate token: while signing jwt: rpc error: code = Unavailable desc = token signing failed: threshold not met
T-sameregion-optimistic@v2nb-c100,851,1791052716830731520,1014252321,0,Internal error occurred: failed to generate token: while signing jwt: rpc error: code = Unavailable desc = token signing failed: threshold not met
T-sameregion-optimistic@v2nb-c100,855,1791052716833558411,1022848416,0,Internal error occurred: failed to generate token: while signing jwt: rpc error: code = Unavailable desc = token signing failed: threshold not met
T-sameregion-optimistic@v2nb-c100,974,1791052717052295936,886367898,0,Internal error occurred: failed to generate token: while signing jwt: rpc error: code = Unavailable desc = token signing failed: threshold not met
T-sameregion-optimistic@v2nb-c100,872,1791052716842828737,1105450223,0,Internal error occurred: failed to generate token: while signing jwt: rpc error: code = Unavailable desc = token signing failed: threshold not met
T-sameregion-optimistic@v2nb-c100,981,1791052717056449814,977693659,0,Internal error occurred: failed to generate token: while signing jwt: rpc error: code = Unavailable desc = token signing failed: threshold not met
T-sameregion-optimistic@v2nb-c100,920,1791052716887638529,1154827109,0,Internal error occurred: failed to generate token: while signing jwt: rpc error: code = Unavailable desc = token signing failed: threshold not met
T-sameregion-optimistic@v2nb-c100,967,1791052717042996576,1017837372,1,
