label,seq,start_unix_ns,latency_ns,ok,error
T-sameregion-optimistic@v2nb-c150,3,1791052731157092764,81757474,1,
T-sameregion-optimistic@v2nb-c150,2,1791052731157033399,82071484,0,Internal error occurred: failed to generate token: while signing jwt: rpc error: code = Unavailable desc = token signing failed: threshold not met
T-sameregion-optimistic@v2nb-c150,4,1791052731157143284,81961605,0,Internal error occurred: failed to generate token: while signing jwt: rpc error: code = Unavailable desc = token signing failed: threshold not met
T-sameregion-optimistic@v2nb-c150,9,1791052731157381286,92711943,0,Internal error occurred: failed to generate token: while signing jwt: rpc error: code = Unavailable desc = token signing failed: threshold not met
T-sameregion-optimistic@v2nb-c150,8,1791052731157341671,92751561,0,Internal error occurred: failed to generate token: while signing jwt: rpc error: code = Unavailable desc = token signing failed: threshold not met
T-sameregion-optimistic@v2nb-c150,7,1791052731157290536,98412812,0,Internal error occurred: failed to generate token: while signing jwt: rpc error: code = Unavailable desc = token signing failed: threshold not met
T-sameregion-optimistic@v2nb-c150,12,1791052731157512113,99935373,0,Internal error occurred: failed to generate token: while signing jwt: rpc error: code = Unavailable desc = token signing failed: threshold not met
T-sameregion-optimistic@v2nb-c150,1,1791052731156880274,101765659,0,Internal error occurred: failed to generate token: while signing jwt: rpc error: code = Unavailable desc = token signing failed: threshold not met
T-sameregion-optimistic@v2nb-c150,11,1791052731157469765,103097037,0,Internal error occurred: failed to generate token: while signing jwt: rpc error: code = Unavailable desc = token signing failed: threshold not met
T-sameregion-optimistic@v2nb-c150,5,1791052731157200275,103368259,0,Internal error occurred: failed to generate token: while signing jwt: rpc error: code = Unavailable desc = token signing failed: threshold not met
T-sameregion-optimistic@v2nb-c150,101,1791052731161352309,108076140,0,Internal error occurred: failed to generate token: while signing jwt: rpc error: code = Unavailable desc = token signing failed: threshold not met
T-sameregion-optimistic@v2nb-c150,104,1791052731161493920,107941803,0,Internal error occurred: failed to generate token: while signing jwt: rpc error: code = Unavailable desc = token signing failed: threshold not met
T-sameregion-optimistic@v2nb-c150,115,1791052731164032363,106740670,0,Internal error occurred: failed to generate token: while signing jwt: rpc error: code = Unavailable desc = token signing failed: threshold not met
T-sameregion-optimistic@v2nb-c150,140,1791052731167036735,106557229,0,Internal error occurred: failed to generate token: while signing jwt: rpc error: code = Unavailable desc = token signing failed: threshold not met
T-sameregion-optimistic@v2nb-c150,33,1791052731158372746,115490423,0,Internal error occurred: failed to generate token: while signing jwt: rpc error: code = Unavailable desc = token signing failed: threshold not met
T-sameregion-optimistic@v2nb-c150,103,1791052731161446166,201754468,0,Internal error occurred: failed to generate token: while signing jwt: rpc error: code = Unavailable desc = token signing failed: threshold not met
T-sameregion-optimistic@v2nb-c150,25,1791052731158063575,205154090,0,Internal error occurred: failed to generate token: while signing jwt: rpc error: code = Unavailable desc = token signing failed: threshold not met
T-sameregion-optimistic@v2nb-c150,26,1791052731158101615,205462557,0,Internal error occurred: failed to generate token: while signing jwt: rpc error: code = Unavailable desc = token signing failed: threshold not met
T-sameregion-optimistic@v2nb-c150,70,1791052731159877920,205847916,0,Internal error occurred: failed to generate token: while signing jwt: rpc error: code = Unavailable desc = token signing failed: threshold not met
T-sameregion-optimistic@v2nb-c150,94,1791052731161061475,204678159,0,Internal error occurred: failed to generate token: while signing jwt: rpc error: code = Unavailable desc = token signing failed: threshold not met
T-sameregion-optimistic@v2nb-c150,52,1791052731159092748,206762782,0,Internal error occurred: failed to generate token: while signing jwt: rpc error: code = Unavailable desc = token signing failed: threshold not met
T-sameregion-optimistic@v2nb-c150,76,1791052731160292617,205701352,0,Internal error occurred: failed to generate token: while signing jwt: rpc error: code = Unavailable desc = token signing failed: threshold not met
T-sameregion-optimistic@v2nb-c150,66,1791052731159695752,206296792,0,Internal error occurred: failed to generate token: while signing jwt: rpc error: code = Unavailable desc = token signing failed: threshold not met
T-sameregion-optimistic@v2nb-c150,107,1791052731162082717,205552171,0,Internal error occurred: failed to generate token: while signing jwt: rpc error: code = Unavailable desc = token signing failed: threshold not met
T-sameregion-optimistic@v2nb-c150,114,1791052731163763799,204034612,0,Internal error occurred: failed to generate token: while signing jwt: rpc error: code = Unavailable desc = token signing failed: threshold not met
T-sameregion-optimistic@v2nb-c150,110,1791052731162486189,205449150,0,Internal error occurred: failed to generate token: while signing jwt: rpc error: code = Unavailable desc = token signing failed: threshold not met
T-sameregion-optimistic@v2nb-c150,120,1791052731165429910,202638582,0,Internal error occurred: failed to generate token: while signing jwt: rpc error: code = Unavailable desc = token signing failed: threshold not met
T-sameregion-optimistic@v2nb-c150,146,1791052731167277830,200954475,0,Internal error occurred: failed to generate token: while signing jwt: rpc error: code = Unavailable desc = token signing failed: threshold not met
T-sameregion-optimistic@v2nb-c150,135,1791052731166845830,201511624,0,Internal error occurred: failed to generate token: while signing jwt: rpc error: code = Unavailable desc = token signing failed: threshold not met
T-sameregion-optimistic@v2nb-c150,150,1791052731167418794,201035198,0,Internal error occurred: failed to generate token: while signing jwt: rpc error: code = Unavailable desc = token signing failed: threshold not met
T-sameregion-optimistic@v2nb-c150,126,1791052731166149765,202691438,0,Internal error occurred: failed to generate token: while signing jwt: rpc error: code = Unavailable desc = token signing failed: threshold not met
T-sameregion-optimistic@v2nb-c150,136,1791052731166885041,202302562,0,Internal error occurred: failed to generate token: while signing jwt: rpc error: code = Unavailable desc = token signing failed: threshold not met
T-sameregion-optimistic@v2nb-c150,34,1791052731158415306,211612091,0,Internal error occurred: failed to generate token: while signing jwt: rpc error: code = Unavailable desc = token signing failed: threshold not met
T-sameregion-optimistic@v2nb-c150,50,1791052731159012425,211275041,0,Internal error occurred: failed to generate token: while signing jwt: rpc error: code = Unavailable desc = token signing failed: threshold not met
T-sameregion-optimistic@v2nb-c150,44,1791052731158777658,211509890,0,Internal error occurred: failed to generate token: while signing jwt: rpc error: code = Unavailable desc = token signing failed: threshold not met
T-sameregion-optimistic@v2nb-c150,47,1791052731158883425,213484853,0,Internal error occurred: failed to generate token: while signing jwt: rpc error: code = Unavailable desc = token signing failed: threshold not met
T-sameregion-optimistic@v2nb-c150,16,1791052731157666829,214710095,0,Internal error occurred: failed to generate token: while signing jwt: rpc error: code = Unavailable desc = token signing failed: threshold not met
T-sameregion-optimistic@v2nb-c150,36,1791052731158484590,213970065,0,Internal error occurred: failed to generate token: while signing jwt: rpc error: code = Unavailable desc = token signing failed: threshold not met
T-sameregion-optimistic@v2nb-c150,32,1791052731158333357,214205158,0,Internal error occurred: failed to generate token: while signing jwt: rpc error: code = Unavailable desc = token signing failed: threshold not met
T-sameregion-optimistic@v2nb-c150,58,1791052731159331347,213229651,0,Internal error occurred: failed to generate token: while signing jwt: rpc error: code = Unavailable desc = token signing failed: threshold not met
T-sameregion-optimistic@v2nb-c150,15,1791052731157623394,214991803,0,Internal error occurred: failed to generate token: while signing jwt: rpc error: code = Unavailable desc = token signing failed: threshold not met
T-sameregion-optimistic@v2nb-c150,106,1791052731161594967,215724574,0,Internal error occurred: failed to generate token: while signing jwt: rpc error: code = Unavailable desc = token signing failed: threshold not met
T-sameregion-optimistic@v2nb-c150,6,1791052731157243202,221269422,1,
T-sameregion-optimistic@v2nb-c150,148,1791052731167333689,211308429,0,Internal error occurred: failed to generate token: while signing jwt: rpc error: code = Unavailable desc = token signing failed: threshold not met
T-sameregion-optimistic@v2nb-c150,14,1791052731157595204,221060377,0,Internal error occurred: failed to generate token: while signing jwt: rpc error: code = Unavailable desc = token signing failed: threshold not met
T-sameregion-optimistic@v2nb-c150,79,1791052731160414190,241084742,0,Internal error occurred: failed to generate token: while signing jwt: rpc error: code = Unavailable desc = token signing failed: threshold not met
T-sameregion-optimistic@v2nb-c150,41,1791052731158669675,242892069,0,Internal error occurred: failed to generate token: while signing jwt: rpc error: code = Unavailable desc = token signing failed: threshold not met
T-sameregion-optimistic@v2nb-c150,123,1791052731165792215,236145448,0,Internal error occurred: failed to generate token: while signing jwt: rpc error: code = Unavailable desc = token signing failed: threshold not met
T-sameregion-optimistic@v2nb-c150,61,1791052731159487199,242450629,0,Internal error occurred: failed to generate token: while signing jwt: rpc error: code = Unavailable desc = token signing failed: threshold not met
T-sameregion-optimistic@v2nb-c150,133,1791052731166798274,236516773,0,Internal error occurred: failed to generate token: while signing jwt: rpc error: code = Unavailable desc = token signing failed: threshold not met
T-sameregion-optimistic@v2nb-c150,56,1791052731159247480,245389187,0,Internal error occurred: failed to generate token: while signing jwt: rpc error: code = Unavailable desc = token signing failed: threshold not met
T-sameregion-optimistic@v2nb-c150,142,1791052731167106462,237759704,0,Internal error occurred: failed to generate token: while signing jwt: rpc error: code = Unavailable desc = token signing failed: threshold not met
T-sameregion-optimistic@v2nb-c150,124,1791052731165956294,244779568,0,Internal error occurred: failed to generate token: while signing jwt: rpc error: code = Unavailable desc = token signing failed: threshold not met
T-sameregion-optimistic@v2nb-c150,37,1791052731158527933,253239949,0,Internal error occurred: failed to generate token: while signing jwt: rpc error: code = Unavailable desc = token signing failed: threshold not met
T-sameregion-optimistic@v2nb-c150,55,1791052731159214441,252553482,0,Internal error occurred: failed to generate token: while signing jwt: rpc error: code = Unavailable desc = token signing failed: threshold not met
T-sameregion-optimistic@v2nb-c150,59,1791052731159370506,252476915,0,Internal error occurred: failed to generate token: while signing jwt: rpc error: code = Unavailable desc = token signing failed: threshold not met
T-sameregion-optimistic@v2nb-c150,117,1791052731164668246,247369156,0,Internal error occurred: failed to generate token: while signing jwt: rpc error: code = Unavailable desc = token signing failed: threshold not met
T-sameregion-optimistic@v2nb-c150,51,1791052731159052913,253002101,0,Internal error occurred: failed to generate token: while signing jwt: rpc error: code = Unavailable desc = token signing failed: threshold not met
T-sameregion-optimistic@v2nb-c150,122,1791052731165643863,246660085,0,Internal error occurred: failed to generate token: while signing jwt: rpc error: code = Unavailable desc = token signing failed: threshold not met
T-sameregion-optimistic@v2nb-c150,74,1791052731160053119,255620042,0,Internal error occurred: failed to generate token: while signing jwt: rpc error: code = Unavailable desc = token signing failed: threshold not met
T-sameregion-optimistic@v2nb-c150,131,1791052731166622540,250005019,0,Internal error occurred: failed to generate token: while signing jwt: rpc error: code = Unavailable desc = token signing failed: threshold not met
T-sameregion-optimistic@v2nb-c150,125,1791052731165949709,250692505,0,Internal error occurred: failed to generate token: while signing jwt: rpc error: code = Unavailable desc = token signing failed: threshold not met
T-sameregion-optimistic@v2nb-c150,128,1791052731166280128,250537814,0,Internal error occurred: failed to generate token: while signing jwt: rpc error: code = Unavailable desc = token signing failed: threshold not met
T-sameregion-optimistic@v2nb-c150,75,1791052731160101068,256717000,0,Internal error occurred: failed to generate token: while signing jwt: rpc error: code = Unavailable desc = token signing failed: threshold not met
T-sameregion-optimistic@v2nb-c150,35,1791052731158455190,258476247,0,Internal error occurred: failed to generate token: while signing jwt: rpc error: code = Unavailable desc = token signing failed: threshold not met
T-sameregion-optimistic@v2nb-c150,88,1791052731160773928,256211971,0,Internal error occurred: failed to generate token: while signing jwt: rpc error: code = Unavailable desc = token signing failed: threshold not met
T-sameregion-optimistic@v2nb-c150,38,1791052731158567555,258485441,0,Internal error occurred: failed to generate token: while signing jwt: rpc error: code = Unavailable desc = token signing failed: threshold not met
T-sameregion-optimistic@v2nb-c150,40,1791052731158638744,258482166,0,Internal error occurred: failed to generate token: while signing jwt: rpc error: code = Unavailable desc = token signing failed: threshold not met
T-sameregion-optimistic@v2nb-c150,53,1791052731159144858,258018419,0,Internal error occurred: failed to generate token: while signing jwt: rpc error: code = Unavailable desc = token signing failed: threshold not met
T-sameregion-optimistic@v2nb-c150,46,1791052731158845791,258428300,0,Internal error occurred: failed to generate token: while signing jwt: rpc error: code = Unavailable desc = token signing failed: threshold not met
T-sameregion-optimistic@v2nb-c150,73,1791052731160014777,257336040,0,Internal error occurred: failed to generate token: while signing jwt: rpc error: code = Unavailable desc = token signing failed: threshold not met
T-sameregion-optimistic@v2nb-c150,64,1791052731159614398,257764339,0,Internal error occurred: failed to generate token: while signing jwt: rpc error: code = Unavailable desc = token signing failed: threshold not met
T-sameregion-optimistic@v2nb-c150,49,1791052731158974753,264693078,0,Internal error occurred: failed to generate token: while signing jwt: rpc error: code = Unavailable desc = token signing failed: threshold not met
T-sameregion-optimistic@v2nb-c150,54,1791052731159156979,264624211,0,Internal error occurred: failed to generate token: while signing jwt: rpc error: code = Unavailable desc = token signing failed: threshold not met
T-sameregion-optimistic@v2nb-c150,116,1791052731164541286,260137967,0,Internal error occurred: failed to generate token: while signing jwt: rpc error: code = Unavailable desc = token signing failed: threshold not met
T-sameregion-optimistic@v2nb-c150,119,1791052731165158194,264161002,0,Internal error occurred: failed to generate token: while signing jwt: rpc error: code = Unavailable desc = token signing failed: threshold not met
T-sameregion-optimistic@v2nb-c150,45,1791052731158812876,272002188,0,Internal error occurred: failed to generate token: while signing jwt: rpc error: code = Unavailable desc = token signing failed: threshold not met
T-sameregion-optimistic@v2nb-c150,48,1791052731158944995,272164595,0,Internal error occurred: failed to generate token: while signing jwt: rpc error: code = Unavailable desc = token signing failed: threshold not met
T-sameregion-optimistic@v2nb-c150,57,1791052731159291605,271974240,0,Internal error occurred: failed to generate token: while signing jwt: rpc error: code = Unavailable desc = token signing failed: threshold not met
T-sameregion-optimistic@v2nb-c150,62,1791052731159538477,271824538,0,Internal error occurred: failed to generate token: while signing jwt: rpc error: code = Unavailable desc = token signing failed: threshold not met
T-sameregion-optimistic@v2nb-c150,67,1791052731159755470,271698047,0,Internal error occurred: failed to generate token: while signing jwt: rpc error: code = Unavailable desc = token signing failed: threshold not met
T-sameregion-optimistic@v2nb-c150,68,1791052731159794750,271769068,0,Internal error occurred: failed to generate token: while signing jwt: rpc error: code = Unavailable desc = token signing failed: threshold not met
T-sameregion-optimistic@v2nb-c150,69,1791052731159832938,271821705,0,Internal error occurred: failed to generate token: while signing jwt: rpc error: code = Unavailable desc = token signing failed: threshold not met
T-sameregion-optimistic@v2nb-c150,82,1791052731160536529,271201179,0,Internal error occurred: failed to generate token: while signing jwt: rpc error: code = Unavailable desc = token signing failed: threshold not met
T-sameregion-optimistic@v2nb-c150,30,1791052731158262643,273558894,0,Internal error occurred: failed to generate token: while signing jwt: rpc error: code = Unavailable desc = token signing failed: threshold not met
T-sameregion-optimistic@v2nb-c150,43,1791052731158747191,273170940,0,Internal error occurred: failed to generate token: while signing jwt: rpc error: code = Unavailable desc = token signing failed: threshold not met
T-sameregion-optimistic@v2nb-c150,132,1791052731166761074,265277089,0,Internal error occurred: failed to generate token: while signing jwt: rpc error: code = Unavailable desc = token signing failed: threshold not met
T-sameregion-optimistic@v2nb-c150,144,1791052731167180697,265201696,0,Internal error occurred: failed to generate token: while signing jwt: rpc error: code = Unavailable desc = token signing failed: threshold not met
T-sameregion-optimistic@v2nb-c150,147,1791052731167287483,265203679,0,Internal error occurred: failed to generate token: while signing jwt: rpc error: code = Unavailable desc = token signing failed: threshold not met
T-sameregion-optimistic@v2nb-c150,127,1791052731166073310,266514832,0,Internal error occurred: failed to generate token: while signing jwt: rpc error: code = Unavailable desc = token signing failed: threshold not met
T-sameregion-optimistic@v2nb-c150,93,1791052731161021140,284116026,0,Internal error occurred: failed to generate token: while signing jwt: rpc error: code = Unavailable desc = token signing failed: threshold not met
T-sameregion-optimistic@v2nb-c150,71,1791052731159935624,286980523,0,Internal error occurred: failed to generate token: while signing jwt: rpc error: code = Unavailable desc = token signing failed: threshold not met
T-sameregion-optimistic@v2nb-c150,100,1791052731161313312,289043827,0,Internal error occurred: failed to generate token: while signing jwt: rpc error: code = Unavailable desc = token signing failed: threshold not met
T-sameregion-optimistic@v2nb-c150,65,1791052731159654549,301260156,0,Internal error occurred: failed to generate token: while signing jwt: rpc error: code = Unavailable desc = token signing failed: threshold not met
T-sameregion-optimistic@v2nb-c150,95,1791052731161101777,310418688,0,Internal error occurred: failed to generate token: while signing jwt: rpc error: code = Unavailable desc = token signing failed: threshold not met
T-sameregion-optimistic@v2nb-c150,90,1791052731160858771,310736190,0,Internal error occurred: failed to generate token: while signing jwt: rpc error: code = Unavailable desc = token signing failed: threshold not met
T-sameregion-optimistic@v2nb-c150,99,1791052731161257455,312067045,0,Internal error occurred: failed to generate token: while signing jwt: rpc error: code = Unavailable desc = token signing failed: threshold not met
T-sameregion-optimistic@v2nb-c150,151,1791052731238854674,234477864,0,Internal error occurred: failed to generate token: while signing jwt: rpc error: code = Unavailable desc = token signing failed: threshold not met
T-sameregion-optimistic@v2nb-c150,97,1791052731161175582,312269426,0,Internal error occurred: failed to generate token: while signing jwt: rpc error: code = Unavailable desc = token signing failed: threshold not met
T-sameregion-optimistic@v2nb-c150,156,1791052731255709058,217861062,0,Internal error occurred: failed to generate token: while signing jwt: rpc error: code = Unavailable desc = token signing failed: threshold not met
T-sameregion-optimistic@v2nb-c150,80,1791052731160457291,313210327,0,Internal error occurred: failed to generate token: while signing jwt: rpc error: code = Unavailable desc = token signing failed: threshold not met
T-sameregion-optimistic@v2nb-c150,77,1791052731160344427,314191013,0,Internal error occurred: failed to generate token: while signing jwt: rpc error: code = Unavailable desc = token signing failed: threshold not met
T-sameregion-optimistic@v2nb-c150,31,1791052731158291942,342994161,0,Internal error occurred: failed to generate token: while signing jwt: rpc error: code = Unavailable desc = token signing failed: threshold not met
T-sameregion-optimistic@v2nb-c150,28,1791052731158182953,343103229,0,Internal error occurred: failed to generate token: while signing jwt: rpc error: code = Unavailable desc = token signing failed: threshold not met
T-sameregion-optimistic@v2nb-c150,155,1791052731250098790,251268837,0,Internal error occurred: failed to generate token: while signing jwt: rpc error: code = Unavailable desc = token signing failed: threshold not met
T-sameregion-optimistic@v2nb-c150,105,1791052731161533246,341335325,0,Internal error occurred: failed to generate token: while signing jwt: rpc error: code = Unavailable desc = token signing failed: threshold not met
T-sameregion-optimistic@v2nb-c150,112,1791052731163333211,339543716,0,Internal error occurred: failed to generate token: while signing jwt: rpc error: code = Unavailable desc = token signing failed: threshold not met
T-sameregion-optimistic@v2nb-c150,39,1791052731158606708,344521596,0,Internal error occurred: failed to generate token: while signing jwt: rpc error: code = Unavailable desc = token signing failed: threshold not met
T-sameregion-optimistic@v2nb-c150,162,1791052731269439805,233688494,0,Internal error occurred: failed to generate token: while signing jwt: rpc error: code = Unavailable desc = token signing failed: threshold not met
T-sameregion-optimistic@v2nb-c150,113,1791052731163623282,343756471,0,Internal error occurred: failed to generate token: while signing jwt: rpc error: code = Unavailable desc = token signing failed: threshold not met
T-sameregion-optimistic@v2nb-c150,137,1791052731166886046,342703969,0,Internal error occurred: failed to generate token: while signing jwt: rpc error: code = Unavailable desc = token signing failed: threshold not met
T-sameregion-optimistic@v2nb-c150,63,1791052731159577088,350205636,0,Internal error occurred: failed to generate token: while signing jwt: rpc error: code = Unavailable desc = token signing failed: threshold not met
T-sameregion-optimistic@v2nb-c150,121,1791052731165530940,344306451,0,Internal error occurred: failed to generate token: while signing jwt: rpc error: code = Unavailable desc = token signing failed: threshold not met
T-sameregion-optimistic@v2nb-c150,130,1791052731166597205,343677723,0,Internal error occurred: failed to generate token: while signing jwt: rpc error: code = Unavailable desc = token signing failed: threshold not met
T-sameregion-optimistic@v2nb-c150,185,1791052731370290045,139984749,0,Internal error occurred: failed to generate token: while signing jwt: rpc error: code = Unavailable desc = token signing failed: threshold not met
T-sameregion-optimistic@v2nb-c150,182,1791052731369190586,144662066,0,Internal error occurred: failed to generate token: while signing jwt: rpc error: code = Unavailable desc = token signing failed: threshold not met
T-sameregion-optimistic@v2nb-c150,187,1791052731372380645,142873532,0,Internal error occurred: failed to generate token: while signing jwt: rpc error: code = Unavailable desc = token signing failed: threshold not met
T-sameregion-optimistic@v2nb-c150,169,1791052731365730376,149660012,0,Internal error occurred: failed to generate token: while signing jwt: rpc error: code = Unavailable desc = token signing failed: threshold not met
T-sameregion-optimistic@v2nb-c150,172,1791052731365996009,149415946,0,Internal error occurred: failed to generate token: while signing jwt: rpc error: code = Unavailable desc = token signing failed: threshold not met
T-sameregion-optimistic@v2nb-c150,222,1791052731417380977,116659188,0,Internal error occurred: failed to generate token: while signing jwt: rpc error: code = Unavailable desc = token signing failed: threshold not met
T-sameregion-optimistic@v2nb-c150,225,1791052731424683907,109368258,0,Internal error occurred: failed to generate token: while signing jwt: rpc error: code = Unavailable desc = token signing failed: threshold not met
T-sameregion-optimistic@v2nb-c150,217,1791052731417055106,117211643,0,Internal error occurred: failed to generate token: while signing jwt: rpc error: code = Unavailable desc = token signing failed: threshold not met
T-sameregion-optimistic@v2nb-c150,177,1791052731368070477,166299684,0,Internal error occurred: failed to generate token: while signing jwt: rpc error: code = Unavailable desc = token signing failed: threshold not met
T-sameregion-optimistic@v2nb-c150,201,1791052731404639365,129890780,0,Internal error occurred: failed to generate token: while signing jwt: rpc error: code = Unavailable desc = token signing failed: threshold not met
T-sameregion-optimistic@v2nb-c150,219,1791052731417165673,117453823,0,Internal error occurred: failed to generate token: while signing jwt: rpc error: code = Unavailable desc = token signing failed: threshold not met
T-sameregion-optimistic@v2nb-c150,85,1791052731160655670,404426303,0,Internal error occurred: failed to generate token: while signing jwt: rpc error: code = Unavailable desc = token signing failed: threshold not met
T-sameregion-optimistic@v2nb-c150,226,1791052731429324646,141193784,0,Internal error occurred: failed to generate token: while signing jwt: rpc error: code = Unavailable desc = token signing failed: threshold not met
T-sameregion-optimistic@v2nb-c150,161,1791052731269434082,301084362,0,Internal error occurred: failed to generate token: while signing jwt: rpc error: code = Unavailable desc = token signing failed: threshold not met
T-sameregion-optimistic@v2nb-c150,86,1791052731160694832,410272807,0,Internal error occurred: failed to generate token: while signing jwt: rpc error: code = Unavailable desc = token signing failed: threshold not met
T-sameregion-optimistic@v2nb-c150,240,1791052731432590544,139449141,0,Internal error occurred: failed to generate token: while signing jwt: rpc error: code = Unavailable desc = token signing failed: threshold not met
T-sameregion-optimistic@v2nb-c150,229,1791052731431267734,140783124,0,Internal error occurred: failed to generate token: while signing jwt: rpc error: code = Unavailable desc = token signing failed: threshold not met
T-sameregion-optimistic@v2nb-c150,200,1791052731403317368,173127944,0,Internal error occurred: failed to generate token: while signing jwt: rpc error: code = Unavailable desc = token signing failed: threshold not met
T-sameregion-optimistic@v2nb-c150,87,1791052731160732910,415777889,0,Internal error occurred: failed to generate token: while signing jwt: rpc error: code = Unavailable desc = token signing failed: threshold not met
T-sameregion-optimistic@v2nb-c150,91,1791052731160915580,415700324,0,Internal error occurred: failed to generate token: while signing jwt: rpc error: code = Unavailable desc = token signing failed: threshold not met
T-sameregion-optimistic@v2nb-c150,179,1791052731368360390,208291126,0,Internal error occurred: failed to generate token: while signing jwt: rpc error: code = Unavailable desc = token signing failed: threshold not met
T-sameregion-optimistic@v2nb-c150,180,1791052731368456548,208288870,0,Internal error occurred: failed to generate token: while signing jwt: rpc error: code = Unavailable desc = token signing failed: threshold not met
T-sameregion-optimistic@v2nb-c150,92,1791052731160981024,415803309,0,Internal error occurred: failed to generate token: while signing jwt: rpc error: code = Unavailable desc = token signing failed: threshold not met
T-sameregion-optimistic@v2nb-c150,178,1791052731368236776,208659347,0,Internal error occurred: failed to generate token: while signing jwt: rpc error: code = Unavailable desc = token signing failed: threshold not met
T-sameregion-optimistic@v2nb-c150,163,1791052731270779968,306144998,0,Internal error occurred: failed to generate token: while signing jwt: rpc error: code = Unavailable desc = token signing failed: threshold not met
T-sameregion-optimistic@v2nb-c150,174,1791052731367638761,209338936,0,Internal error occurred: failed to generate token: while signing jwt: rpc error: code = Unavailable desc = token signing failed: threshold not met
T-sameregion-optimistic@v2nb-c150,96,1791052731161138197,415903560,0,Internal error occurred: failed to generate token: while signing jwt: rpc error: code = Unavailable desc = token signing failed: threshold not met
T-sameregion-optimistic@v2nb-c150,89,1791052731160819950,416240557,0,Internal error occurred: failed to generate token: while signing jwt: rpc error: code = Unavailable desc = token signing failed: threshold not met
T-sameregion-optimistic@v2nb-c150,98,1791052731161214560,415939614,0,Internal error occurred: failed to generate token: while signing jwt: rpc error: code = Unavailable desc = token signing failed: threshold not met
T-sameregion-optimistic@v2nb-c150,197,1791052731401566187,175684013,0,Internal error occurred: failed to generate token: while signing jwt: rpc error: code = Unavailable desc = token signing failed: threshold not met
T-sameregion-optimistic@v2nb-c150,199,1791052731401940999,175315287,0,Internal error occurred: failed to generate token: while signing jwt: rpc error: code = Unavailable desc = token signing failed: threshold not met
T-sameregion-optimistic@v2nb-c150,78,1791052731160400611,416926368,0,Internal error occurred: failed to generate token: while signing jwt: rpc error: code = Unavailable desc = token signing failed: threshold not met
T-sameregion-optimistic@v2nb-c150,158,1791052731258651899,318718388,0,Internal error occurred: failed to generate token: while signing jwt: rpc error: code = Unavailable desc = token signing failed: threshold not met
T-sameregion-optimistic@v2nb-c150,81,1791052731160498232,416943237,0,Internal error occurred: failed to generate token: while signing jwt: rpc error: code = Unavailable desc = token signing failed: threshold not met
T-sameregion-optimistic@v2nb-c150,83,1791052731160577763,416865175,0,Internal error occurred: failed to generate token: while signing jwt: rpc error: code = Unavailable desc = token signing failed: threshold not met
T-sameregion-optimistic@v2nb-c150,157,1791052731257453087,320070294,0,Internal error occurred: failed to generate token: while signing jwt: rpc error: code = Unavailable desc = token signing failed: threshold not met
T-sameregion-optimistic@v2nb-c150,153,1791052731239109577,338430171,0,Internal error occurred: failed to generate token: while signing jwt: rpc error: code = Unavailable desc = token signing failed: threshold not met
T-sameregion-optimistic@v2nb-c150,165,1791052731273866523,303710243,0,Internal error occurred: failed to generate token: while signing jwt: rpc error: code = Unavailable desc = token signing failed: threshold not met
T-sameregion-optimistic@v2nb-c150,152,1791052731239110088,338498441,0,Internal error occurred: failed to generate token: while signing jwt: rpc error: code = Unavailable desc = token signing failed: threshold not met
T-sameregion-optimistic@v2nb-c150,189,1791052731372540850,205087932,0,Internal error occurred: failed to generate token: while signing jwt: rpc error: code = Unavailable desc = token signing failed: threshold not met
T-sameregion-optimistic@v2nb-c150,154,1791052731250098793,327566715,0,Internal error occurred: failed to generate token: while signing jwt: rpc error: code = Unavailable desc = token signing failed: threshold not met
T-sameregion-optimistic@v2nb-c150,191,1791052731372617382,205063300,0,Internal error occurred: failed to generate token: while signing jwt: rpc error: code = Unavailable desc = token signing failed: threshold not met
T-sameregion-optimistic@v2nb-c150,160,1791052731260571320,317146942,0,Internal error occurred: failed to generate token: while signing jwt: rpc error: code = Unavailable desc = token signing failed: threshold not met
T-sameregion-optimistic@v2nb-c150,234,1791052731431739642,145989606,0,Internal error occurred: failed to generate token: while signing jwt: rpc error: code = Unavailable desc = token signing failed: threshold not met
T-sameregion-optimistic@v2nb-c150,195,1791052731378659232,199109511,0,Internal error occurred: failed to generate token: while signing jwt: rpc error: code = Unavailable desc = token signing failed: threshold not met
T-sameregion-optimistic@v2nb-c150,236,1791052731431919781,145866806,0,Internal error occurred: failed to generate token: while signing jwt: rpc error: code = Unavailable desc = token signing failed: threshold not met
T-sameregion-optimistic@v2nb-c150,170,1791052731365742432,212098064,0,Internal error occurred: failed to generate token: while signing jwt: rpc error: code = Unavailable desc = token signing failed: threshold not met
T-sameregion-optimistic@v2nb-c150,164,1791052731273598369,304248949,0,Internal error occurred: failed to generate token: while signing jwt: rpc error: code = Unavailable desc = token signing failed: threshold not met
T-sameregion-optimistic@v2nb-c150,175,1791052731367802202,210087457,0,Internal error occurred: failed to generate token: while signing jwt: rpc error: code = Unavailable desc = token signing failed: threshold not met
T-sameregion-optimistic@v2nb-c150,205,1791052731411772364,166125765,0,Internal error occurred: failed to generate token: while signing jwt: rpc error: code = Unavailable desc = token signing failed: threshold not met
T-sameregion-optimistic@v2nb-c150,168,1791052731363566978,214397931,0,Internal error occurred: failed to generate token: while signing jwt: rpc error: code = Unavailable desc = token signing failed: threshold not met
T-sameregion-optimistic@v2nb-c150,84,1791052731160616872,417368902,0,Internal error occurred: failed to generate token: while signing jwt: rpc error: code = Unavailable desc = token signing failed: threshold not met
T-sameregion-optimistic@v2nb-c150,72,1791052731159975962,418043186,0,Internal error occurred: failed to generate token: while signing jwt: rpc error: code = Unavailable desc = token signing failed: threshold not met
T-sameregion-optimistic@v2nb-c150,171,1791052731365858090,212205939,0,Internal error occurred: failed to generate token: while signing jwt: rpc error: code = Unavailable desc = token signing failed: threshold not met
T-sameregion-optimistic@v2nb-c150,167,1791052731363220705,214982360,0,Internal error occurred: failed to generate token: while signing jwt: rpc error: code = Unavailable desc = token signing failed: threshold not met
T-sameregion-optimistic@v2nb-c150,233,1791052731431656332,153596790,0,Internal error occurred: failed to generate token: while signing jwt: rpc error: code = Unavailable desc = token signing failed: threshold not met
T-sameregion-optimistic@v2nb-c150,188,1791052731372458387,212794749,0,Internal error occurred: failed to generate token: while signing jwt: rpc error: code = Unavailable desc = token signing failed: threshold not met
T-sameregion-optimistic@v2nb-c150,206,1791052731411849591,173681732,0,Internal error occurred: failed to generate token: while signing jwt: rpc error: code = Unavailable desc = token signing failed: threshold not met
T-sameregion-optimistic@v2nb-c150,242,1791052731446924616,138606672,0,Internal error occurred: failed to generate token: while signing jwt: rpc error: code = Unavailable desc = token signing failed: threshold not met
T-sameregion-optimistic@v2nb-c150,223,1791052731423671822,162045231,0,Internal error occurred: failed to generate token: while signing jwt: rpc error: code = Unavailable desc = token signing failed: threshold not met
T-sameregion-optimistic@v2nb-c150,176,1791052731367938174,218174304,0,Internal error occurred: failed to generate token: while signing jwt: rpc error: code = Unavailable desc = token signing failed: threshold not met
T-sameregion-optimistic@v2nb-c150,213,1791052731416820881,171459840,0,Internal error occurred: failed to generate token: while signing jwt: rpc error: code = Unavailable desc = token signing failed: threshold not met
T-sameregion-optimistic@v2nb-c150,224,1791052731423784896,164496565,0,Internal error occurred: failed to generate token: while signing jwt: rpc error: code = Unavailable desc = token signing failed: threshold not met
T-sameregion-optimistic@v2nb-c150,231,1791052731431455628,156975320,0,Internal error occurred: failed to generate token: while signing jwt: rpc error: code = Unavailable desc = token signing failed: threshold not met
T-sameregion-optimistic@v2nb-c150,186,1791052731372382130,216048853,0,Internal error occurred: failed to generate token: while signing jwt: rpc error: code = Unavailable desc = token signing failed: threshold not met
T-sameregion-optimistic@v2nb-c150,190,1791052731372563107,215948753,0,Internal error occurred: failed to generate token: while signing jwt: rpc error: code = Unavailable desc = token signing failed: threshold not met
T-sameregion-optimistic@v2nb-c150,227,1791052731430820519,157760073,0,Internal error occurred: failed to generate token: while signing jwt: rpc error: code = Unavailable desc = token signing failed: threshold not met
T-sameregion-optimistic@v2nb-c150,235,1791052731431823453,156817931,0,Internal error occurred: failed to generate token: while signing jwt: rpc error: code = Unavailable desc = token signing failed: threshold not met
T-sameregion-optimistic@v2nb-c150,228,1791052731431113910,157568326,0,Internal error occurred: failed to generate token: while signing jwt: rpc error: code = Unavailable desc = token signing failed: threshold not met
T-sameregion-optimistic@v2nb-c150,232,1791052731431565791,157226386,0,Internal error occurred: failed to generate token: while signing jwt: rpc error: code = Unavailable desc = token signing failed: threshold not met
T-sameregion-optimistic@v2nb-c150,230,1791052731431365359,157442880,0,Internal error occurred: failed to generate token: while signing jwt: rpc error: code = Unavailable desc = token signing failed: threshold not met
T-sameregion-optimistic@v2nb-c150,166,1791052731363206053,225756341,0,Internal error occurred: failed to generate token: while signing jwt: rpc error: code = Unavailable desc = token signing failed: threshold not met
T-sameregion-optimistic@v2nb-c150,159,1791052731260571411,328407544,0,Internal error occurred: failed to generate token: while signing jwt: rpc error: code = Unavailable desc = token signing failed: threshold not met
T-sameregion-optimistic@v2nb-c150,221,1791052731417353230,171739574,0,Internal error occurred: failed to generate token: while signing jwt: rpc error: code = Unavailable desc = token signing failed: threshold not met
T-sameregion-optimistic@v2nb-c150,194,1791052731378647027,214080472,0,Internal error occurred: failed to generate token: while signing jwt: rpc error: code = Unavailable desc = token signing failed: threshold not met
T-sameregion-optimistic@v2nb-c150,198,1791052731401941005,190925793,0,Internal error occurred: failed to generate token: while signing jwt: rpc error: code = Unavailable desc = token signing failed: threshold not met
T-sameregion-optimistic@v2nb-c150,238,1791052731432385130,160574062,0,Internal error occurred: failed to generate token: while signing jwt: rpc error: code = Unavailable desc = token signing failed: threshold not met
T-sameregion-optimistic@v2nb-c150,237,1791052731432039939,160940401,0,Internal error occurred: failed to generate token: while signing jwt: rpc error: code = Unavailable desc = token signing failed: threshold not met
T-sameregion-optimistic@v2nb-c150,202,1791052731404869436,188174128,0,Internal error occurred: failed to generate token: while signing jwt: rpc error: code = Unavailable desc = token signing failed: threshold not met
T-sameregion-optimistic@v2nb-c150,181,1791052731368843918,224286806,0,Internal error occurred: failed to generate token: while signing jwt: rpc error: code = Unavailable desc = token signing failed: threshold not met
T-sameregion-optimistic@v2nb-c150,243,1791052731450361978,159205458,0,Internal error occurred: failed to generate token: while signing jwt: rpc error: code = Unavailable desc = token signing failed: threshold not met
T-sameregion-optimistic@v2nb-c150,252,1791052731474538012,137156115,0,Internal error occurred: failed to generate token: while signing jwt: rpc error: code = Unavailable desc = token signing failed: threshold not met
T-sameregion-optimistic@v2nb-c150,249,1791052731473447463,138484551,0,Internal error occurred: failed to generate token: while signing jwt: rpc error: code = Unavailable desc = token signing failed: threshold not met
T-sameregion-optimistic@v2nb-c150,239,1791052731432493277,180095146,0,Internal error occurred: failed to generate token: while signing jwt: rpc error: code = Unavailable desc = token signing failed: threshold not met
T-sameregion-optimistic@v2nb-c150,244,1791052731460921583,152574972,0,Internal error occurred: failed to generate token: while signing jwt: rpc error: code = Unavailable desc = token signing failed: threshold not met
T-sameregion-optimistic@v2nb-c150,247,1791052731473329571,142025206,0,Internal error occurred: failed to generate token: while signing jwt: rpc error: code = Unavailable desc = token signing failed: threshold not met
T-sameregion-optimistic@v2nb-c150,245,1791052731471526005,144963052,0,Internal error occurred: failed to generate token: while signing jwt: rpc error: code = Unavailable desc = token signing failed: threshold not met
T-sameregion-optimistic@v2nb-c150,204,1791052731411772367,215271496,0,Internal error occurred: failed to generate token: while signing jwt: rpc error: code = Unavailable desc = token signing failed: threshold not met
T-sameregion-optimistic@v2nb-c150,203,1791052731410742547,216301361,0,Internal error occurred: failed to generate token: while signing jwt: rpc error: code = Unavailable desc = token signing failed: threshold not met
T-sameregion-optimistic@v2nb-c150,183,1791052731370029831,262608334,0,Internal error occurred: failed to generate token: while signing jwt: rpc error: code = Unavailable desc = token signing failed: threshold not met
T-sameregion-optimistic@v2nb-c150,173,1791052731365998697,266639475,0,Internal error occurred: failed to generate token: while signing jwt: rpc error: code = Unavailable desc = token signing failed: threshold not met
T-sameregion-optimistic@v2nb-c150,207,1791052731412042081,222154934,0,Internal error occurred: failed to generate token: while signing jwt: rpc error: code = Unavailable desc = token signing failed: threshold not met
T-sameregion-optimistic@v2nb-c150,192,1791052731377323213,257990589,0,Internal error occurred: failed to generate token: while signing jwt: rpc error: code = Unavailable desc = token signing failed: threshold not met
T-sameregion-optimistic@v2nb-c150,218,1791052731417123189,218192628,0,Internal error occurred: failed to generate token: while signing jwt: rpc error: code = Unavailable desc = token signing failed: threshold not met
T-sameregion-optimistic@v2nb-c150,220,1791052731417276471,218120549,0,Internal error occurred: failed to generate token: while signing jwt: rpc error: code = Unavailable desc = token signing failed: threshold not met
T-sameregion-optimistic@v2nb-c150,241,1791052731445152987,192168636,0,Internal error occurred: failed to generate token: while signing jwt: rpc error: code = Unavailable desc = token signing failed: threshold not met
T-sameregion-optimistic@v2nb-c150,214,1791052731416820884,232707860,0,Internal error occurred: failed to generate token: while signing jwt: rpc error: code = Unavailable desc = token signing failed: threshold not met
T-sameregion-optimistic@v2nb-c150,196,1791052731401503791,248024956,0,Internal error occurred: failed to generate token: while signing jwt: rpc error: code = Unavailable desc = token signing failed: threshold not met
T-sameregion-optimistic@v2nb-c150,248,1791052731473334842,176289499,0,Internal error occurred: failed to generate token: while signing jwt: rpc error: code = Unavailable desc = token signing failed: threshold not met
T-sameregion-optimistic@v2nb-c150,211,1791052731416643103,253400432,0,Internal error occurred: failed to generate token: while signing jwt: rpc error: code = Unavailable desc = token signing failed: threshold not met
T-sameregion-optimistic@v2nb-c150,270,1791052731534045837,136005865,0,Internal error occurred: failed to generate token: while signing jwt: rpc error: code = Unavailable desc = token signing failed: threshold not met
T-sameregion-optimistic@v2nb-c150,259,1791052731503131757,167239538,0,Internal error occurred: failed to generate token: while signing jwt: rpc error: code = Unavailable desc = token signing failed: threshold not met
T-sameregion-optimistic@v2nb-c150,263,1791052731509840620,161305368,0,Internal error occurred: failed to generate token: while signing jwt: rpc error: code = Unavailable desc = token signing failed: threshold not met
T-sameregion-optimistic@v2nb-c150,251,1791052731473669290,199583220,0,Internal error occurred: failed to generate token: while signing jwt: rpc error: code = Unavailable desc = token signing failed: threshold not met
T-sameregion-optimistic@v2nb-c150,269,1791052731515414418,158219240,0,Internal error occurred: failed to generate token: while signing jwt: rpc error: code = Unavailable desc = token signing failed: threshold not met
T-sameregion-optimistic@v2nb-c150,278,1791052731570522985,105029873,0,Internal error occurred: failed to generate token: while signing jwt: rpc error: code = Unavailable desc = token signing failed: threshold not met
T-sameregion-optimistic@v2nb-c150,271,1791052731534054763,142548389,0,Internal error occurred: failed to generate token: while signing jwt: rpc error: code = Unavailable desc = token signing failed: threshold not met
T-sameregion-optimistic@v2nb-c150,210,1791052731415677768,260972699,0,Internal error occurred: failed to generate token: while signing jwt: rpc error: code = Unavailable desc = token signing failed: threshold not met
T-sameregion-optimistic@v2nb-c150,281,1791052731572053868,104754615,0,Internal error occurred: failed to generate token: while signing jwt: rpc error: code = Unavailable desc = token signing failed: threshold not met
T-sameregion-optimistic@v2nb-c150,261,1791052731509594678,168375047,0,Internal error occurred: failed to generate token: while signing jwt: rpc error: code = Unavailable desc = token signing failed: threshold not met
T-sameregion-optimistic@v2nb-c150,280,1791052731572043238,108223269,0,Internal error occurred: failed to generate token: while signing jwt: rpc error: code = Unavailable desc = token signing failed: threshold not met
T-sameregion-optimistic@v2nb-c150,274,1791052731534532500,145785543,0,Internal error occurred: failed to generate token: while signing jwt: rpc error: code = Unavailable desc = token signing failed: threshold not met
T-sameregion-optimistic@v2nb-c150,303,1791052731577610356,121923610,0,Internal error occurred: failed to generate token: while signing jwt: rpc error: code = Unavailable desc = token signing failed: threshold not met
T-sameregion-optimistic@v2nb-c150,266,1791052731513857288,232555069,0,Internal error occurred: failed to generate token: while signing jwt: rpc error: code = Unavailable desc = token signing failed: threshold not met
T-sameregion-optimistic@v2nb-c150,209,1791052731412306949,334127598,0,Internal error occurred: failed to generate token: while signing jwt: rpc error: code = Unavailable desc = token signing failed: threshold not met
T-sameregion-optimistic@v2nb-c150,256,1791052731502873005,243639023,0,Internal error occurred: failed to generate token: while signing jwt: rpc error: code = Unavailable desc = token signing failed: threshold not met
T-sameregion-optimistic@v2nb-c150,253,1791052731501291129,245358630,0,Internal error occurred: failed to generate token: while signing jwt: rpc error: code = Unavailable desc = token signing failed: threshold not met
T-sameregion-optimistic@v2nb-c150,265,1791052731510278368,236423892,0,Internal error occurred: failed to generate token: while signing jwt: rpc error: code = Unavailable desc = token signing failed: threshold not met
T-sameregion-optimistic@v2nb-c150,279,1791052731570971682,175771193,0,Internal error occurred: failed to generate token: while signing jwt: rpc error: code = Unavailable desc = token signing failed: threshold not met
T-sameregion-optimistic@v2nb-c150,291,1791052731577043793,169775774,0,Internal error occurred: failed to generate token: while signing jwt: rpc error: code = Unavailable desc = token signing failed: threshold not met
T-sameregion-optimistic@v2nb-c150,313,1791052731577891587,168932604,0,Internal error occurred: failed to generate token: while signing jwt: rpc error: code = Unavailable desc = token signing failed: threshold not met
T-sameregion-optimistic@v2nb-c150,267,1791052731515257223,231656468,0,Internal error occurred: failed to generate token: while signing jwt: rpc error: code = Unavailable desc = token signing failed: threshold not met
T-sameregion-optimistic@v2nb-c150,302,1791052731577578582,169387288,0,Internal error occurred: failed to generate token: while signing jwt: rpc error: code = Unavailable desc = token signing failed: threshold not met
T-sameregion-optimistic@v2nb-c150,250,1791052731473572360,273438690,0,Internal error occurred: failed to generate token: while signing jwt: rpc error: code = Unavailable desc = token signing failed: threshold not met
T-sameregion-optimistic@v2nb-c150,268,1791052731515392955,234476284,0,Internal error occurred: failed to generate token: while signing jwt: rpc error: code = Unavailable desc = token signing failed: threshold not met
T-sameregion-optimistic@v2nb-c150,216,1791052731416988498,332891735,0,Internal error occurred: failed to generate token: while signing jwt: rpc error: code = Unavailable desc = token signing failed: threshold not met
T-sameregion-optimistic@v2nb-c150,246,1791052731471597945,279764471,0,Internal error occurred: failed to generate token: while signing jwt: rpc error: code = Unavailable desc = token signing failed: threshold not met
T-sameregion-optimistic@v2nb-c150,283,1791052731576513808,177153051,0,Internal error occurred: failed to generate token: while signing jwt: rpc error: code = Unavailable desc = token signing failed: threshold not met
T-sameregion-optimistic@v2nb-c150,277,1791052731570522998,183724430,0,Internal error occurred: failed to generate token: while signing jwt: rpc error: code = Unavailable desc = token signing failed: threshold not met
T-sameregion-optimistic@v2nb-c150,304,1791052731577630606,176618028,0,Internal error occurred: failed to generate token: while signing jwt: rpc error: code = Unavailable desc = token signing failed: threshold not met
T-sameregion-optimistic@v2nb-c150,184,1791052731370290308,384032688,0,Internal error occurred: failed to generate token: while signing jwt: rpc error: code = Unavailable desc = token signing failed: threshold not met
T-sameregion-optimistic@v2nb-c150,215,1791052731416933837,337555670,0,Internal error occurred: failed to generate token: while signing jwt: rpc error: code = Unavailable desc = token signing failed: threshold not met
T-sameregion-optimistic@v2nb-c150,212,1791052731416644883,345429043,0,Internal error occurred: failed to generate token: while signing jwt: rpc error: code = Unavailable desc = token signing failed: threshold not met
T-sameregion-optimistic@v2nb-c150,343,1791052731593045483,169311785,0,Internal error occurred: failed to generate token: while signing jwt: rpc error: code = Unavailable desc = token signing failed: threshold not met
T-sameregion-optimistic@v2nb-c150,285,1791052731576653734,185893558,0,Internal error occurred: failed to generate token: while signing jwt: rpc error: code = Unavailable desc = token signing failed: threshold not met
T-sameregion-optimistic@v2nb-c150,305,1791052731577668441,186879783,0,Internal error occurred: failed to generate token: while signing jwt: rpc error: code = Unavailable desc = token signing failed: threshold not met
T-sameregion-optimistic@v2nb-c150,311,1791052731577843260,186827349,0,Internal error occurred: failed to generate token: while signing jwt: rpc error: code = Unavailable desc = token signing failed: threshold not met
T-sameregion-optimistic@v2nb-c150,318,1791052731578065624,187740201,0,Internal error occurred: failed to generate token: while signing jwt: rpc error: code = Unavailable desc = token signing failed: threshold not met
T-sameregion-optimistic@v2nb-c150,275,1791052731534621145,233163539,0,Internal error occurred: failed to generate token: while signing jwt: rpc error: code = Unavailable desc = token signing failed: threshold not met
T-sameregion-optimistic@v2nb-c150,294,1791052731577252321,190645398,0,Internal error occurred: failed to generate token: while signing jwt: rpc error: code = Unavailable desc = token signing failed: threshold not met
T-sameregion-optimistic@v2nb-c150,276,1791052731565087500,204160135,0,Internal error occurred: failed to generate token: while signing jwt: rpc error: code = Unavailable desc = token signing failed: threshold not met
T-sameregion-optimistic@v2nb-c150,254,1791052731501291131,268002977,0,Internal error occurred: failed to generate token: while signing jwt: rpc error: code = Unavailable desc = token signing failed: threshold not met
T-sameregion-optimistic@v2nb-c150,316,1791052731577987828,192471651,0,Internal error occurred: failed to generate token: while signing jwt: rpc error: code = Unavailable desc = token signing failed: threshold not met
T-sameregion-optimistic@v2nb-c150,255,1791052731501369995,269150455,0,Internal error occurred: failed to generate token: while signing jwt: rpc error: code = Unavailable desc = token signing failed: threshold not met
T-sameregion-optimistic@v2nb-c150,288,1791052731576898233,193797315,0,Internal error occurred: failed to generate token: while signing jwt: rpc error: code = Unavailable desc = token signing failed: threshold not met
T-sameregion-optimistic@v2nb-c150,348,1791052731612591723,158107481,0,Internal error occurred: failed to generate token: while signing jwt: rpc error: code = Unavailable desc = token signing failed: threshold not met
T-sameregion-optimistic@v2nb-c150,208,1791052731412057123,369000409,0,Internal error occurred: failed to generate token: while signing jwt: rpc error: code = Unavailable desc = token signing failed: threshold not met
T-sameregion-optimistic@v2nb-c150,339,1791052731592730965,190075479,0,Internal error occurred: failed to generate token: while signing jwt: rpc error: code = Unavailable desc = token signing failed: threshold not met
T-sameregion-optimistic@v2nb-c150,273,1791052731534372275,248437399,0,Internal error occurred: failed to generate token: while signing jwt: rpc error: code = Unavailable desc = token signing failed: threshold not met
T-sameregion-optimistic@v2nb-c150,364,1791052731670050316,113354005,0,Internal error occurred: failed to generate token: while signing jwt: rpc error: code = Unavailable desc = token signing failed: threshold not met
T-sameregion-optimistic@v2nb-c150,325,1791052731586114785,197469496,0,Internal error occurred: failed to generate token: while signing jwt: rpc error: code = Unavailable desc = token signing failed: threshold not met
T-sameregion-optimistic@v2nb-c150,258,1791052731503131752,280894044,0,Internal error occurred: failed to generate token: while signing jwt: rpc error: code = Unavailable desc = token signing failed: threshold not met
T-sameregion-optimistic@v2nb-c150,359,1791052731635399099,149529629,0,Internal error occurred: failed to generate token: while signing jwt: rpc error: code = Unavailable desc = token signing failed: threshold not met
T-sameregion-optimistic@v2nb-c150,344,1791052731593133028,192293516,0,Internal error occurred: failed to generate token: while signing jwt: rpc error: code = Unavailable desc = token signing failed: threshold not met
T-sameregion-optimistic@v2nb-c150,262,1791052731509809592,275815109,0,Internal error occurred: failed to generate token: while signing jwt: rpc error: code = Unavailable desc = token signing failed: threshold not met
T-sameregion-optimistic@v2nb-c150,257,1791052731502879520,282853633,0,Internal error occurred: failed to generate token: while signing jwt: rpc error: code = Unavailable desc = token signing failed: threshold not met
T-sameregion-optimistic@v2nb-c150,328,1791052731588433586,197683153,0,Internal error occurred: failed to generate token: while signing jwt: rpc error: code = Unavailable desc = token signing failed: threshold not met
T-sameregion-optimistic@v2nb-c150,354,1791052731632643976,153765807,0,Internal error occurred: failed to generate token: while signing jwt: rpc error: code = Unavailable desc = token signing failed: threshold not met
T-sameregion-optimistic@v2nb-c150,193,1791052731378516396,408171610,0,Internal error occurred: failed to generate token: while signing jwt: rpc error: code = Unavailable desc = token signing failed: threshold not met
T-sameregion-optimistic@v2nb-c150,355,1791052731632643019,154278738,0,Internal error occurred: failed to generate token: while signing jwt: rpc error: code = Unavailable desc = token signing failed: threshold not met
T-sameregion-optimistic@v2nb-c150,331,1791052731588582838,198656246,0,Internal error occurred: failed to generate token: while signing jwt: rpc error: code = Unavailable desc = token signing failed: threshold not met
T-sameregion-optimistic@v2nb-c150,315,1791052731577966729,209508561,0,Internal error occurred: failed to generate token: while signing jwt: rpc error: code = Unavailable desc = token signing failed: threshold not met
T-sameregion-optimistic@v2nb-c150,324,1791052731585720254,201816031,0,Internal error occurred: failed to generate token: while signing jwt: rpc error: code = Unavailable desc = token signing failed: threshold not met
T-sameregion-optimistic@v2nb-c150,337,1791052731588981037,198773568,0,Internal error occurred: failed to generate token: while signing jwt: rpc error: code = Unavailable desc = token signing failed: threshold not met
T-sameregion-optimistic@v2nb-c150,356,1791052731634200568,154140997,0,Internal error occurred: failed to generate token: while signing jwt: rpc error: code = Unavailable desc = token signing failed: threshold not met
T-sameregion-optimistic@v2nb-c150,353,1791052731627048776,161442410,0,Internal error occurred: failed to generate token: while signing jwt: rpc error: code = Unavailable desc = token signing failed: threshold not met
T-sameregion-optimistic@v2nb-c150,358,1791052731635318114,153326955,0,Internal error occurred: failed to generate token: while signing jwt: rpc error: code = Unavailable desc = token signing failed: threshold not met
T-sameregion-optimistic@v2nb-c150,360,1791052731637324852,151388334,0,Internal error occurred: failed to generate token: while signing jwt: rpc error: code = Unavailable desc = token signing failed: threshold not met
T-sameregion-optimistic@v2nb-c150,363,1791052731649626582,139422804,0,Internal error occurred: failed to generate token: while signing jwt: rpc error: code = Unavailable desc = token signing failed: threshold not met
T-sameregion-optimistic@v2nb-c150,347,1791052731611934690,177192656,0,Internal error occurred: failed to generate token: while signing jwt: rpc error: code = Unavailable desc = token signing failed: threshold not met
T-sameregion-optimistic@v2nb-c150,361,1791052731649534812,139881467,0,Internal error occurred: failed to generate token: while signing jwt: rpc error: code = Unavailable desc = token signing failed: threshold not met
T-sameregion-optimistic@v2nb-c150,284,1791052731576618685,212846574,0,Internal error occurred: failed to generate token: while signing jwt: rpc error: code = Unavailable desc = token signing failed: threshold not met
T-sameregion-optimistic@v2nb-c150,286,1791052731576747468,213202261,0,Internal error occurred: failed to generate token: while signing jwt: rpc error: code = Unavailable desc = token signing failed: threshold not met
T-sameregion-optimistic@v2nb-c150,308,1791052731577731472,212252215,0,Internal error occurred: failed to generate token: while signing jwt: rpc error: code = Unavailable desc = token signing failed: threshold not met
T-sameregion-optimistic@v2nb-c150,312,1791052731577849272,212204212,0,Internal error occurred: failed to generate token: while signing jwt: rpc error: code = Unavailable desc = token signing failed: threshold not met
T-sameregion-optimistic@v2nb-c150,314,1791052731577915449,212246205,0,Internal error occurred: failed to generate token: while signing jwt: rpc error: code = Unavailable desc = token signing failed: threshold not met
T-sameregion-optimistic@v2nb-c150,293,1791052731577156568,213103226,0,Internal error occurred: failed to generate token: while signing jwt: rpc error: code = Unavailable desc = token signing failed: threshold not met
T-sameregion-optimistic@v2nb-c150,362,1791052731649536584,157655002,0,Internal error occurred: failed to generate token: while signing jwt: rpc error: code = Unavailable desc = token signing failed: threshold not met
T-sameregion-optimistic@v2nb-c150,300,1791052731577525181,229695328,0,Internal error occurred: failed to generate token: while signing jwt: rpc error: code = Unavailable desc = token signing failed: threshold not met
T-sameregion-optimistic@v2nb-c150,264,1791052731510279664,297019741,0,Internal error occurred: failed to generate token: while signing jwt: rpc error: code = Unavailable desc = token signing failed: threshold not met
T-sameregion-optimistic@v2nb-c150,307,1791052731577719872,229663888,0,Internal error occurred: failed to generate token: while signing jwt: rpc error: code = Unavailable desc = token signing failed: threshold not met
T-sameregion-optimistic@v2nb-c150,338,1791052731589095106,218296718,0,Internal error occurred: failed to generate token: while signing jwt: rpc error: code = Unavailable desc = token signing failed: threshold not met
T-sameregion-optimistic@v2nb-c150,306,1791052731577682366,229892444,0,Internal error occurred: failed to generate token: while signing jwt: rpc error: code = Unavailable desc = token signing failed: threshold not met
T-sameregion-optimistic@v2nb-c150,332,1791052731588645050,218936759,0,Internal error occurred: failed to generate token: while signing jwt: rpc error: code = Unavailable desc = token signing failed: threshold not met
T-sameregion-optimistic@v2nb-c150,301,1791052731577542097,230178644,0,Internal error occurred: failed to generate token: while signing jwt: rpc error: code = Unavailable desc = token signing failed: threshold not met
T-sameregion-optimistic@v2nb-c150,349,1791052731613499274,194222496,0,Internal error occurred: failed to generate token: while signing jwt: rpc error: code = Unavailable desc = token signing failed: threshold not met
T-sameregion-optimistic@v2nb-c150,336,1791052731588966363,218804007,0,Internal error occurred: failed to generate token: while signing jwt: rpc error: code = Unavailable desc = token signing failed: threshold not met
T-sameregion-optimistic@v2nb-c150,296,1791052731577329417,230617675,0,Internal error occurred: failed to generate token: while signing jwt: rpc error: code = Unavailable desc = token signing failed: threshold not met
T-sameregion-optimistic@v2nb-c150,345,1791052731609573196,198417475,0,Internal error occurred: failed to generate token: while signing jwt: rpc error: code = Unavailable desc = token signing failed: threshold not met
T-sameregion-optimistic@v2nb-c150,272,1791052731534269124,274961059,0,Internal error occurred: failed to generate token: while signing jwt: rpc error: code = Unavailable desc = token signing failed: threshold not met
T-sameregion-optimistic@v2nb-c150,350,1791052731615357662,196224070,0,Internal error occurred: failed to generate token: while signing jwt: rpc error: code = Unavailable desc = token signing failed: threshold not met
T-sameregion-optimistic@v2nb-c150,357,1791052731635317448,176443367,0,Internal error occurred: failed to generate token: while signing jwt: rpc error: code = Unavailable desc = token signing failed: threshold not met
T-sameregion-optimistic@v2nb-c150,333,1791052731588684536,223089422,0,Internal error occurred: failed to generate token: while signing jwt: rpc error: code = Unavailable desc = token signing failed: threshold not met
T-sameregion-optimistic@v2nb-c150,292,1791052731577062652,235998313,0,Internal error occurred: failed to generate token: while signing jwt: rpc error: code = Unavailable desc = token signing failed: threshold not met
T-sameregion-optimistic@v2nb-c150,352,1791052731627048937,186078339,0,Internal error occurred: failed to generate token: while signing jwt: rpc error: code = Unavailable desc = token signing failed: threshold not met
T-sameregion-optimistic@v2nb-c150,260,1791052731507385403,305809312,0,Internal error occurred: failed to generate token: while signing jwt: rpc error: code = Unavailable desc = token signing failed: threshold not met
T-sameregion-optimistic@v2nb-c150,370,1791052731675557086,148500561,0,Internal error occurred: failed to generate token: while signing jwt: rpc error: code = Unavailable desc = token signing failed: threshold not met
T-sameregion-optimistic@v2nb-c150,369,1791052731673636298,152613965,0,Internal error occurred: failed to generate token: while signing jwt: rpc error: code = Unavailable desc = token signing failed: threshold not met
T-sameregion-optimistic@v2nb-c150,368,1791052731673257308,154519300,0,Internal error occurred: failed to generate token: while signing jwt: rpc error: code = Unavailable desc = token signing failed: threshold not met
T-sameregion-optimistic@v2nb-c150,327,1791052731588283993,240673204,0,Internal error occurred: failed to generate token: while signing jwt: rpc error: code = Unavailable desc = token signing failed: threshold not met
T-sameregion-optimistic@v2nb-c150,371,1791052731676607471,153717188,0,Internal error occurred: failed to generate token: while signing jwt: rpc error: code = Unavailable desc = token signing failed: threshold not met
T-sameregion-optimistic@v2nb-c150,365,1791052731670054323,178914503,0,Internal error occurred: failed to generate token: while signing jwt: rpc error: code = Unavailable desc = token signing failed: threshold not met
T-sameregion-optimistic@v2nb-c150,374,1791052731677972485,170996335,0,Internal error occurred: failed to generate token: while signing jwt: rpc error: code = Unavailable desc = token signing failed: threshold not met
T-sameregion-optimistic@v2nb-c150,297,1791052731577372130,271890283,0,Internal error occurred: failed to generate token: while signing jwt: rpc error: code = Unavailable desc = token signing failed: threshold not met
T-sameregion-optimistic@v2nb-c150,322,1791052731585534514,265258340,0,Internal error occurred: failed to generate token: while signing jwt: rpc error: code = Unavailable desc = token signing failed: threshold not met
T-sameregion-optimistic@v2nb-c150,287,1791052731576786389,275696094,0,Internal error occurred: failed to generate token: while signing jwt: rpc error: code = Unavailable desc = token signing failed: threshold not met
T-sameregion-optimistic@v2nb-c150,376,1791052731680320928,192122602,0,Internal error occurred: failed to generate token: while signing jwt: rpc error: code = Unavailable desc = token signing failed: threshold not met
T-sameregion-optimistic@v2nb-c150,341,1791052731592962859,279480696,0,Internal error occurred: failed to generate token: while signing jwt: rpc error: code = Unavailable desc = token signing failed: threshold not met
T-sameregion-optimistic@v2nb-c150,398,1791052731762371352,111174176,0,Internal error occurred: failed to generate token: while signing jwt: rpc error: code = Unavailable desc = token signing failed: threshold not met
T-sameregion-optimistic@v2nb-c150,393,1791052731754251454,120412918,0,Internal error occurred: failed to generate token: while signing jwt: rpc error: code = Unavailable desc = token signing failed: threshold not met
T-sameregion-optimistic@v2nb-c150,282,1791052731576449929,298626724,0,Internal error occurred: failed to generate token: while signing jwt: rpc error: code = Unavailable desc = token signing failed: threshold not met
T-sameregion-optimistic@v2nb-c150,391,1791052731751377400,127138867,0,Internal error occurred: failed to generate token: while signing jwt: rpc error: code = Unavailable desc = token signing failed: threshold not met
T-sameregion-optimistic@v2nb-c150,402,1791052731765808542,112849711,0,Internal error occurred: failed to generate token: while signing jwt: rpc error: code = Unavailable desc = token signing failed: threshold not met
T-sameregion-optimistic@v2nb-c150,404,1791052731767911628,110824345,0,Internal error occurred: failed to generate token: while signing jwt: rpc error: code = Unavailable desc = token signing failed: threshold not met
T-sameregion-optimistic@v2nb-c150,380,1791052731746514610,132259496,0,Internal error occurred: failed to generate token: while signing jwt: rpc error: code = Unavailable desc = token signing failed: threshold not met
T-sameregion-optimistic@v2nb-c150,382,1791052731746704423,132121482,0,Internal error occurred: failed to generate token: while signing jwt: rpc error: code = Unavailable desc = token signing failed: threshold not met
T-sameregion-optimistic@v2nb-c150,394,1791052731754251521,124624858,0,Internal error occurred: failed to generate token: while signing jwt: rpc error: code = Unavailable desc = token signing failed: threshold not met
T-sameregion-optimistic@v2nb-c150,384,1791052731746821568,132056784,0,Internal error occurred: failed to generate token: while signing jwt: rpc error: code = Unavailable desc = token signing failed: threshold not met
T-sameregion-optimistic@v2nb-c150,377,1791052731699538516,181279569,0,Internal error occurred: failed to generate token: while signing jwt: rpc error: code = Unavailable desc = token signing failed: threshold not met
T-sameregion-optimistic@v2nb-c150,389,1791052731749874913,131116562,0,Internal error occurred: failed to generate token: while signing jwt: rpc error: code = Unavailable desc = token signing failed: threshold not met
T-sameregion-optimistic@v2nb-c150,346,1791052731611699284,288233123,0,Internal error occurred: failed to generate token: while signing jwt: rpc error: code = Unavailable desc = token signing failed: threshold not met
T-sameregion-optimistic@v2nb-c150,309,1791052731577770370,322162082,0,Internal error occurred: failed to generate token: while signing jwt: rpc error: code = Unavailable desc = token signing failed: threshold not met
T-sameregion-optimistic@v2nb-c150,412,1791052731782811610,136085624,0,Internal error occurred: failed to generate token: while signing jwt: rpc error: code = Unavailable desc = token signing failed: threshold not met
T-sameregion-optimistic@v2nb-c150,427,1791052731787538966,131375659,0,Internal error occurred: failed to generate token: while signing jwt: rpc error: code = Unavailable desc = token signing failed: threshold not met
T-sameregion-optimistic@v2nb-c150,417,1791052731784940078,139847021,0,Internal error occurred: failed to generate token: while signing jwt: rpc error: code = Unavailable desc = token signing failed: threshold not met
T-sameregion-optimistic@v2nb-c150,326,1791052731588284046,337322325,0,Internal error occurred: failed to generate token: while signing jwt: rpc error: code = Unavailable desc = token signing failed: threshold not met
T-sameregion-optimistic@v2nb-c150,330,1791052731588513891,339842194,0,Internal error occurred: failed to generate token: while signing jwt: rpc error: code = Unavailable desc = token signing failed: threshold not met
T-sameregion-optimistic@v2nb-c150,367,1791052731671149273,259369878,0,Internal error occurred: failed to generate token: while signing jwt: rpc error: code = Unavailable desc = token signing failed: threshold not met
T-sameregion-optimistic@v2nb-c150,290,1791052731576979765,353549391,0,Internal error occurred: failed to generate token: while signing jwt: rpc error: code = Unavailable desc = token signing failed: threshold not met
T-sameregion-optimistic@v2nb-c150,392,1791052731753670824,176981478,0,Internal error occurred: failed to generate token: while signing jwt: rpc error: code = Unavailable desc = token signing failed: threshold not met
T-sameregion-optimistic@v2nb-c150,340,1791052731592869313,337866228,0,Internal error occurred: failed to generate token: while signing jwt: rpc error: code = Unavailable desc = token signing failed: threshold not met
T-sameregion-optimistic@v2nb-c150,298,1791052731577443261,353420787,0,Internal error occurred: failed to generate token: while signing jwt: rpc error: code = Unavailable desc = token signing failed: threshold not met
T-sameregion-optimistic@v2nb-c150,335,1791052731588810347,342073312,0,Internal error occurred: failed to generate token: while signing jwt: rpc error: code = Unavailable desc = token signing failed: threshold not met
T-sameregion-optimistic@v2nb-c150,372,1791052731676655495,254363519,0,Internal error occurred: failed to generate token: while signing jwt: rpc error: code = Unavailable desc = token signing failed: threshold not met
T-sameregion-optimistic@v2nb-c150,375,1791052731680270186,250845011,0,Internal error occurred: failed to generate token: while signing jwt: rpc error: code = Unavailable desc = token signing failed: threshold not met
T-sameregion-optimistic@v2nb-c150,442,1791052731807196699,126653438,0,Internal error occurred: failed to generate token: while signing jwt: rpc error: code = Unavailable desc = token signing failed: threshold not met
T-sameregion-optimistic@v2nb-c150,421,1791052731786120100,148733458,0,Internal error occurred: failed to generate token: while signing jwt: rpc error: code = Unavailable desc = token signing failed: threshold not met
T-sameregion-optimistic@v2nb-c150,317,1791052731578020855,357407666,0,Internal error occurred: failed to generate token: while signing jwt: rpc error: code = Unavailable desc = token signing failed: threshold not met
T-sameregion-optimistic@v2nb-c150,410,1791052731770701509,164756683,0,Internal error occurred: failed to generate token: while signing jwt: rpc error: code = Unavailable desc = token signing failed: threshold not met
T-sameregion-optimistic@v2nb-c150,395,1791052731754324958,182072489,0,Internal error occurred: failed to generate token: while signing jwt: rpc error: code = Unavailable desc = token signing failed: threshold not met
T-sameregion-optimistic@v2nb-c150,329,1791052731588433845,347969491,0,Internal error occurred: failed to generate token: while signing jwt: rpc error: code = Unavailable desc = token signing failed: threshold not met
T-sameregion-optimistic@v2nb-c150,399,1791052731762550523,174082132,0,Internal error occurred: failed to generate token: while signing jwt: rpc error: code = Unavailable desc = token signing failed: threshold not met
T-sameregion-optimistic@v2nb-c150,419,1791052731785627542,151105772,0,Internal error occurred: failed to generate token: while signing jwt: rpc error: code = Unavailable desc = token signing failed: threshold not met
T-sameregion-optimistic@v2nb-c150,414,1791052731783408184,155680968,0,Internal error occurred: failed to generate token: while signing jwt: rpc error: code = Unavailable desc = token signing failed: threshold not met
T-sameregion-optimistic@v2nb-c150,385,1791052731746825916,192620653,0,Internal error occurred: failed to generate token: while signing jwt: rpc error: code = Unavailable desc = token signing failed: threshold not met
T-sameregion-optimistic@v2nb-c150,439,1791052731790055610,152504716,0,Internal error occurred: failed to generate token: while signing jwt: rpc error: code = Unavailable desc = token signing failed: threshold not met
T-sameregion-optimistic@v2nb-c150,420,1791052731785741818,156833595,0,Internal error occurred: failed to generate token: while signing jwt: rpc error: code = Unavailable desc = token signing failed: threshold not met
T-sameregion-optimistic@v2nb-c150,415,1791052731783587540,159064056,0,Internal error occurred: failed to generate token: while signing jwt: rpc error: code = Unavailable desc = token signing failed: threshold not met
T-sameregion-optimistic@v2nb-c150,400,1791052731764551827,178594478,0,Internal error occurred: failed to generate token: while signing jwt: rpc error: code = Unavailable desc = token signing failed: threshold not met
T-sameregion-optimistic@v2nb-c150,397,1791052731762079194,184069936,0,Internal error occurred: failed to generate token: while signing jwt: rpc error: code = Unavailable desc = token signing failed: threshold not met
T-sameregion-optimistic@v2nb-c150,406,1791052731769297075,178308944,0,Internal error occurred: failed to generate token: while signing jwt: rpc error: code = Unavailable desc = token signing failed: threshold not met
T-sameregion-optimistic@v2nb-c150,424,1791052731786924805,160741802,0,Internal error occurred: failed to generate token: while signing jwt: rpc error: code = Unavailable desc = token signing failed: threshold not met
T-sameregion-optimistic@v2nb-c150,334,1791052731588794707,358932076,0,Internal error occurred: failed to generate token: while signing jwt: rpc error: code = Unavailable desc = token signing failed: threshold not met
T-sameregion-optimistic@v2nb-c150,449,1791052731807723185,146150898,0,Internal error occurred: failed to generate token: while signing jwt: rpc error: code = Unavailable desc = token signing failed: threshold not met
T-sameregion-optimistic@v2nb-c150,432,1791052731788715725,166366333,0,Internal error occurred: failed to generate token: while signing jwt: rpc error: code = Unavailable desc = token signing failed: threshold not met
T-sameregion-optimistic@v2nb-c150,319,1791052731578205271,386364057,0,Internal error occurred: failed to generate token: while signing jwt: rpc error: code = Unavailable desc = token signing failed: threshold not met
T-sameregion-optimistic@v2nb-c150,409,1791052731770698324,193871238,0,Internal error occurred: failed to generate token: while signing jwt: rpc error: code = Unavailable desc = token signing failed: threshold not met
T-sameregion-optimistic@v2nb-c150,320,1791052731585257791,381824642,0,Internal error occurred: failed to generate token: while signing jwt: rpc error: code = Unavailable desc = token signing failed: threshold not met
T-sameregion-optimistic@v2nb-c150,408,1791052731770522907,203281373,0,Internal error occurred: failed to generate token: while signing jwt: rpc error: code = Unavailable desc = token signing failed: threshold not met
T-sameregion-optimistic@v2nb-c150,289,1791052731576927398,396952790,0,Internal error occurred: failed to generate token: while signing jwt: rpc error: code = Unavailable desc = token signing failed: threshold not met
T-sameregion-optimistic@v2nb-c150,342,1791052731592982935,380987042,0,Internal error occurred: failed to generate token: while signing jwt: rpc error: code = Unavailable desc = token signing failed: threshold not met
T-sameregion-optimistic@v2nb-c150,416,1791052731784028947,190056662,0,Internal error occurred: failed to generate token: while signing jwt: rpc error: code = Unavailable desc = token signing failed: threshold not met
T-sameregion-optimistic@v2nb-c150,459,1791052731813130156,161005843,0,Internal error occurred: failed to generate token: while signing jwt: rpc error: code = Unavailable desc = token signing failed: threshold not met
T-sameregion-optimistic@v2nb-c150,411,1791052731781062231,193146087,0,Internal error occurred: failed to generate token: while signing jwt: rpc error: code = Unavailable desc = token signing failed: threshold not met
T-sameregion-optimistic@v2nb-c150,441,1791052731790261718,184041639,0,Internal error occurred: failed to generate token: while signing jwt: rpc error: code = Unavailable desc = token signing failed: threshold not met
T-sameregion-optimistic@v2nb-c150,454,1791052731809234530,165116205,0,Internal error occurred: failed to generate token: while signing jwt: rpc error: code = Unavailable desc = token signing failed: threshold not met
T-sameregion-optimistic@v2nb-c150,413,1791052731782812291,191679626,0,Internal error occurred: failed to generate token: while signing jwt: rpc error: code = Unavailable desc = token signing failed: threshold not met
T-sameregion-optimistic@v2nb-c150,323,1791052731585534944,390517752,0,Internal error occurred: failed to generate token: while signing jwt: rpc error: code = Unavailable desc = token signing failed: threshold not met
T-sameregion-optimistic@v2nb-c150,443,1791052731807223510,169308742,0,Internal error occurred: failed to generate token: while signing jwt: rpc error: code = Unavailable desc = token signing failed: threshold not met
T-sameregion-optimistic@v2nb-c150,447,1791052731807578885,168960753,0,Internal error occurred: failed to generate token: while signing jwt: rpc error: code = Unavailable desc = token signing failed: threshold not met
T-sameregion-optimistic@v2nb-c150,407,1791052731770463521,206331113,0,Internal error occurred: failed to generate token: while signing jwt: rpc error: code = Unavailable desc = token signing failed: threshold not met
T-sameregion-optimistic@v2nb-c150,366,1791052731670375579,306466609,0,Internal error occurred: failed to generate token: while signing jwt: rpc error: code = Unavailable desc = token signing failed: threshold not met
T-sameregion-optimistic@v2nb-c150,373,1791052731676810831,300198535,0,Internal error occurred: failed to generate token: while signing jwt: rpc error: code = Unavailable desc = token signing failed: threshold not met
T-sameregion-optimistic@v2nb-c150,444,1791052731807302919,171158357,0,Internal error occurred: failed to generate token: while signing jwt: rpc error: code = Unavailable desc = token signing failed: threshold not met
T-sameregion-optimistic@v2nb-c150,445,1791052731807386361,171290259,0,Internal error occurred: failed to generate token: while signing jwt: rpc error: code = Unavailable desc = token signing failed: threshold not met
T-sameregion-optimistic@v2nb-c150,448,1791052731807584477,171094802,0,Internal error occurred: failed to generate token: while signing jwt: rpc error: code = Unavailable desc = token signing failed: threshold not met
T-sameregion-optimistic@v2nb-c150,451,1791052731807774024,170987050,0,Internal error occurred: failed to generate token: while signing jwt: rpc error: code = Unavailable desc = token signing failed: threshold not met
T-sameregion-optimistic@v2nb-c150,450,1791052731807723798,171162118,0,Internal error occurred: failed to generate token: while signing jwt: rpc error: code = Unavailable desc = token signing failed: threshold not met
T-sameregion-optimistic@v2nb-c150,403,1791052731767788505,211993780,0,Internal error occurred: failed to generate token: while signing jwt: rpc error: code = Unavailable desc = token signing failed: threshold not met
T-sameregion-optimistic@v2nb-c150,453,1791052731807993200,172129981,0,Internal error occurred: failed to generate token: while signing jwt: rpc error: code = Unavailable desc = token signing failed: threshold not met
T-sameregion-optimistic@v2nb-c150,295,1791052731577259783,403067612,0,Internal error occurred: failed to generate token: while signing jwt: rpc error: code = Unavailable desc = token signing failed: threshold not met
T-sameregion-optimistic@v2nb-c150,401,1791052731764676296,215732088,0,Internal error occurred: failed to generate token: while signing jwt: rpc error: code = Unavailable desc = token signing failed: threshold not met
T-sameregion-optimistic@v2nb-c150,455,1791052731811585118,168879443,0,Internal error occurred: failed to generate token: while signing jwt: rpc error: code = Unavailable desc = token signing failed: threshold not met
T-sameregion-optimistic@v2nb-c150,299,1791052731577444746,403123054,0,Internal error occurred: failed to generate token: while signing jwt: rpc error: code = Unavailable desc = token signing failed: threshold not met
T-sameregion-optimistic@v2nb-c150,456,1791052731811764462,168823364,0,Internal error occurred: failed to generate token: while signing jwt: rpc error: code = Unavailable desc = token signing failed: threshold not met
T-sameregion-optimistic@v2nb-c150,310,1791052731577788417,402853971,0,Internal error occurred: failed to generate token: while signing jwt: rpc error: code = Unavailable desc = token signing failed: threshold not met
T-sameregion-optimistic@v2nb-c150,351,1791052731616492916,364152410,0,Internal error occurred: failed to generate token: while signing jwt: rpc error: code = Unavailable desc = token signing failed: threshold not met
T-sameregion-optimistic@v2nb-c150,390,1791052731749882734,230823117,0,Internal error occurred: failed to generate token: while signing jwt: rpc error: code = Unavailable desc = token signing failed: threshold not met
T-sameregion-optimistic@v2nb-c150,422,1791052731786412837,194323960,0,Internal error occurred: failed to generate token: while signing jwt: rpc error: code = Unavailable desc = token signing failed: threshold not met
T-sameregion-optimistic@v2nb-c150,437,1791052731789952689,190796302,0,Internal error occurred: failed to generate token: while signing jwt: rpc error: code = Unavailable desc = token signing failed: threshold not met
T-sameregion-optimistic@v2nb-c150,438,1791052731789988297,190813490,0,Internal error occurred: failed to generate token: while signing jwt: rpc error: code = Unavailable desc = token signing failed: threshold not met
T-sameregion-optimistic@v2nb-c150,426,1791052731787478354,193372369,0,Internal error occurred: failed to generate token: while signing jwt: rpc error: code = Unavailable desc = token signing failed: threshold not met
T-sameregion-optimistic@v2nb-c150,440,1791052731790163559,190688806,0,Internal error occurred: failed to generate token: while signing jwt: rpc error: code = Unavailable desc = token signing failed: threshold not met
T-sameregion-optimistic@v2nb-c150,321,1791052731585257695,395745800,0,Internal error occurred: failed to generate token: while signing jwt: rpc error: code = Unavailable desc = token signing failed: threshold not met
T-sameregion-optimistic@v2nb-c150,386,1791052731746916140,234285956,0,Internal error occurred: failed to generate token: while signing jwt: rpc error: code = Unavailable desc = token signing failed: threshold not met
T-sameregion-optimistic@v2nb-c150,431,1791052731788647870,192644621,0,Internal error occurred: failed to generate token: while signing jwt: rpc error: code = Unavailable desc = token signing failed: threshold not met
T-sameregion-optimistic@v2nb-c150,378,1791052731746417983,235156129,0,Internal error occurred: failed to generate token: while signing jwt: rpc error: code = Unavailable desc = token signing failed: threshold not met
T-sameregion-optimistic@v2nb-c150,433,1791052731789052432,192606231,0,Internal error occurred: failed to generate token: while signing jwt: rpc error: code = Unavailable desc = token signing failed: threshold not met
T-sameregion-optimistic@v2nb-c150,446,1791052731807393743,175820283,0,Internal error occurred: failed to generate token: while signing jwt: rpc error: code = Unavailable desc = token signing failed: threshold not met
T-sameregion-optimistic@v2nb-c150,452,1791052731807949720,176357189,0,Internal error occurred: failed to generate token: while signing jwt: rpc error: code = Unavailable desc = token signing failed: threshold not met
T-sameregion-optimistic@v2nb-c150,428,1791052731787757665,197295048,0,Internal error occurred: failed to generate token: while signing jwt: rpc error: code = Unavailable desc = token signing failed: threshold not met
T-sameregion-optimistic@v2nb-c150,457,1791052731811776318,174863954,0,Internal error occurred: failed to generate token: while signing jwt: rpc error: code = Unavailable desc = token signing failed: threshold not met
T-sameregion-optimistic@v2nb-c150,435,1791052731789419115,199452836,0,Internal error occurred: failed to generate token: while signing jwt: rpc error: code = Unavailable desc = token signing failed: threshold not met
T-sameregion-optimistic@v2nb-c150,462,1791052731826255861,163850675,0,Internal error occurred: failed to generate token: while signing jwt: rpc error: code = Unavailable desc = token signing failed: threshold not met
T-sameregion-optimistic@v2nb-c150,434,1791052731789130021,200976577,0,Internal error occurred: failed to generate token: while signing jwt: rpc error: code = Unavailable desc = token signing failed: threshold not met
T-sameregion-optimistic@v2nb-c150,463,1791052731827781359,163267925,0,Internal error occurred: failed to generate token: while signing jwt: rpc error: code = Unavailable desc = token signing failed: threshold not met
T-sameregion-optimistic@v2nb-c150,423,1791052731786691216,204394443,0,Internal error occurred: failed to generate token: while signing jwt: rpc error: code = Unavailable desc = token signing failed: threshold not met
T-sameregion-optimistic@v2nb-c150,458,1791052731813064604,179364075,0,Internal error occurred: failed to generate token: while signing jwt: rpc error: code = Unavailable desc = token signing failed: threshold not met
T-sameregion-optimistic@v2nb-c150,461,1791052731824062284,169300823,0,Internal error occurred: failed to generate token: while signing jwt: rpc error: code = Unavailable desc = token signing failed: threshold not met
T-sameregion-optimistic@v2nb-c150,479,1791052731878776217,153307757,0,Internal error occurred: failed to generate token: while signing jwt: rpc error: code = Unavailable desc = token signing failed: threshold not met
T-sameregion-optimistic@v2nb-c150,469,1791052731850810121,183249770,0,Internal error occurred: failed to generate token: while signing jwt: rpc error: code = Unavailable desc = token signing failed: threshold not met
T-sameregion-optimistic@v2nb-c150,483,1791052731880820953,153263450,0,Internal error occurred: failed to generate token: while signing jwt: rpc error: code = Unavailable desc = token signing failed: threshold not met
T-sameregion-optimistic@v2nb-c150,481,1791052731878878515,155299758,0,Internal error occurred: failed to generate token: while signing jwt: rpc error: code = Unavailable desc = token signing failed: threshold not met
T-sameregion-optimistic@v2nb-c150,501,1791052731934857648,99449460,0,Internal error occurred: failed to generate token: while signing jwt: rpc error: code = Unavailable desc = token signing failed: threshold not met
T-sameregion-optimistic@v2nb-c150,468,1791052731849265928,185193630,0,Internal error occurred: failed to generate token: while signing jwt: rpc error: code = Unavailable desc = token signing failed: threshold not met
T-sameregion-optimistic@v2nb-c150,477,1791052731878661204,155865152,0,Internal error occurred: failed to generate token: while signing jwt: rpc error: code = Unavailable desc = token signing failed: threshold not met
T-sameregion-optimistic@v2nb-c150,470,1791052731852486061,184737351,0,Internal error occurred: failed to generate token: while signing jwt: rpc error: code = Unavailable desc = token signing failed: threshold not met
T-sameregion-optimistic@v2nb-c150,13,1791052731157554627,947504754,1,
T-sameregion-optimistic@v2nb-c150,467,1791052731848975078,277635490,0,Internal error occurred: failed to generate token: while signing jwt: rpc error: code = Unavailable desc = token signing failed: threshold not met
T-sameregion-optimistic@v2nb-c150,471,1791052731872454281,254156348,0,Internal error occurred: failed to generate token: while signing jwt: rpc error: code = Unavailable desc = token signing failed: threshold not met
T-sameregion-optimistic@v2nb-c150,464,1791052731828961856,297931535,0,Internal error occurred: failed to generate token: while signing jwt: rpc error: code = Unavailable desc = token signing failed: threshold not met
T-sameregion-optimistic@v2nb-c150,465,1791052731830328311,296624539,0,Internal error occurred: failed to generate token: while signing jwt: rpc error: code = Unavailable desc = token signing failed: threshold not met
T-sameregion-optimistic@v2nb-c150,490,1791052731925611040,216277759,0,Internal error occurred: failed to generate token: while signing jwt: rpc error: code = Unavailable desc = token signing failed: threshold not met
T-sameregion-optimistic@v2nb-c150,475,1791052731875079545,266809247,0,Internal error occurred: failed to generate token: while signing jwt: rpc error: code = Unavailable desc = token signing failed: threshold not met
T-sameregion-optimistic@v2nb-c150,514,1791052731946154498,196618882,0,Internal error occurred: failed to generate token: while signing jwt: rpc error: code = Unavailable desc = token signing failed: threshold not met
T-sameregion-optimistic@v2nb-c150,485,1791052731899938831,244477562,0,Internal error occurred: failed to generate token: while signing jwt: rpc error: code = Unavailable desc = token signing failed: threshold not met
T-sameregion-optimistic@v2nb-c150,521,1791052731964573884,180625135,0,Internal error occurred: failed to generate token: while signing jwt: rpc error: code = Unavailable desc = token signing failed: threshold not met
T-sameregion-optimistic@v2nb-c150,506,1791052731936635257,209405836,0,Internal error occurred: failed to generate token: while signing jwt: rpc error: code = Unavailable desc = token signing failed: threshold not met
T-sameregion-optimistic@v2nb-c150,474,1791052731874667661,271401668,0,Internal error occurred: failed to generate token: while signing jwt: rpc error: code = Unavailable desc = token signing failed: threshold not met
T-sameregion-optimistic@v2nb-c150,429,1791052731788344845,357797909,0,Internal error occurred: failed to generate token: while signing jwt: rpc error: code = Unavailable desc = token signing failed: threshold not met
T-sameregion-optimistic@v2nb-c150,425,1791052731787242135,358954822,0,Internal error occurred: failed to generate token: while signing jwt: rpc error: code = Unavailable desc = token signing failed: threshold not met
T-sameregion-optimistic@v2nb-c150,489,1791052731924792065,222401555,0,Internal error occurred: failed to generate token: while signing jwt: rpc error: code = Unavailable desc = token signing failed: threshold not met
T-sameregion-optimistic@v2nb-c150,520,1791052731964573718,183305817,0,Internal error occurred: failed to generate token: while signing jwt: rpc error: code = Unavailable desc = token signing failed: threshold not met
T-sameregion-optimistic@v2nb-c150,379,1791052731746437284,401457687,0,Internal error occurred: failed to generate token: while signing jwt: rpc error: code = Unavailable desc = token signing failed: threshold not met
T-sameregion-optimistic@v2nb-c150,493,1791052731930532135,217457650,0,Internal error occurred: failed to generate token: while signing jwt: rpc error: code = Unavailable desc = token signing failed: threshold not met
T-sameregion-optimistic@v2nb-c150,488,1791052731918918993,229192622,0,Internal error occurred: failed to generate token: while signing jwt: rpc error: code = Unavailable desc = token signing failed: threshold not met
T-sameregion-optimistic@v2nb-c150,387,1791052731746967950,401154149,0,Internal error occurred: failed to generate token: while signing jwt: rpc error: code = Unavailable desc = token signing failed: threshold not met
T-sameregion-optimistic@v2nb-c150,482,1791052731878880105,269517725,0,Internal error occurred: failed to generate token: while signing jwt: rpc error: code = Unavailable desc = token signing failed: threshold not met
T-sameregion-optimistic@v2nb-c150,388,1791052731747013734,403055688,0,Internal error occurred: failed to generate token: while signing jwt: rpc error: code = Unavailable desc = token signing failed: threshold not met
T-sameregion-optimistic@v2nb-c150,516,1791052731947669670,203128773,0,Internal error occurred: failed to generate token: while signing jwt: rpc error: code = Unavailable desc = token signing failed: threshold not met
T-sameregion-optimistic@v2nb-c150,523,1791052731973810094,177659324,0,Internal error occurred: failed to generate token: while signing jwt: rpc error: code = Unavailable desc = token signing failed: threshold not met
T-sameregion-optimistic@v2nb-c150,495,1791052731930738478,221679039,0,Internal error occurred: failed to generate token: while signing jwt: rpc error: code = Unavailable desc = token signing failed: threshold not met
T-sameregion-optimistic@v2nb-c150,511,1791052731942577847,210084996,0,Internal error occurred: failed to generate token: while signing jwt: rpc error: code = Unavailable desc = token signing failed: threshold not met
T-sameregion-optimistic@v2nb-c150,502,1791052731935431795,217658170,0,Internal error occurred: failed to generate token: while signing jwt: rpc error: code = Unavailable desc = token signing failed: threshold not met
T-sameregion-optimistic@v2nb-c150,527,1791052731974139038,179157240,0,Internal error occurred: failed to generate token: while signing jwt: rpc error: code = Unavailable desc = token signing failed: threshold not met
T-sameregion-optimistic@v2nb-c150,492,1791052731930526282,222960440,0,Internal error occurred: failed to generate token: while signing jwt: rpc error: code = Unavailable desc = token signing failed: threshold not met
T-sameregion-optimistic@v2nb-c150,559,1791052731981204776,172300265,0,Internal error occurred: failed to generate token: while signing jwt: rpc error: code = Unavailable desc = token signing failed: threshold not met
T-sameregion-optimistic@v2nb-c150,567,1791052731988875913,164823604,0,Internal error occurred: failed to generate token: while signing jwt: rpc error: code = Unavailable desc = token signing failed: threshold not met
T-sameregion-optimistic@v2nb-c150,513,1791052731943149634,210526935,0,Internal error occurred: failed to generate token: while signing jwt: rpc error: code = Unavailable desc = token signing failed: threshold not met
T-sameregion-optimistic@v2nb-c150,534,1791052731976541741,177501939,0,Internal error occurred: failed to generate token: while signing jwt: rpc error: code = Unavailable desc = token signing failed: threshold not met
T-sameregion-optimistic@v2nb-c150,499,1791052731931117031,223172467,0,Internal error occurred: failed to generate token: while signing jwt: rpc error: code = Unavailable desc = token signing failed: threshold not met
T-sameregion-optimistic@v2nb-c150,508,1791052731939093254,220042992,0,Internal error occurred: failed to generate token: while signing jwt: rpc error: code = Unavailable desc = token signing failed: threshold not met
T-sameregion-optimistic@v2nb-c150,519,1791052731955087153,205343538,0,Internal error occurred: failed to generate token: while signing jwt: rpc error: code = Unavailable desc = token signing failed: threshold not met
T-sameregion-optimistic@v2nb-c150,381,1791052731746652514,413779399,0,Internal error occurred: failed to generate token: while signing jwt: rpc error: code = Unavailable desc = token signing failed: threshold not met
T-sameregion-optimistic@v2nb-c150,494,1791052731930654752,229843363,0,Internal error occurred: failed to generate token: while signing jwt: rpc error: code = Unavailable desc = token signing failed: threshold not met
T-sameregion-optimistic@v2nb-c150,484,1791052731880994119,282260344,0,Internal error occurred: failed to generate token: while signing jwt: rpc error: code = Unavailable desc = token signing failed: threshold not met
T-sameregion-optimistic@v2nb-c150,568,1791052731990110140,173147895,0,Internal error occurred: failed to generate token: while signing jwt: rpc error: code = Unavailable desc = token signing failed: threshold not met
T-sameregion-optimistic@v2nb-c150,573,1791052731993366187,177856425,0,Internal error occurred: failed to generate token: while signing jwt: rpc error: code = Unavailable desc = token signing failed: threshold not met
T-sameregion-optimistic@v2nb-c150,574,1791052732032089221,139240488,0,Internal error occurred: failed to generate token: while signing jwt: rpc error: code = Unavailable desc = token signing failed: threshold not met
T-sameregion-optimistic@v2nb-c150,512,1791052731942653546,228836850,0,Internal error occurred: failed to generate token: while signing jwt: rpc error: code = Unavailable desc = token signing failed: threshold not met
T-sameregion-optimistic@v2nb-c150,569,1791052731990110451,181463890,0,Internal error occurred: failed to generate token: while signing jwt: rpc error: code = Unavailable desc = token signing failed: threshold not met
T-sameregion-optimistic@v2nb-c150,436,1791052731789479352,382232308,0,Internal error occurred: failed to generate token: while signing jwt: rpc error: code = Unavailable desc = token signing failed: threshold not met
T-sameregion-optimistic@v2nb-c150,509,1791052731939450271,232280469,0,Internal error occurred: failed to generate token: while signing jwt: rpc error: code = Unavailable desc = token signing failed: threshold not met
T-sameregion-optimistic@v2nb-c150,539,1791052731978679765,193094259,0,Internal error occurred: failed to generate token: while signing jwt: rpc error: code = Unavailable desc = token signing failed: threshold not met
T-sameregion-optimistic@v2nb-c150,430,1791052731788493961,383311686,0,Internal error occurred: failed to generate token: while signing jwt: rpc error: code = Unavailable desc = token signing failed: threshold not met
T-sameregion-optimistic@v2nb-c150,544,1791052731980278098,191565990,0,Internal error occurred: failed to generate token: while signing jwt: rpc error: code = Unavailable desc = token signing failed: threshold not met
T-sameregion-optimistic@v2nb-c150,500,1791052731933855099,238002463,0,Internal error occurred: failed to generate token: while signing jwt: rpc error: code = Unavailable desc = token signing failed: threshold not met
T-sameregion-optimistic@v2nb-c150,545,1791052731980331281,191566803,0,Internal error occurred: failed to generate token: while signing jwt: rpc error: code = Unavailable desc = token signing failed: threshold not met
T-sameregion-optimistic@v2nb-c150,496,1791052731930866454,241060558,0,Internal error occurred: failed to generate token: while signing jwt: rpc error: code = Unavailable desc = token signing failed: threshold not met
T-sameregion-optimistic@v2nb-c150,551,1791052731980646928,191322202,0,Internal error occurred: failed to generate token: while signing jwt: rpc error: code = Unavailable desc = token signing failed: threshold not met
T-sameregion-optimistic@v2nb-c150,571,1791052731991088411,180883848,0,Internal error occurred: failed to generate token: while signing jwt: rpc error: code = Unavailable desc = token signing failed: threshold not met
T-sameregion-optimistic@v2nb-c150,550,1791052731980644384,191396892,0,Internal error occurred: failed to generate token: while signing jwt: rpc error: code = Unavailable desc = token signing failed: threshold not met
T-sameregion-optimistic@v2nb-c150,575,1791052732034066669,137979517,0,Internal error occurred: failed to generate token: while signing jwt: rpc error: code = Unavailable desc = token signing failed: threshold not met
T-sameregion-optimistic@v2nb-c150,487,1791052731918921860,253188850,0,Internal error occurred: failed to generate token: while signing jwt: rpc error: code = Unavailable desc = token signing failed: threshold not met
T-sameregion-optimistic@v2nb-c150,418,1791052731785430702,386872431,0,Internal error occurred: failed to generate token: while signing jwt: rpc error: code = Unavailable desc = token signing failed: threshold not met
T-sameregion-optimistic@v2nb-c150,504,1791052731936400610,235909031,0,Internal error occurred: failed to generate token: while signing jwt: rpc error: code = Unavailable desc = token signing failed: threshold not met
T-sameregion-optimistic@v2nb-c150,556,1791052731980853191,191501587,0,Internal error occurred: failed to generate token: while signing jwt: rpc error: code = Unavailable desc = token signing failed: threshold not met
T-sameregion-optimistic@v2nb-c150,507,1791052731936735533,235630191,0,Internal error occurred: failed to generate token: while signing jwt: rpc error: code = Unavailable desc = token signing failed: threshold not met
T-sameregion-optimistic@v2nb-c150,517,1791052731947728664,224688208,0,Internal error occurred: failed to generate token: while signing jwt: rpc error: code = Unavailable desc = token signing failed: threshold not met
T-sameregion-optimistic@v2nb-c150,491,1791052731928359711,244111901,0,Internal error occurred: failed to generate token: while signing jwt: rpc error: code = Unavailable desc = token signing failed: threshold not met
T-sameregion-optimistic@v2nb-c150,460,1791052731813196865,359299432,0,Internal error occurred: failed to generate token: while signing jwt: rpc error: code = Unavailable desc = token signing failed: threshold not met
T-sameregion-optimistic@v2nb-c150,476,1791052731878521030,294008278,0,Internal error occurred: failed to generate token: while signing jwt: rpc error: code = Unavailable desc = token signing failed: threshold not met
T-sameregion-optimistic@v2nb-c150,138,1791052731166943983,1005610379,0,Internal error occurred: failed to generate token: while signing jwt: rpc error: code = Unavailable desc = token signing failed: threshold not met
T-sameregion-optimistic@v2nb-c150,480,1791052731878828055,293764905,0,Internal error occurred: failed to generate token: while signing jwt: rpc error: code = Unavailable desc = token signing failed: threshold not met
T-sameregion-optimistic@v2nb-c150,570,1791052731991054507,181551252,0,Internal error occurred: failed to generate token: while signing jwt: rpc error: code = Unavailable desc = token signing failed: threshold not met
T-sameregion-optimistic@v2nb-c150,497,1791052731930887220,241750159,0,Internal error occurred: failed to generate token: while signing jwt: rpc error: code = Unavailable desc = token signing failed: threshold not met
T-sameregion-optimistic@v2nb-c150,405,1791052731769251789,403415524,0,Internal error occurred: failed to generate token: while signing jwt: rpc error: code = Unavailable desc = token signing failed: threshold not met
T-sameregion-optimistic@v2nb-c150,578,1791052732034310055,138375433,0,Internal error occurred: failed to generate token: while signing jwt: rpc error: code = Unavailable desc = token signing failed: threshold not met
T-sameregion-optimistic@v2nb-c150,486,1791052731899939337,272785479,0,Internal error occurred: failed to generate token: while signing jwt: rpc error: code = Unavailable desc = token signing failed: threshold not met
T-sameregion-optimistic@v2nb-c150,503,1791052731935460770,237401555,0,Internal error occurred: failed to generate token: while signing jwt: rpc error: code = Unavailable desc = token signing failed: threshold not met
T-sameregion-optimistic@v2nb-c150,505,1791052731936405667,236564124,0,Internal error occurred: failed to generate token: while signing jwt: rpc error: code = Unavailable desc = token signing failed: threshold not met
T-sameregion-optimistic@v2nb-c150,478,1791052731878738296,294376749,0,Internal error occurred: failed to generate token: while signing jwt: rpc error: code = Unavailable desc = token signing failed: threshold not met
T-sameregion-optimistic@v2nb-c150,383,1791052731746744833,426468587,0,Internal error occurred: failed to generate token: while signing jwt: rpc error: code = Unavailable desc = token signing failed: threshold not met
T-sameregion-optimistic@v2nb-c150,572,1791052731992431193,180869688,0,Internal error occurred: failed to generate token: while signing jwt: rpc error: code = Unavailable desc = token signing failed: threshold not met
T-sameregion-optimistic@v2nb-c150,466,1791052731848975084,324418301,0,Internal error occurred: failed to generate token: while signing jwt: rpc error: code = Unavailable desc = token signing failed: threshold not met
T-sameregion-optimistic@v2nb-c150,498,1791052731931022693,242471560,0,Internal error occurred: failed to generate token: while signing jwt: rpc error: code = Unavailable desc = token signing failed: threshold not met
T-sameregion-optimistic@v2nb-c150,472,1791052731872449709,301109343,0,Internal error occurred: failed to generate token: while signing jwt: rpc error: code = Unavailable desc = token signing failed: threshold not met
T-sameregion-optimistic@v2nb-c150,510,1791052731942566408,231012917,0,Internal error occurred: failed to generate token: while signing jwt: rpc error: code = Unavailable desc = token signing failed: threshold not met
T-sameregion-optimistic@v2nb-c150,566,1791052731986643177,187046720,0,Internal error occurred: failed to generate token: while signing jwt: rpc error: code = Unavailable desc = token signing failed: threshold not met
T-sameregion-optimistic@v2nb-c150,473,1791052731873548883,300224210,0,Internal error occurred: failed to generate token: while signing jwt: rpc error: code = Unavailable desc = token signing failed: threshold not met
T-sameregion-optimistic@v2nb-c150,522,1791052731967087405,213524883,0,Internal error occurred: failed to generate token: while signing jwt: rpc error: code = Unavailable desc = token signing failed: threshold not met
T-sameregion-optimistic@v2nb-c150,396,1791052731754491705,426136114,0,Internal error occurred: failed to generate token: while signing jwt: rpc error: code = Unavailable desc = token signing failed: threshold not met
T-sameregion-optimistic@v2nb-c150,532,1791052731976056552,204632782,0,Internal error occurred: failed to generate token: while signing jwt: rpc error: code = Unavailable desc = token signing failed: threshold not met
T-sameregion-optimistic@v2nb-c150,518,1791052731953878903,227087346,0,Internal error occurred: failed to generate token: while signing jwt: rpc error: code = Unavailable desc = token signing failed: threshold not met
T-sameregion-optimistic@v2nb-c150,515,1791052731947610776,233420986,0,Internal error occurred: failed to generate token: while signing jwt: rpc error: code = Unavailable desc = token signing failed: threshold not met
T-sameregion-optimistic@v2nb-c150,10,1791052731157422117,1036182228,1,
T-sameregion-optimistic@v2nb-c150,580,1791052732034529975,178334222,0,Internal error occurred: failed to generate token: while signing jwt: rpc error: code = Unavailable desc = token signing failed: threshold not met
T-sameregion-optimistic@v2nb-c150,576,1791052732034086949,180474143,0,Internal error occurred: failed to generate token: while signing jwt: rpc error: code = Unavailable desc = token signing failed: threshold not met
T-sameregion-optimistic@v2nb-c150,579,1791052732034462973,191119526,0,Internal error occurred: failed to generate token: while signing jwt: rpc error: code = Unavailable desc = token signing failed: threshold not met
T-sameregion-optimistic@v2nb-c150,577,1791052732034180313,196702717,0,Internal error occurred: failed to generate token: while signing jwt: rpc error: code = Unavailable desc = token signing failed: threshold not met
T-sameregion-optimistic@v2nb-c150,541,1791052731978763170,265337983,0,Internal error occurred: failed to generate token: while signing jwt: rpc error: code = Unavailable desc = token signing failed: threshold not met
T-sameregion-optimistic@v2nb-c150,537,1791052731977011982,267089170,0,Internal error occurred: failed to generate token: while signing jwt: rpc error: code = Unavailable desc = token signing failed: threshold not met
T-sameregion-optimistic@v2nb-c150,597,1791052732147883333,112880635,0,Internal error occurred: failed to generate token: while signing jwt: rpc error: code = Unavailable desc = token signing failed: threshold not met
T-sameregion-optimistic@v2nb-c150,581,1791052732037229718,223771153,0,Internal error occurred: failed to generate token: while signing jwt: rpc error: code = Unavailable desc = token signing failed: threshold not met
T-sameregion-optimistic@v2nb-c150,561,1791052731981576570,279445960,0,Internal error occurred: failed to generate token: while signing jwt: rpc error: code = Unavailable desc = token signing failed: threshold not met
T-sameregion-optimistic@v2nb-c150,525,1791052731973972102,293523405,0,Internal error occurred: failed to generate token: while signing jwt: rpc error: code = Unavailable desc = token signing failed: threshold not met
T-sameregion-optimistic@v2nb-c150,543,1791052731979785403,287723489,0,Internal error occurred: failed to generate token: while signing jwt: rpc error: code = Unavailable desc = token signing failed: threshold not met
T-sameregion-optimistic@v2nb-c150,102,1791052731161403205,1195675092,1,
T-sameregion-optimistic@v2nb-c150,609,1791052732153299103,208341660,0,Internal error occurred: failed to generate token: while signing jwt: rpc error: code = Unavailable desc = token signing failed: threshold not met
T-sameregion-optimistic@v2nb-c150,529,1791052731974305979,387334767,0,Internal error occurred: failed to generate token: while signing jwt: rpc error: code = Unavailable desc = token signing failed: threshold not met
T-sameregion-optimistic@v2nb-c150,531,1791052731974505011,390105262,0,Internal error occurred: failed to generate token: while signing jwt: rpc error: code = Unavailable desc = token signing failed: threshold not met
T-sameregion-optimistic@v2nb-c150,554,1791052731980751028,384054791,0,Internal error occurred: failed to generate token: while signing jwt: rpc error: code = Unavailable desc = token signing failed: threshold not met
T-sameregion-optimistic@v2nb-c150,558,1791052731981007882,385528820,0,Internal error occurred: failed to generate token: while signing jwt: rpc error: code = Unavailable desc = token signing failed: threshold not met
T-sameregion-optimistic@v2nb-c150,526,1791052731974088314,395981250,0,Internal error occurred: failed to generate token: while signing jwt: rpc error: code = Unavailable desc = token signing failed: threshold not met
T-sameregion-optimistic@v2nb-c150,663,1791052732173696013,196376104,0,Internal error occurred: failed to generate token: while signing jwt: rpc error: code = Unavailable desc = token signing failed: threshold not met
T-sameregion-optimistic@v2nb-c150,565,1791052731985055648,385302134,0,Internal error occurred: failed to generate token: while signing jwt: rpc error: code = Unavailable desc = token signing failed: threshold not met
T-sameregion-optimistic@v2nb-c150,560,1791052731981294708,389179596,0,Internal error occurred: failed to generate token: while signing jwt: rpc error: code = Unavailable desc = token signing failed: threshold not met
T-sameregion-optimistic@v2nb-c150,549,1791052731980590411,389887849,0,Internal error occurred: failed to generate token: while signing jwt: rpc error: code = Unavailable desc = token signing failed: threshold not met
T-sameregion-optimistic@v2nb-c150,646,1791052732172530818,198108303,0,Internal error occurred: failed to generate token: while signing jwt: rpc error: code = Unavailable desc = token signing failed: threshold not met
T-sameregion-optimistic@v2nb-c150,585,1791052732126896990,243752729,0,Internal error occurred: failed to generate token: while signing jwt: rpc error: code = Unavailable desc = token signing failed: threshold not met
T-sameregion-optimistic@v2nb-c150,601,1791052732148221407,222599378,0,Internal error occurred: failed to generate token: while signing jwt: rpc error: code = Unavailable desc = token signing failed: threshold not met
T-sameregion-optimistic@v2nb-c150,615,1791052732154293833,216530691,0,Internal error occurred: failed to generate token: while signing jwt: rpc error: code = Unavailable desc = token signing failed: threshold not met
T-sameregion-optimistic@v2nb-c150,614,1791052732154046639,216950652,0,Internal error occurred: failed to generate token: while signing jwt: rpc error: code = Unavailable desc = token signing failed: threshold not met
T-sameregion-optimistic@v2nb-c150,602,1791052732148400503,224094128,0,Internal error occurred: failed to generate token: while signing jwt: rpc error: code = Unavailable desc = token signing failed: threshold not met
T-sameregion-optimistic@v2nb-c150,626,1791052732171714078,200800856,0,Internal error occurred: failed to generate token: while signing jwt: rpc error: code = Unavailable desc = token signing failed: threshold not met
T-sameregion-optimistic@v2nb-c150,542,1791052731978888576,394909981,0,Internal error occurred: failed to generate token: while signing jwt: rpc error: code = Unavailable desc = token signing failed: threshold not met
T-sameregion-optimistic@v2nb-c150,670,1791052732193609967,181521640,0,Internal error occurred: failed to generate token: while signing jwt: rpc error: code = Unavailable desc = token signing failed: threshold not met
T-sameregion-optimistic@v2nb-c150,524,1791052731973883420,401383717,0,Internal error occurred: failed to generate token: while signing jwt: rpc error: code = Unavailable desc = token signing failed: threshold not met
T-sameregion-optimistic@v2nb-c150,546,1791052731980410694,398121264,0,Internal error occurred: failed to generate token: while signing jwt: rpc error: code = Unavailable desc = token signing failed: threshold not met
T-sameregion-optimistic@v2nb-c150,607,1791052732152670631,229147286,0,Internal error occurred: failed to generate token: while signing jwt: rpc error: code = Unavailable desc = token signing failed: threshold not met
T-sameregion-optimistic@v2nb-c150,643,1791052732172418740,211573595,0,Internal error occurred: failed to generate token: while signing jwt: rpc error: code = Unavailable desc = token signing failed: threshold not met
T-sameregion-optimistic@v2nb-c150,557,1791052731980854153,403208493,0,Internal error occurred: failed to generate token: while signing jwt: rpc error: code = Unavailable desc = token signing failed: threshold not met
T-sameregion-optimistic@v2nb-c150,547,1791052731980466559,403766134,0,Internal error occurred: failed to generate token: while signing jwt: rpc error: code = Unavailable desc = token signing failed: threshold not met
T-sameregion-optimistic@v2nb-c150,596,1791052732147196708,237346413,0,Internal error occurred: failed to generate token: while signing jwt: rpc error: code = Unavailable desc = token signing failed: threshold not met
T-sameregion-optimistic@v2nb-c150,599,1791052732147991754,239010811,0,Internal error occurred: failed to generate token: while signing jwt: rpc error: code = Unavailable desc = token signing failed: threshold not met
T-sameregion-optimistic@v2nb-c150,651,1791052732172669148,219015091,0,Internal error occurred: failed to generate token: while signing jwt: rpc error: code = Unavailable desc = token signing failed: threshold not met
T-sameregion-optimistic@v2nb-c150,611,1791052732153508244,239466263,0,Internal error occurred: failed to generate token: while signing jwt: rpc error: code = Unavailable desc = token signing failed: threshold not met
T-sameregion-optimistic@v2nb-c150,594,1791052732146144851,246831752,0,Internal error occurred: failed to generate token: while signing jwt: rpc error: code = Unavailable desc = token signing failed: threshold not met
T-sameregion-optimistic@v2nb-c150,590,1791052732144421537,249569548,0,Internal error occurred: failed to generate token: while signing jwt: rpc error: code = Unavailable desc = token signing failed: threshold not met
T-sameregion-optimistic@v2nb-c150,563,1791052731983217278,419236905,0,Internal error occurred: failed to generate token: while signing jwt: rpc error: code = Unavailable desc = token signing failed: threshold not met
T-sameregion-optimistic@v2nb-c150,612,1791052732153712854,249413676,0,Internal error occurred: failed to generate token: while signing jwt: rpc error: code = Unavailable desc = token signing failed: threshold not met
T-sameregion-optimistic@v2nb-c150,639,1791052732172306176,230826219,0,Internal error occurred: failed to generate token: while signing jwt: rpc error: code = Unavailable desc = token signing failed: threshold not met
T-sameregion-optimistic@v2nb-c150,608,1791052732153093033,250186725,0,Internal error occurred: failed to generate token: while signing jwt: rpc error: code = Unavailable desc = token signing failed: threshold not met
T-sameregion-optimistic@v2nb-c150,616,1791052732159140225,244139383,0,Internal error occurred: failed to generate token: while signing jwt: rpc error: code = Unavailable desc = token signing failed: threshold not met
T-sameregion-optimistic@v2nb-c150,664,1791052732173774883,247210166,0,Internal error occurred: failed to generate token: while signing jwt: rpc error: code = Unavailable desc = token signing failed: threshold not met
T-sameregion-optimistic@v2nb-c150,538,1791052731978464904,444519275,0,Internal error occurred: failed to generate token: while signing jwt: rpc error: code = Unavailable desc = token signing failed: threshold not met
T-sameregion-optimistic@v2nb-c150,592,1791052732146044100,276964552,0,Internal error occurred: failed to generate token: while signing jwt: rpc error: code = Unavailable desc = token signing failed: threshold not met
T-sameregion-optimistic@v2nb-c150,604,1791052732150802725,272181788,0,Internal error occurred: failed to generate token: while signing jwt: rpc error: code = Unavailable desc = token signing failed: threshold not met
T-sameregion-optimistic@v2nb-c150,637,1791052732172048659,251095560,0,Internal error occurred: failed to generate token: while signing jwt: rpc error: code = Unavailable desc = token signing failed: threshold not met
T-sameregion-optimistic@v2nb-c150,553,1791052731980739915,442511092,0,Internal error occurred: failed to generate token: while signing jwt: rpc error: code = Unavailable desc = token signing failed: threshold not met
T-sameregion-optimistic@v2nb-c150,673,1791052732225586990,197710358,0,Internal error occurred: failed to generate token: while signing jwt: rpc error: code = Unavailable desc = token signing failed: threshold not met
T-sameregion-optimistic@v2nb-c150,587,1791052732141893815,281458425,0,Internal error occurred: failed to generate token: while signing jwt: rpc error: code = Unavailable desc = token signing failed: threshold not met
T-sameregion-optimistic@v2nb-c150,564,1791052731984311097,439041964,0,Internal error occurred: failed to generate token: while signing jwt: rpc error: code = Unavailable desc = token signing failed: threshold not met
T-sameregion-optimistic@v2nb-c150,42,1791052731158712123,1267934232,0,Internal error occurred: failed to generate token: while signing jwt: rpc error: code = Unavailable desc = token signing failed: threshold not met
T-sameregion-optimistic@v2nb-c150,528,1791052731974210476,453148981,0,Internal error occurred: failed to generate token: while signing jwt: rpc error: code = Unavailable desc = token signing failed: threshold not met
T-sameregion-optimistic@v2nb-c150,589,1791052732142779533,284593877,0,Internal error occurred: failed to generate token: while signing jwt: rpc error: code = Unavailable desc = token signing failed: threshold not met
T-sameregion-optimistic@v2nb-c150,636,1791052732172043124,255429907,0,Internal error occurred: failed to generate token: while signing jwt: rpc error: code = Unavailable desc = token signing failed: threshold not met
T-sameregion-optimistic@v2nb-c150,605,1791052732151473270,276071900,0,Internal error occurred: failed to generate token: while signing jwt: rpc error: code = Unavailable desc = token signing failed: threshold not met
T-sameregion-optimistic@v2nb-c150,628,1791052732171793993,255824309,0,Internal error occurred: failed to generate token: while signing jwt: rpc error: code = Unavailable desc = token signing failed: threshold not met
T-sameregion-optimistic@v2nb-c150,591,1791052732145201909,282471427,0,Internal error occurred: failed to generate token: while signing jwt: rpc error: code = Unavailable desc = token signing failed: threshold not met
T-sameregion-optimistic@v2nb-c150,661,1791052732173561482,285905629,0,Internal error occurred: failed to generate token: while signing jwt: rpc error: code = Unavailable desc = token signing failed: threshold not met
T-sameregion-optimistic@v2nb-c150,644,1791052732172473408,291800896,0,Internal error occurred: failed to generate token: while signing jwt: rpc error: code = Unavailable desc = token signing failed: threshold not met
T-sameregion-optimistic@v2nb-c150,680,1791052732267501275,196773111,0,Internal error occurred: failed to generate token: while signing jwt: rpc error: code = Unavailable desc = token signing failed: threshold not met
T-sameregion-optimistic@v2nb-c150,645,1791052732172497961,292262566,0,Internal error occurred: failed to generate token: while signing jwt: rpc error: code = Unavailable desc = token signing failed: threshold not met
T-sameregion-optimistic@v2nb-c150,659,1791052732173396871,293083188,0,Internal error occurred: failed to generate token: while signing jwt: rpc error: code = Unavailable desc = token signing failed: threshold not met
T-sameregion-optimistic@v2nb-c150,625,1791052732171576570,295699348,0,Internal error occurred: failed to generate token: while signing jwt: rpc error: code = Unavailable desc = token signing failed: threshold not met
T-sameregion-optimistic@v2nb-c150,668,1791052732180969592,287919581,0,Internal error occurred: failed to generate token: while signing jwt: rpc error: code = Unavailable desc = token signing failed: threshold not met
T-sameregion-optimistic@v2nb-c150,635,1791052732171973945,298243224,0,Internal error occurred: failed to generate token: while signing jwt: rpc error: code = Unavailable desc = token signing failed: threshold not met
T-sameregion-optimistic@v2nb-c150,675,1791052732244105978,229336065,0,Internal error occurred: failed to generate token: while signing jwt: rpc error: code = Unavailable desc = token signing failed: threshold not met
T-sameregion-optimistic@v2nb-c150,24,1791052731158025634,1315421188,1,
T-sameregion-optimistic@v2nb-c150,19,1791052731157772536,1318741458,1,
T-sameregion-optimistic@v2nb-c150,650,1791052732172639060,327616551,0,Internal error occurred: failed to generate token: while signing jwt: rpc error: code = Unavailable desc = token signing failed: threshold not met
T-sameregion-optimistic@v2nb-c150,648,1791052732172594912,327761044,0,Internal error occurred: failed to generate token: while signing jwt: rpc error: code = Unavailable desc = token signing failed: threshold not met
T-sameregion-optimistic@v2nb-c150,692,1791052732370480530,134713881,0,Internal error occurred: failed to generate token: while signing jwt: rpc error: code = Unavailable desc = token signing failed: threshold not met
T-sameregion-optimistic@v2nb-c150,683,1791052732361645887,143854334,0,Internal error occurred: failed to generate token: while signing jwt: rpc error: code = Unavailable desc = token signing failed: threshold not met
T-sameregion-optimistic@v2nb-c150,662,1791052732173581354,333458820,0,Internal error occurred: failed to generate token: while signing jwt: rpc error: code = Unavailable desc = token signing failed: threshold not met
T-sameregion-optimistic@v2nb-c150,630,1791052732171847208,335211141,0,Internal error occurred: failed to generate token: while signing jwt: rpc error: code = Unavailable desc = token signing failed: threshold not met
T-sameregion-optimistic@v2nb-c150,691,1791052732370477742,138696582,0,Internal error occurred: failed to generate token: while signing jwt: rpc error: code = Unavailable desc = token signing failed: threshold not met
T-sameregion-optimistic@v2nb-c150,706,1791052732384066004,125304299,0,Internal error occurred: failed to generate token: while signing jwt: rpc error: code = Unavailable desc = token signing failed: threshold not met
T-sameregion-optimistic@v2nb-c150,21,1791052731157875579,1355537730,1,
T-sameregion-optimistic@v2nb-c150,23,1791052731157977347,1376678521,1,
T-sameregion-optimistic@v2nb-c150,27,1791052731158148696,1399417410,1,
T-sameregion-optimistic@v2nb-c150,633,1791052732171929155,391879920,0,Internal error occurred: failed to generate token: while signing jwt: rpc error: code = Unavailable desc = token signing failed: threshold not met
T-sameregion-optimistic@v2nb-c150,653,1791052732172726607,391695429,0,Internal error occurred: failed to generate token: while signing jwt: rpc error: code = Unavailable desc = token signing failed: threshold not met
T-sameregion-optimistic@v2nb-c150,720,1791052732422990954,141630596,0,Internal error occurred: failed to generate token: while signing jwt: rpc error: code = Unavailable desc = token signing failed: threshold not met
T-sameregion-optimistic@v2nb-c150,684,1791052732361645790,204186431,0,Internal error occurred: failed to generate token: while signing jwt: rpc error: code = Unavailable desc = token signing failed: threshold not met
T-sameregion-optimistic@v2nb-c150,696,1791052732370826712,195797855,0,Internal error occurred: failed to generate token: while signing jwt: rpc error: code = Unavailable desc = token signing failed: threshold not met
T-sameregion-optimistic@v2nb-c150,669,1791052732181035058,390749099,0,Internal error occurred: failed to generate token: while signing jwt: rpc error: code = Unavailable desc = token signing failed: threshold not met
T-sameregion-optimistic@v2nb-c150,701,1791052732375134710,196673875,0,Internal error occurred: failed to generate token: while signing jwt: rpc error: code = Unavailable desc = token signing failed: threshold not met
T-sameregion-optimistic@v2nb-c150,715,1791052732403130846,168750210,0,Internal error occurred: failed to generate token: while signing jwt: rpc error: code = Unavailable desc = token signing failed: threshold not met
T-sameregion-optimistic@v2nb-c150,705,1791052732384012898,187936819,0,Internal error occurred: failed to generate token: while signing jwt: rpc error: code = Unavailable desc = token signing failed: threshold not met
T-sameregion-optimistic@v2nb-c150,709,1791052732387006653,185197301,0,Internal error occurred: failed to generate token: while signing jwt: rpc error: code = Unavailable desc = token signing failed: threshold not met
T-sameregion-optimistic@v2nb-c150,700,1791052732373801458,198674608,0,Internal error occurred: failed to generate token: while signing jwt: rpc error: code = Unavailable desc = token signing failed: threshold not met
T-sameregion-optimistic@v2nb-c150,707,1791052732384236410,188253721,0,Internal error occurred: failed to generate token: while signing jwt: rpc error: code = Unavailable desc = token signing failed: threshold not met
T-sameregion-optimistic@v2nb-c150,739,1791052732466483630,106089579,0,Internal error occurred: failed to generate token: while signing jwt: rpc error: code = Unavailable desc = token signing failed: threshold not met
T-sameregion-optimistic@v2nb-c150,724,1791052732423254200,149363076,0,Internal error occurred: failed to generate token: while signing jwt: rpc error: code = Unavailable desc = token signing failed: threshold not met
T-sameregion-optimistic@v2nb-c150,687,1791052732366539943,209883365,0,Internal error occurred: failed to generate token: while signing jwt: rpc error: code = Unavailable desc = token signing failed: threshold not met
T-sameregion-optimistic@v2nb-c150,698,1791052732372498627,203942662,0,Internal error occurred: failed to generate token: while signing jwt: rpc error: code = Unavailable desc = token signing failed: threshold not met
T-sameregion-optimistic@v2nb-c150,652,1791052732172687233,404890362,0,Internal error occurred: failed to generate token: while signing jwt: rpc error: code = Unavailable desc = token signing failed: threshold not met
T-sameregion-optimistic@v2nb-c150,704,1791052732381821456,196852262,0,Internal error occurred: failed to generate token: while signing jwt: rpc error: code = Unavailable desc = token signing failed: threshold not met
T-sameregion-optimistic@v2nb-c150,721,1791052732423011472,155670508,0,Internal error occurred: failed to generate token: while signing jwt: rpc error: code = Unavailable desc = token signing failed: threshold not met
T-sameregion-optimistic@v2nb-c150,728,1791052732426651859,152346852,0,Internal error occurred: failed to generate token: while signing jwt: rpc error: code = Unavailable desc = token signing failed: threshold not met
T-sameregion-optimistic@v2nb-c150,716,1791052732403134626,176215273,0,Internal error occurred: failed to generate token: while signing jwt: rpc error: code = Unavailable desc = token signing failed: threshold not met
T-sameregion-optimistic@v2nb-c150,686,1791052732364810581,215304543,0,Internal error occurred: failed to generate token: while signing jwt: rpc error: code = Unavailable desc = token signing failed: threshold not met
T-sameregion-optimistic@v2nb-c150,740,1791052732467280274,113582615,0,Internal error occurred: failed to generate token: while signing jwt: rpc error: code = Unavailable desc = token signing failed: threshold not met
T-sameregion-optimistic@v2nb-c150,647,1791052732172556262,408450803,0,Internal error occurred: failed to generate token: while signing jwt: rpc error: code = Unavailable desc = token signing failed: threshold not met
T-sameregion-optimistic@v2nb-c150,712,1791052732392979932,188037804,0,Internal error occurred: failed to generate token: while signing jwt: rpc error: code = Unavailable desc = token signing failed: threshold not met
T-sameregion-optimistic@v2nb-c150,655,1791052732172971830,408293760,0,Internal error occurred: failed to generate token: while signing jwt: rpc error: code = Unavailable desc = token signing failed: threshold not met
T-sameregion-optimistic@v2nb-c150,710,1791052732391689846,189626364,0,Internal error occurred: failed to generate token: while signing jwt: rpc error: code = Unavailable desc = token signing failed: threshold not met
T-sameregion-optimistic@v2nb-c150,690,1791052732370360766,211038573,0,Internal error occurred: failed to generate token: while signing jwt: rpc error: code = Unavailable desc = token signing failed: threshold not met
T-sameregion-optimistic@v2nb-c150,697,1791052732370999788,210472851,0,Internal error occurred: failed to generate token: while signing jwt: rpc error: code = Unavailable desc = token signing failed: threshold not met
T-sameregion-optimistic@v2nb-c150,666,1791052732180630640,400902559,0,Internal error occurred: failed to generate token: while signing jwt: rpc error: code = Unavailable desc = token signing failed: threshold not met
T-sameregion-optimistic@v2nb-c150,658,1791052732173303368,408303921,0,Internal error occurred: failed to generate token: while signing jwt: rpc error: code = Unavailable desc = token signing failed: threshold not met
T-sameregion-optimistic@v2nb-c150,713,1791052732393995813,188227938,0,Internal error occurred: failed to generate token: while signing jwt: rpc error: code = Unavailable desc = token signing failed: threshold not met
T-sameregion-optimistic@v2nb-c150,718,1791052732403282486,179859081,0,Internal error occurred: failed to generate token: while signing jwt: rpc error: code = Unavailable desc = token signing failed: threshold not met
T-sameregion-optimistic@v2nb-c150,729,1791052732427364127,155777408,0,Internal error occurred: failed to generate token: while signing jwt: rpc error: code = Unavailable desc = token signing failed: threshold not met
T-sameregion-optimistic@v2nb-c150,732,1791052732427547327,155704639,0,Internal error occurred: failed to generate token: while signing jwt: rpc error: code = Unavailable desc = token signing failed: threshold not met
T-sameregion-optimistic@v2nb-c150,682,1791052732357082904,226169219,0,Internal error occurred: failed to generate token: while signing jwt: rpc error: code = Unavailable desc = token signing failed: threshold not met
T-sameregion-optimistic@v2nb-c150,681,1791052732267513314,315793997,0,Internal error occurred: failed to generate token: while signing jwt: rpc error: code = Unavailable desc = token signing failed: threshold not met
T-sameregion-optimistic@v2nb-c150,678,1791052732261004123,322365100,0,Internal error occurred: failed to generate token: while signing jwt: rpc error: code = Unavailable desc = token signing failed: threshold not met
T-sameregion-optimistic@v2nb-c150,699,1791052732372517845,210949514,0,Internal error occurred: failed to generate token: while signing jwt: rpc error: code = Unavailable desc = token signing failed: threshold not met
T-sameregion-optimistic@v2nb-c150,717,1791052732403283646,180230749,0,Internal error occurred: failed to generate token: while signing jwt: rpc error: code = Unavailable desc = token signing failed: threshold not met
T-sameregion-optimistic@v2nb-c150,702,1791052732375269275,208280737,0,Internal error occurred: failed to generate token: while signing jwt: rpc error: code = Unavailable desc = token signing failed: threshold not met
T-sameregion-optimistic@v2nb-c150,708,1791052732384555178,199072977,0,Internal error occurred: failed to generate token: while signing jwt: rpc error: code = Unavailable desc = token signing failed: threshold not met
T-sameregion-optimistic@v2nb-c150,736,1791052732464279352,124782018,0,Internal error occurred: failed to generate token: while signing jwt: rpc error: code = Unavailable desc = token signing failed: threshold not met
T-sameregion-optimistic@v2nb-c150,734,1791052732427676159,161386942,0,Internal error occurred: failed to generate token: while signing jwt: rpc error: code = Unavailable desc = token signing failed: threshold not met
T-sameregion-optimistic@v2nb-c150,703,1791052732378536520,210580866,0,Internal error occurred: failed to generate token: while signing jwt: rpc error: code = Unavailable desc = token signing failed: threshold not met
T-sameregion-optimistic@v2nb-c150,741,1791052732468892278,151968051,0,Internal error occurred: failed to generate token: while signing jwt: rpc error: code = Unavailable desc = token signing failed: threshold not met
T-sameregion-optimistic@v2nb-c150,20,1791052731157843956,1479952006,1,
T-sameregion-optimistic@v2nb-c150,22,1791052731157934264,1480000279,1,
T-sameregion-optimistic@v2nb-c150,693,1791052732370641948,272305883,0,Internal error occurred: failed to generate token: while signing jwt: rpc error: code = Unavailable desc = token signing failed: threshold not met
T-sameregion-optimistic@v2nb-c150,694,1791052732370652103,272307282,0,Internal error occurred: failed to generate token: while signing jwt: rpc error: code = Unavailable desc = token signing failed: threshold not met
T-sameregion-optimistic@v2nb-c150,714,1791052732402460993,248066752,0,Internal error occurred: failed to generate token: while signing jwt: rpc error: code = Unavailable desc = token signing failed: threshold not met
T-sameregion-optimistic@v2nb-c150,711,1791052732392980570,257553006,0,Internal error occurred: failed to generate token: while signing jwt: rpc error: code = Unavailable desc = token signing failed: threshold not met
T-sameregion-optimistic@v2nb-c150,688,1791052732370074326,290697793,0,Internal error occurred: failed to generate token: while signing jwt: rpc error: code = Unavailable desc = token signing failed: threshold not met
T-sameregion-optimistic@v2nb-c150,768,1791052732572492684,94553374,0,Internal error occurred: failed to generate token: while signing jwt: rpc error: code = Unavailable desc = token signing failed: threshold not met
T-sameregion-optimistic@v2nb-c150,634,1791052732171970696,496127382,0,Internal error occurred: failed to generate token: while signing jwt: rpc error: code = Unavailable desc = token signing failed: threshold not met
T-sameregion-optimistic@v2nb-c150,742,1791052732470220754,200457657,0,Internal error occurred: failed to generate token: while signing jwt: rpc error: code = Unavailable desc = token signing failed: threshold not met
T-sameregion-optimistic@v2nb-c150,730,1791052732427376470,243373537,0,Internal error occurred: failed to generate token: while signing jwt: rpc error: code = Unavailable desc = token signing failed: threshold not met
T-sameregion-optimistic@v2nb-c150,749,1791052732505503372,165332476,0,Internal error occurred: failed to generate token: while signing jwt: rpc error: code = Unavailable desc = token signing failed: threshold not met
T-sameregion-optimistic@v2nb-c150,750,1791052732507044793,163893228,0,Internal error occurred: failed to generate token: while signing jwt: rpc error: code = Unavailable desc = token signing failed: threshold not met
T-sameregion-optimistic@v2nb-c150,766,1791052732572206567,98753328,0,Internal error occurred: failed to generate token: while signing jwt: rpc error: code = Unavailable desc = token signing failed: threshold not met
T-sameregion-optimistic@v2nb-c150,757,1791052732563814217,107256195,0,Internal error occurred: failed to generate token: while signing jwt: rpc error: code = Unavailable desc = token signing failed: threshold not met
T-sameregion-optimistic@v2nb-c150,731,1791052732427475626,243679581,0,Internal error occurred: failed to generate token: while signing jwt: rpc error: code = Unavailable desc = token signing failed: threshold not met
T-sameregion-optimistic@v2nb-c150,771,1791052732576427652,94765894,0,Internal error occurred: failed to generate token: while signing jwt: rpc error: code = Unavailable desc = token signing failed: threshold not met
T-sameregion-optimistic@v2nb-c150,762,1791052732571789573,99470387,0,Internal error occurred: failed to generate token: while signing jwt: rpc error: code = Unavailable desc = token signing failed: threshold not met
T-sameregion-optimistic@v2nb-c150,761,1791052732566627761,104658451,0,Internal error occurred: failed to generate token: while signing jwt: rpc error: code = Unavailable desc = token signing failed: threshold not met
T-sameregion-optimistic@v2nb-c150,748,1791052732505199732,166171307,0,Internal error occurred: failed to generate token: while signing jwt: rpc error: code = Unavailable desc = token signing failed: threshold not met
T-sameregion-optimistic@v2nb-c150,627,1791052732171732999,499651147,0,Internal error occurred: failed to generate token: while signing jwt: rpc error: code = Unavailable desc = token signing failed: threshold not met
T-sameregion-optimistic@v2nb-c150,755,1791052732534661075,136812566,0,Internal error occurred: failed to generate token: while signing jwt: rpc error: code = Unavailable desc = token signing failed: threshold not met
T-sameregion-optimistic@v2nb-c150,752,1791052732509178246,162334323,0,Internal error occurred: failed to generate token: while signing jwt: rpc error: code = Unavailable desc = token signing failed: threshold not met
T-sameregion-optimistic@v2nb-c150,751,1791052732507061609,164548469,0,Internal error occurred: failed to generate token: while signing jwt: rpc error: code = Unavailable desc = token signing failed: threshold not met
T-sameregion-optimistic@v2nb-c150,667,1791052732180691229,490996062,0,Internal error occurred: failed to generate token: while signing jwt: rpc error: code = Unavailable desc = token signing failed: threshold not met
T-sameregion-optimistic@v2nb-c150,759,1791052732564625958,111361891,0,Internal error occurred: failed to generate token: while signing jwt: rpc error: code = Unavailable desc = token signing failed: threshold not met
T-sameregion-optimistic@v2nb-c150,767,1791052732572479468,103508433,0,Internal error occurred: failed to generate token: while signing jwt: rpc error: code = Unavailable desc = token signing failed: threshold not met
T-sameregion-optimistic@v2nb-c150,726,1791052732423354462,252849097,0,Internal error occurred: failed to generate token: while signing jwt: rpc error: code = Unavailable desc = token signing failed: threshold not met
T-sameregion-optimistic@v2nb-c150,758,1791052732564425081,111817279,0,Internal error occurred: failed to generate token: while signing jwt: rpc error: code = Unavailable desc = token signing failed: threshold not met
T-sameregion-optimistic@v2nb-c150,770,1791052732572619662,103702275,0,Internal error occurred: failed to generate token: while signing jwt: rpc error: code = Unavailable desc = token signing failed: threshold not met
T-sameregion-optimistic@v2nb-c150,745,1791052732476518573,200000426,0,Internal error occurred: failed to generate token: while signing jwt: rpc error: code = Unavailable desc = token signing failed: threshold not met
T-sameregion-optimistic@v2nb-c150,743,1791052732473448436,203121963,0,Internal error occurred: failed to generate token: while signing jwt: rpc error: code = Unavailable desc = token signing failed: threshold not met
T-sameregion-optimistic@v2nb-c150,746,1791052732500260472,176368650,0,Internal error occurred: failed to generate token: while signing jwt: rpc error: code = Unavailable desc = token signing failed: threshold not met
T-sameregion-optimistic@v2nb-c150,764,1791052732571883528,104842551,0,Internal error occurred: failed to generate token: while signing jwt: rpc error: code = Unavailable desc = token signing failed: threshold not met
T-sameregion-optimistic@v2nb-c150,649,1791052732172607584,507509353,0,Internal error occurred: failed to generate token: while signing jwt: rpc error: code = Unavailable desc = token signing failed: threshold not met
T-sameregion-optimistic@v2nb-c150,773,1791052732577582207,102799106,0,Internal error occurred: failed to generate token: while signing jwt: rpc error: code = Unavailable desc = token signing failed: threshold not met
T-sameregion-optimistic@v2nb-c150,660,1791052732173496968,507837279,0,Internal error occurred: failed to generate token: while signing jwt: rpc error: code = Unavailable desc = token signing failed: threshold not met
T-sameregion-optimistic@v2nb-c150,760,1791052732565836540,116990879,0,Internal error occurred: failed to generate token: while signing jwt: rpc error: code = Unavailable desc = token signing failed: threshold not met
T-sameregion-optimistic@v2nb-c150,753,1791052732509373546,173482189,0,Internal error occurred: failed to generate token: while signing jwt: rpc error: code = Unavailable desc = token signing failed: threshold not met
T-sameregion-optimistic@v2nb-c150,765,1791052732571952201,111564921,0,Internal error occurred: failed to generate token: while signing jwt: rpc error: code = Unavailable desc = token signing failed: threshold not met
T-sameregion-optimistic@v2nb-c150,769,1791052732572576957,112059942,0,Internal error occurred: failed to generate token: while signing jwt: rpc error: code = Unavailable desc = token signing failed: threshold not met
T-sameregion-optimistic@v2nb-c150,719,1791052732420990532,264836490,0,Internal error occurred: failed to generate token: while signing jwt: rpc error: code = Unavailable desc = token signing failed: threshold not met
T-sameregion-optimistic@v2nb-c150,763,1791052732571811005,116224873,0,Internal error occurred: failed to generate token: while signing jwt: rpc error: code = Unavailable desc = token signing failed: threshold not met
T-sameregion-optimistic@v2nb-c150,754,1791052732513418440,174855690,0,Internal error occurred: failed to generate token: while signing jwt: rpc error: code = Unavailable desc = token signing failed: threshold not met
T-sameregion-optimistic@v2nb-c150,756,1791052732557570686,131204627,0,Internal error occurred: failed to generate token: while signing jwt: rpc error: code = Unavailable desc = token signing failed: threshold not met
T-sameregion-optimistic@v2nb-c150,654,1791052732172866158,515965769,0,Internal error occurred: failed to generate token: while signing jwt: rpc error: code = Unavailable desc = token signing failed: threshold not met
T-sameregion-optimistic@v2nb-c150,775,1791052732578684953,111411223,0,Internal error occurred: failed to generate token: while signing jwt: rpc error: code = Unavailable desc = token signing failed: threshold not met
T-sameregion-optimistic@v2nb-c150,788,1791052732582226950,116907946,0,Internal error occurred: failed to generate token: while signing jwt: rpc error: code = Unavailable desc = token signing failed: threshold not met
T-sameregion-optimistic@v2nb-c150,782,1791052732581268807,142214722,0,Internal error occurred: failed to generate token: while signing jwt: rpc error: code = Unavailable desc = token signing failed: threshold not met
T-sameregion-optimistic@v2nb-c150,789,1791052732583145683,140368559,0,Internal error occurred: failed to generate token: while signing jwt: rpc error: code = Unavailable desc = token signing failed: threshold not met
T-sameregion-optimistic@v2nb-c150,790,1791052732583145841,142217615,0,Internal error occurred: failed to generate token: while signing jwt: rpc error: code = Unavailable desc = token signing failed: threshold not met
T-sameregion-optimistic@v2nb-c150,796,1791052732583516755,142437836,0,Internal error occurred: failed to generate token: while signing jwt: rpc error: code = Unavailable desc = token signing failed: threshold not met
T-sameregion-optimistic@v2nb-c150,774,1791052732578678016,148569751,0,Internal error occurred: failed to generate token: while signing jwt: rpc error: code = Unavailable desc = token signing failed: threshold not met
T-sameregion-optimistic@v2nb-c150,800,1791052732589066089,141234845,0,Internal error occurred: failed to generate token: while signing jwt: rpc error: code = Unavailable desc = token signing failed: threshold not met
T-sameregion-optimistic@v2nb-c150,799,1791052732589066267,153649198,0,Internal error occurred: failed to generate token: while signing jwt: rpc error: code = Unavailable desc = token signing failed: threshold not met
T-sameregion-optimistic@v2nb-c150,806,1791052732642961851,99753625,0,Internal error occurred: failed to generate token: while signing jwt: rpc error: code = Unavailable desc = token signing failed: threshold not met
T-sameregion-optimistic@v2nb-c150,776,1791052732579001769,164445958,0,Internal error occurred: failed to generate token: while signing jwt: rpc error: code = Unavailable desc = token signing failed: threshold not met
T-sameregion-optimistic@v2nb-c150,802,1791052732620865578,127895940,0,Internal error occurred: failed to generate token: while signing jwt: rpc error: code = Unavailable desc = token signing failed: threshold not met
T-sameregion-optimistic@v2nb-c150,735,1791052732459471892,289290996,0,Internal error occurred: failed to generate token: while signing jwt: rpc error: code = Unavailable desc = token signing failed: threshold not met
T-sameregion-optimistic@v2nb-c150,733,1791052732427620465,322116394,0,Internal error occurred: failed to generate token: while signing jwt: rpc error: code = Unavailable desc = token signing failed: threshold not met
T-sameregion-optimistic@v2nb-c150,108,1791052731162101866,1589606610,1,
T-sameregion-optimistic@v2nb-c150,737,1791052732464279350,296038380,0,Internal error occurred: failed to generate token: while signing jwt: rpc error: code = Unavailable desc = token signing failed: threshold not met
T-sameregion-optimistic@v2nb-c150,795,1791052732583470087,188177713,0,Internal error occurred: failed to generate token: while signing jwt: rpc error: code = Unavailable desc = token signing failed: threshold not met
T-sameregion-optimistic@v2nb-c150,813,1791052732670753166,101015713,0,Internal error occurred: failed to generate token: while signing jwt: rpc error: code = Unavailable desc = token signing failed: threshold not met
T-sameregion-optimistic@v2nb-c150,787,1791052732581609473,191272262,0,Internal error occurred: failed to generate token: while signing jwt: rpc error: code = Unavailable desc = token signing failed: threshold not met
T-sameregion-optimistic@v2nb-c150,785,1791052732581474863,191416836,0,Internal error occurred: failed to generate token: while signing jwt: rpc error: code = Unavailable desc = token signing failed: threshold not met
T-sameregion-optimistic@v2nb-c150,820,1791052732671262296,101780794,0,Internal error occurred: failed to generate token: while signing jwt: rpc error: code = Unavailable desc = token signing failed: threshold not met
T-sameregion-optimistic@v2nb-c150,824,1791052732671475872,101567348,0,Internal error occurred: failed to generate token: while signing jwt: rpc error: code = Unavailable desc = token signing failed: threshold not met
T-sameregion-optimistic@v2nb-c150,827,1791052732671689489,101507352,0,Internal error occurred: failed to generate token: while signing jwt: rpc error: code = Unavailable desc = token signing failed: threshold not met
T-sameregion-optimistic@v2nb-c150,772,1791052732576444121,196848943,0,Internal error occurred: failed to generate token: while signing jwt: rpc error: code = Unavailable desc = token signing failed: threshold not met
T-sameregion-optimistic@v2nb-c150,722,1791052732423030720,350304000,0,Internal error occurred: failed to generate token: while signing jwt: rpc error: code = Unavailable desc = token signing failed: threshold not met
T-sameregion-optimistic@v2nb-c150,723,1791052732423148004,350293767,0,Internal error occurred: failed to generate token: while signing jwt: rpc error: code = Unavailable desc = token signing failed: threshold not met
T-sameregion-optimistic@v2nb-c150,816,1791052732670961950,102714673,0,Internal error occurred: failed to generate token: while signing jwt: rpc error: code = Unavailable desc = token signing failed: threshold not met
T-sameregion-optimistic@v2nb-c150,801,1791052732589119329,188029123,0,Internal error occurred: failed to generate token: while signing jwt: rpc error: code = Unavailable desc = token signing failed: threshold not met
T-sameregion-optimistic@v2nb-c150,783,1791052732581319166,195869994,0,Internal error occurred: failed to generate token: while signing jwt: rpc error: code = Unavailable desc = token signing failed: threshold not met
T-sameregion-optimistic@v2nb-c150,798,1791052732583630173,196732846,0,Internal error occurred: failed to generate token: while signing jwt: rpc error: code = Unavailable desc = token signing failed: threshold not met
T-sameregion-optimistic@v2nb-c150,832,1791052732676324942,105689636,0,Internal error occurred: failed to generate token: while signing jwt: rpc error: code = Unavailable desc = token signing failed: threshold not met
T-sameregion-optimistic@v2nb-c150,727,1791052732423355095,358658816,0,Internal error occurred: failed to generate token: while signing jwt: rpc error: code = Unavailable desc = token signing failed: threshold not met
T-sameregion-optimistic@v2nb-c150,805,1791052732642953575,139191023,0,Internal error occurred: failed to generate token: while signing jwt: rpc error: code = Unavailable desc = token signing failed: threshold not met
T-sameregion-optimistic@v2nb-c150,821,1791052732671287830,110929770,0,Internal error occurred: failed to generate token: while signing jwt: rpc error: code = Unavailable desc = token signing failed: threshold not met
T-sameregion-optimistic@v2nb-c150,830,1791052732676206478,106109223,0,Internal error occurred: failed to generate token: while signing jwt: rpc error: code = Unavailable desc = token signing failed: threshold not met
T-sameregion-optimistic@v2nb-c150,747,1791052732500359073,282012753,0,Internal error occurred: failed to generate token: while signing jwt: rpc error: code = Unavailable desc = token signing failed: threshold not met
T-sameregion-optimistic@v2nb-c150,792,1791052732583254403,199238820,0,Internal error occurred: failed to generate token: while signing jwt: rpc error: code = Unavailable desc = token signing failed: threshold not met
T-sameregion-optimistic@v2nb-c150,840,1791052732682830650,99690634,0,Internal error occurred: failed to generate token: while signing jwt: rpc error: code = Unavailable desc = token signing failed: threshold not met
T-sameregion-optimistic@v2nb-c150,784,1791052732581402934,201187168,0,Internal error occurred: failed to generate token: while signing jwt: rpc error: code = Unavailable desc = token signing failed: threshold not met
T-sameregion-optimistic@v2nb-c150,803,1791052732637801333,144836513,0,Internal error occurred: failed to generate token: while signing jwt: rpc error: code = Unavailable desc = token signing failed: threshold not met
T-sameregion-optimistic@v2nb-c150,781,1791052732581020576,201759359,0,Internal error occurred: failed to generate token: while signing jwt: rpc error: code = Unavailable desc = token signing failed: threshold not met
T-sameregion-optimistic@v2nb-c150,738,1791052732464764000,318114795,0,Internal error occurred: failed to generate token: while signing jwt: rpc error: code = Unavailable desc = token signing failed: threshold not met
T-sameregion-optimistic@v2nb-c150,822,1791052732671373027,111507671,0,Internal error occurred: failed to generate token: while signing jwt: rpc error: code = Unavailable desc = token signing failed: threshold not met
T-sameregion-optimistic@v2nb-c150,804,1791052732637937642,146883818,0,Internal error occurred: failed to generate token: while signing jwt: rpc error: code = Unavailable desc = token signing failed: threshold not met
T-sameregion-optimistic@v2nb-c150,841,1791052732682858205,116288797,0,Internal error occurred: failed to generate token: while signing jwt: rpc error: code = Unavailable desc = token signing failed: threshold not met
T-sameregion-optimistic@v2nb-c150,843,1791052732684639574,116972501,0,Internal error occurred: failed to generate token: while signing jwt: rpc error: code = Unavailable desc = token signing failed: threshold not met
T-sameregion-optimistic@v2nb-c150,29,1791052731158226759,1657883521,1,
T-sameregion-optimistic@v2nb-c150,844,1791052732685829883,137744353,0,Internal error occurred: failed to generate token: while signing jwt: rpc error: code = Unavailable desc = token signing failed: threshold not met
T-sameregion-optimistic@v2nb-c150,833,1791052732676521304,161658641,0,Internal error occurred: failed to generate token: while signing jwt: rpc error: code = Unavailable desc = token signing failed: threshold not met
T-sameregion-optimistic@v2nb-c150,845,1791052732688038550,150718009,0,Internal error occurred: failed to generate token: while signing jwt: rpc error: code = Unavailable desc = token signing failed: threshold not met
T-sameregion-optimistic@v2nb-c150,848,1791052732688834431,149922017,0,Internal error occurred: failed to generate token: while signing jwt: rpc error: code = Unavailable desc = token signing failed: threshold not met
T-sameregion-optimistic@v2nb-c150,828,1791052732675992257,168948611,0,Internal error occurred: failed to generate token: while signing jwt: rpc error: code = Unavailable desc = token signing failed: threshold not met
T-sameregion-optimistic@v2nb-c150,847,1791052732688791648,156170459,0,Internal error occurred: failed to generate token: while signing jwt: rpc error: code = Unavailable desc = token signing failed: threshold not met
T-sameregion-optimistic@v2nb-c150,849,1791052732690098449,155672393,0,Internal error occurred: failed to generate token: while signing jwt: rpc error: code = Unavailable desc = token signing failed: threshold not met
T-sameregion-optimistic@v2nb-c150,810,1791052732667050772,194609093,0,Internal error occurred: failed to generate token: while signing jwt: rpc error: code = Unavailable desc = token signing failed: threshold not met
T-sameregion-optimistic@v2nb-c150,777,1791052732579353146,282306774,0,Internal error occurred: failed to generate token: while signing jwt: rpc error: code = Unavailable desc = token signing failed: threshold not met
T-sameregion-optimistic@v2nb-c150,744,1791052732473450093,389685929,0,Internal error occurred: failed to generate token: while signing jwt: rpc error: code = Unavailable desc = token signing failed: threshold not met
T-sameregion-optimistic@v2nb-c150,793,1791052732583309389,279946959,0,Internal error occurred: failed to generate token: while signing jwt: rpc error: code = Unavailable desc = token signing failed: threshold not met
T-sameregion-optimistic@v2nb-c150,725,1791052732423299276,439990933,0,Internal error occurred: failed to generate token: while signing jwt: rpc error: code = Unavailable desc = token signing failed: threshold not met
T-sameregion-optimistic@v2nb-c150,846,1791052732688277156,175074745,0,Internal error occurred: failed to generate token: while signing jwt: rpc error: code = Unavailable desc = token signing failed: threshold not met
T-sameregion-optimistic@v2nb-c150,797,1791052732583552095,282412755,0,Internal error occurred: failed to generate token: while signing jwt: rpc error: code = Unavailable desc = token signing failed: threshold not met
T-sameregion-optimistic@v2nb-c150,865,1791052732771655461,94317142,0,Internal error occurred: failed to generate token: while signing jwt: rpc error: code = Unavailable desc = token signing failed: threshold not met
T-sameregion-optimistic@v2nb-c150,857,1791052732742721455,123344558,0,Internal error occurred: failed to generate token: while signing jwt: rpc error: code = Unavailable desc = token signing failed: threshold not met
T-sameregion-optimistic@v2nb-c150,814,1791052732670837883,195332813,0,Internal error occurred: failed to generate token: while signing jwt: rpc error: code = Unavailable desc = token signing failed: threshold not met
T-sameregion-optimistic@v2nb-c150,808,1791052732650535737,215694818,0,Internal error occurred: failed to generate token: while signing jwt: rpc error: code = Unavailable desc = token signing failed: threshold not met
T-sameregion-optimistic@v2nb-c150,835,1791052732676632298,191338495,0,Internal error occurred: failed to generate token: while signing jwt: rpc error: code = Unavailable desc = token signing failed: threshold not met
T-sameregion-optimistic@v2nb-c150,834,1791052732676574019,192024494,0,Internal error occurred: failed to generate token: while signing jwt: rpc error: code = Unavailable desc = token signing failed: threshold not met
T-sameregion-optimistic@v2nb-c150,826,1791052732671612264,197021713,0,Internal error occurred: failed to generate token: while signing jwt: rpc error: code = Unavailable desc = token signing failed: threshold not met
T-sameregion-optimistic@v2nb-c150,836,1791052732676728811,193057940,0,Internal error occurred: failed to generate token: while signing jwt: rpc error: code = Unavailable desc = token signing failed: threshold not met
T-sameregion-optimistic@v2nb-c150,819,1791052732671195851,200661323,0,Internal error occurred: failed to generate token: while signing jwt: rpc error: code = Unavailable desc = token signing failed: threshold not met
T-sameregion-optimistic@v2nb-c150,809,1791052732660777977,211266413,0,Internal error occurred: failed to generate token: while signing jwt: rpc error: code = Unavailable desc = token signing failed: threshold not met
T-sameregion-optimistic@v2nb-c150,823,1791052732671385862,201845989,0,Internal error occurred: failed to generate token: while signing jwt: rpc error: code = Unavailable desc = token signing failed: threshold not met
T-sameregion-optimistic@v2nb-c150,855,1791052732727251171,145988430,0,Internal error occurred: failed to generate token: while signing jwt: rpc error: code = Unavailable desc = token signing failed: threshold not met
T-sameregion-optimistic@v2nb-c150,858,1791052732742721462,130561215,0,Internal error occurred: failed to generate token: while signing jwt: rpc error: code = Unavailable desc = token signing failed: threshold not met
T-sameregion-optimistic@v2nb-c150,825,1791052732671514693,201838118,0,Internal error occurred: failed to generate token: while signing jwt: rpc error: code = Unavailable desc = token signing failed: threshold not met
T-sameregion-optimistic@v2nb-c150,868,1791052732772894189,100462062,0,Internal error occurred: failed to generate token: while signing jwt: rpc error: code = Unavailable desc = token signing failed: threshold not met
T-sameregion-optimistic@v2nb-c150,807,1791052732650534325,222874627,0,Internal error occurred: failed to generate token: while signing jwt: rpc error: code = Unavailable desc = token signing failed: threshold not met
T-sameregion-optimistic@v2nb-c150,877,1791052732777192157,96240304,0,Internal error occurred: failed to generate token: while signing jwt: rpc error: code = Unavailable desc = token signing failed: threshold not met
T-sameregion-optimistic@v2nb-c150,860,1791052732748766959,124686003,0,Internal error occurred: failed to generate token: while signing jwt: rpc error: code = Unavailable desc = token signing failed: threshold not met
T-sameregion-optimistic@v2nb-c150,874,1791052732773444177,101818195,0,Internal error occurred: failed to generate token: while signing jwt: rpc error: code = Unavailable desc = token signing failed: threshold not met
T-sameregion-optimistic@v2nb-c150,812,1791052732670681931,210411196,0,Internal error occurred: failed to generate token: while signing jwt: rpc error: code = Unavailable desc = token signing failed: threshold not met
T-sameregion-optimistic@v2nb-c150,831,1791052732676245233,205242588,0,Internal error occurred: failed to generate token: while signing jwt: rpc error: code = Unavailable desc = token signing failed: threshold not met
T-sameregion-optimistic@v2nb-c150,866,1791052732771772114,111597464,0,Internal error occurred: failed to generate token: while signing jwt: rpc error: code = Unavailable desc = token signing failed: threshold not met
T-sameregion-optimistic@v2nb-c150,875,1791052732773678784,109690749,0,Internal error occurred: failed to generate token: while signing jwt: rpc error: code = Unavailable desc = token signing failed: threshold not met
T-sameregion-optimistic@v2nb-c150,864,1791052732760322393,124118225,0,Internal error occurred: failed to generate token: while signing jwt: rpc error: code = Unavailable desc = token signing failed: threshold not met
T-sameregion-optimistic@v2nb-c150,842,1791052732683519498,200923289,0,Internal error occurred: failed to generate token: while signing jwt: rpc error: code = Unavailable desc = token signing failed: threshold not met
T-sameregion-optimistic@v2nb-c150,838,1791052732680383850,204259924,0,Internal error occurred: failed to generate token: while signing jwt: rpc error: code = Unavailable desc = token signing failed: threshold not met
T-sameregion-optimistic@v2nb-c150,815,1791052732670941108,214652254,0,Internal error occurred: failed to generate token: while signing jwt: rpc error: code = Unavailable desc = token signing failed: threshold not met
T-sameregion-optimistic@v2nb-c150,829,1791052732675992254,209643098,0,Internal error occurred: failed to generate token: while signing jwt: rpc error: code = Unavailable desc = token signing failed: threshold not met
T-sameregion-optimistic@v2nb-c150,818,1791052732671157140,214569981,0,Internal error occurred: failed to generate token: while signing jwt: rpc error: code = Unavailable desc = token signing failed: threshold not met
T-sameregion-optimistic@v2nb-c150,837,1791052732680121544,205624361,0,Internal error occurred: failed to generate token: while signing jwt: rpc error: code = Unavailable desc = token signing failed: threshold not met
T-sameregion-optimistic@v2nb-c150,811,1791052732668102267,217757864,0,Internal error occurred: failed to generate token: while signing jwt: rpc error: code = Unavailable desc = token signing failed: threshold not met
T-sameregion-optimistic@v2nb-c150,863,1791052732751715016,134165526,0,Internal error occurred: failed to generate token: while signing jwt: rpc error: code = Unavailable desc = token signing failed: threshold not met
T-sameregion-optimistic@v2nb-c150,817,1791052732671072663,214937040,0,Internal error occurred: failed to generate token: while signing jwt: rpc error: code = Unavailable desc = token signing failed: threshold not met
T-sameregion-optimistic@v2nb-c150,862,1791052732749742915,173800664,0,Internal error occurred: failed to generate token: while signing jwt: rpc error: code = Unavailable desc = token signing failed: threshold not met
T-sameregion-optimistic@v2nb-c150,871,1791052732773199231,150848500,0,Internal error occurred: failed to generate token: while signing jwt: rpc error: code = Unavailable desc = token signing failed: threshold not met
T-sameregion-optimistic@v2nb-c150,861,1791052732748767263,175287917,0,Internal error occurred: failed to generate token: while signing jwt: rpc error: code = Unavailable desc = token signing failed: threshold not met
T-sameregion-optimistic@v2nb-c150,859,1791052732743450990,180986630,0,Internal error occurred: failed to generate token: while signing jwt: rpc error: code = Unavailable desc = token signing failed: threshold not met
T-sameregion-optimistic@v2nb-c150,867,1791052732772885663,157568450,0,Internal error occurred: failed to generate token: while signing jwt: rpc error: code = Unavailable desc = token signing failed: threshold not met
T-sameregion-optimistic@v2nb-c150,889,1791052732782781981,147681632,0,Internal error occurred: failed to generate token: while signing jwt: rpc error: code = Unavailable desc = token signing failed: threshold not met
T-sameregion-optimistic@v2nb-c150,870,1791052732773046078,159523905,0,Internal error occurred: failed to generate token: while signing jwt: rpc error: code = Unavailable desc = token signing failed: threshold not met
T-sameregion-optimistic@v2nb-c150,873,1791052732773337562,159237428,0,Internal error occurred: failed to generate token: while signing jwt: rpc error: code = Unavailable desc = token signing failed: threshold not met
T-sameregion-optimistic@v2nb-c150,869,1791052732773046186,160298019,0,Internal error occurred: failed to generate token: while signing jwt: rpc error: code = Unavailable desc = token signing failed: threshold not met
T-sameregion-optimistic@v2nb-c150,872,1791052732773295287,160889251,0,Internal error occurred: failed to generate token: while signing jwt: rpc error: code = Unavailable desc = token signing failed: threshold not met
T-sameregion-optimistic@v2nb-c150,18,1791052731157748361,1780263867,1,
T-sameregion-optimistic@v2nb-c150,118,1791052731164891276,1776163462,1,
T-sameregion-optimistic@v2nb-c150,839,1791052732681337612,262126954,0,Internal error occurred: failed to generate token: while signing jwt: rpc error: code = Unavailable desc = token signing failed: threshold not met
T-sameregion-optimistic@v2nb-c150,791,1791052732583254430,361152766,0,Internal error occurred: failed to generate token: while signing jwt: rpc error: code = Unavailable desc = token signing failed: threshold not met
T-sameregion-optimistic@v2nb-c150,890,1791052732782881482,161804657,0,Internal error occurred: failed to generate token: while signing jwt: rpc error: code = Unavailable desc = token signing failed: threshold not met
T-sameregion-optimistic@v2nb-c150,779,1791052732580865959,373156784,0,Internal error occurred: failed to generate token: while signing jwt: rpc error: code = Unavailable desc = token signing failed: threshold not met
T-sameregion-optimistic@v2nb-c150,882,1791052732782221203,179599742,0,Internal error occurred: failed to generate token: while signing jwt: rpc error: code = Unavailable desc = token signing failed: threshold not met
T-sameregion-optimistic@v2nb-c150,891,1791052732782882722,178972902,0,Internal error occurred: failed to generate token: while signing jwt: rpc error: code = Unavailable desc = token signing failed: threshold not met
T-sameregion-optimistic@v2nb-c150,887,1791052732782592114,179337663,0,Internal error occurred: failed to generate token: while signing jwt: rpc error: code = Unavailable desc = token signing failed: threshold not met
T-sameregion-optimistic@v2nb-c150,850,1791052732699139441,262987395,0,Internal error occurred: failed to generate token: while signing jwt: rpc error: code = Unavailable desc = token signing failed: threshold not met
T-sameregion-optimistic@v2nb-c150,852,1791052732723516744,238610075,0,Internal error occurred: failed to generate token: while signing jwt: rpc error: code = Unavailable desc = token signing failed: threshold not met
T-sameregion-optimistic@v2nb-c150,892,1791052732784825600,181587985,0,Internal error occurred: failed to generate token: while signing jwt: rpc error: code = Unavailable desc = token signing failed: threshold not met
T-sameregion-optimistic@v2nb-c150,895,1791052732816115381,152450278,0,Internal error occurred: failed to generate token: while signing jwt: rpc error: code = Unavailable desc = token signing failed: threshold not met
T-sameregion-optimistic@v2nb-c150,851,1791052732723488968,245076680,0,Internal error occurred: failed to generate token: while signing jwt: rpc error: code = Unavailable desc = token signing failed: threshold not met
T-sameregion-optimistic@v2nb-c150,898,1791052732838760161,129904636,0,Internal error occurred: failed to generate token: while signing jwt: rpc error: code = Unavailable desc = token signing failed: threshold not met
T-sameregion-optimistic@v2nb-c150,876,1791052732777152658,191667890,0,Internal error occurred: failed to generate token: while signing jwt: rpc error: code = Unavailable desc = token signing failed: threshold not met
T-sameregion-optimistic@v2nb-c150,902,1791052732845774256,124820659,0,Internal error occurred: failed to generate token: while signing jwt: rpc error: code = Unavailable desc = token signing failed: threshold not met
T-sameregion-optimistic@v2nb-c150,893,1791052732799152494,173269031,0,Internal error occurred: failed to generate token: while signing jwt: rpc error: code = Unavailable desc = token signing failed: threshold not met
T-sameregion-optimistic@v2nb-c150,913,1791052732866233562,106221071,0,Internal error occurred: failed to generate token: while signing jwt: rpc error: code = Unavailable desc = token signing failed: threshold not met
T-sameregion-optimistic@v2nb-c150,896,1791052732823579532,150433059,0,Internal error occurred: failed to generate token: while signing jwt: rpc error: code = Unavailable desc = token signing failed: threshold not met
T-sameregion-optimistic@v2nb-c150,854,1791052732725960036,248107255,0,Internal error occurred: failed to generate token: while signing jwt: rpc error: code = Unavailable desc = token signing failed: threshold not met
T-sameregion-optimistic@v2nb-c150,919,1791052732872046601,103351424,0,Internal error occurred: failed to generate token: while signing jwt: rpc error: code = Unavailable desc = token signing failed: threshold not met
T-sameregion-optimistic@v2nb-c150,778,1791052732580118365,395283411,0,Internal error occurred: failed to generate token: while signing jwt: rpc error: code = Unavailable desc = token signing failed: threshold not met
T-sameregion-optimistic@v2nb-c150,903,1791052732861665714,113944675,0,Internal error occurred: failed to generate token: while signing jwt: rpc error: code = Unavailable desc = token signing failed: threshold not met
T-sameregion-optimistic@v2nb-c150,780,1791052732581010175,394644666,0,Internal error occurred: failed to generate token: while signing jwt: rpc error: code = Unavailable desc = token signing failed: threshold not met
T-sameregion-optimistic@v2nb-c150,856,1791052732730306791,245443617,0,Internal error occurred: failed to generate token: while signing jwt: rpc error: code = Unavailable desc = token signing failed: threshold not met
T-sameregion-optimistic@v2nb-c150,888,1791052732782639831,193165119,0,Internal error occurred: failed to generate token: while signing jwt: rpc error: code = Unavailable desc = token signing failed: threshold not met
T-sameregion-optimistic@v2nb-c150,880,1791052732782018484,193845226,0,Internal error occurred: failed to generate token: while signing jwt: rpc error: code = Unavailable desc = token signing failed: threshold not met
T-sameregion-optimistic@v2nb-c150,786,1791052732581535562,394390269,0,Internal error occurred: failed to generate token: while signing jwt: rpc error: code = Unavailable desc = token signing failed: threshold not met
T-sameregion-optimistic@v2nb-c150,920,1791052732873234975,102755761,0,Internal error occurred: failed to generate token: while signing jwt: rpc error: code = Unavailable desc = token signing failed: threshold not met
T-sameregion-optimistic@v2nb-c150,914,1791052732867977891,108034972,0,Internal error occurred: failed to generate token: while signing jwt: rpc error: code = Unavailable desc = token signing failed: threshold not met
T-sameregion-optimistic@v2nb-c150,925,1791052732873410666,102693253,0,Internal error occurred: failed to generate token: while signing jwt: rpc error: code = Unavailable desc = token signing failed: threshold not met
T-sameregion-optimistic@v2nb-c150,894,1791052732801615933,174662827,0,Internal error occurred: failed to generate token: while signing jwt: rpc error: code = Unavailable desc = token signing failed: threshold not met
T-sameregion-optimistic@v2nb-c150,900,1791052732844946479,132614563,0,Internal error occurred: failed to generate token: while signing jwt: rpc error: code = Unavailable desc = token signing failed: threshold not met
T-sameregion-optimistic@v2nb-c150,911,1791052732866068278,111867735,0,Internal error occurred: failed to generate token: while signing jwt: rpc error: code = Unavailable desc = token signing failed: threshold not met
T-sameregion-optimistic@v2nb-c150,923,1791052732873355043,104816995,0,Internal error occurred: failed to generate token: while signing jwt: rpc error: code = Unavailable desc = token signing failed: threshold not met
T-sameregion-optimistic@v2nb-c150,794,1791052732583371145,395824235,0,Internal error occurred: failed to generate token: while signing jwt: rpc error: code = Unavailable desc = token signing failed: threshold not met
T-sameregion-optimistic@v2nb-c150,904,1791052732861665717,117603502,0,Internal error occurred: failed to generate token: while signing jwt: rpc error: code = Unavailable desc = token signing failed: threshold not met
T-sameregion-optimistic@v2nb-c150,853,1791052732725367824,255119810,0,Internal error occurred: failed to generate token: while signing jwt: rpc error: code = Unavailable desc = token signing failed: threshold not met
T-sameregion-optimistic@v2nb-c150,897,1791052732838184596,142615440,0,Internal error occurred: failed to generate token: while signing jwt: rpc error: code = Unavailable desc = token signing failed: threshold not met
T-sameregion-optimistic@v2nb-c150,901,1791052732844965790,137033345,0,Internal error occurred: failed to generate token: while signing jwt: rpc error: code = Unavailable desc = token signing failed: threshold not met
T-sameregion-optimistic@v2nb-c150,899,1791052732838759920,143463599,0,Internal error occurred: failed to generate token: while signing jwt: rpc error: code = Unavailable desc = token signing failed: threshold not met
T-sameregion-optimistic@v2nb-c150,885,1791052732782495670,200542612,0,Internal error occurred: failed to generate token: while signing jwt: rpc error: code = Unavailable desc = token signing failed: threshold not met
T-sameregion-optimistic@v2nb-c150,908,1791052732863353951,121089900,0,Internal error occurred: failed to generate token: while signing jwt: rpc error: code = Unavailable desc = token signing failed: threshold not met
T-sameregion-optimistic@v2nb-c150,917,1791052732869789424,116747954,0,Internal error occurred: failed to generate token: while signing jwt: rpc error: code = Unavailable desc = token signing failed: threshold not met
T-sameregion-optimistic@v2nb-c150,915,1791052732868603090,118019797,0,Internal error occurred: failed to generate token: while signing jwt: rpc error: code = Unavailable desc = token signing failed: threshold not met
T-sameregion-optimistic@v2nb-c150,930,1791052732881491241,124273260,0,Internal error occurred: failed to generate token: while signing jwt: rpc error: code = Unavailable desc = token signing failed: threshold not met
T-sameregion-optimistic@v2nb-c150,934,1791052732884445488,124304889,0,Internal error occurred: failed to generate token: while signing jwt: rpc error: code = Unavailable desc = token signing failed: threshold not met
T-sameregion-optimistic@v2nb-c150,145,1791052731167217058,1844576834,1,
T-sameregion-optimistic@v2nb-c150,931,1791052732883373656,143322989,0,Internal error occurred: failed to generate token: while signing jwt: rpc error: code = Unavailable desc = token signing failed: threshold not met
T-sameregion-optimistic@v2nb-c150,938,1791052732885730359,143822656,0,Internal error occurred: failed to generate token: while signing jwt: rpc error: code = Unavailable desc = token signing failed: threshold not met
T-sameregion-optimistic@v2nb-c150,936,1791052732885596109,145463841,0,Internal error occurred: failed to generate token: while signing jwt: rpc error: code = Unavailable desc = token signing failed: threshold not met
T-sameregion-optimistic@v2nb-c150,937,1791052732885638400,147090987,0,Internal error occurred: failed to generate token: while signing jwt: rpc error: code = Unavailable desc = token signing failed: threshold not met
T-sameregion-optimistic@v2nb-c150,933,1791052732884445365,148320318,0,Internal error occurred: failed to generate token: while signing jwt: rpc error: code = Unavailable desc = token signing failed: threshold not met
T-sameregion-optimistic@v2nb-c150,929,1791052732881098666,152099314,0,Internal error occurred: failed to generate token: while signing jwt: rpc error: code = Unavailable desc = token signing failed: threshold not met
T-sameregion-optimistic@v2nb-c150,941,1791052732885882792,150741055,0,Internal error occurred: failed to generate token: while signing jwt: rpc error: code = Unavailable desc = token signing failed: threshold not met
T-sameregion-optimistic@v2nb-c150,927,1791052732873455071,163257809,0,Internal error occurred: failed to generate token: while signing jwt: rpc error: code = Unavailable desc = token signing failed: threshold not met
T-sameregion-optimistic@v2nb-c150,935,1791052732884646865,152085189,0,Internal error occurred: failed to generate token: while signing jwt: rpc error: code = Unavailable desc = token signing failed: threshold not met
T-sameregion-optimistic@v2nb-c150,932,1791052732883372617,161828701,0,Internal error occurred: failed to generate token: while signing jwt: rpc error: code = Unavailable desc = token signing failed: threshold not met
T-sameregion-optimistic@v2nb-c150,907,1791052732863292605,182476525,0,Internal error occurred: failed to generate token: while signing jwt: rpc error: code = Unavailable desc = token signing failed: threshold not met
T-sameregion-optimistic@v2nb-c150,905,1791052732863140740,182633330,0,Internal error occurred: failed to generate token: while signing jwt: rpc error: code = Unavailable desc = token signing failed: threshold not met
T-sameregion-optimistic@v2nb-c150,909,1791052732865969756,180504476,0,Internal error occurred: failed to generate token: while signing jwt: rpc error: code = Unavailable desc = token signing failed: threshold not met
T-sameregion-optimistic@v2nb-c150,910,1791052732865975232,181601727,0,Internal error occurred: failed to generate token: while signing jwt: rpc error: code = Unavailable desc = token signing failed: threshold not met
T-sameregion-optimistic@v2nb-c150,143,1791052731167142284,1885602926,0,Internal error occurred: failed to generate token: while signing jwt: rpc error: code = Unavailable desc = token signing failed: threshold not met
T-sameregion-optimistic@v2nb-c150,916,1791052732868636988,197694685,0,Internal error occurred: failed to generate token: while signing jwt: rpc error: code = Unavailable desc = token signing failed: threshold not met
T-sameregion-optimistic@v2nb-c150,926,1791052732873434188,192906508,0,Internal error occurred: failed to generate token: while signing jwt: rpc error: code = Unavailable desc = token signing failed: threshold not met
T-sameregion-optimistic@v2nb-c150,912,1791052732866173412,200204388,0,Internal error occurred: failed to generate token: while signing jwt: rpc error: code = Unavailable desc = token signing failed: threshold not met
T-sameregion-optimistic@v2nb-c150,968,1791052732968822826,97569269,0,Internal error occurred: failed to generate token: while signing jwt: rpc error: code = Unavailable desc = token signing failed: threshold not met
T-sameregion-optimistic@v2nb-c150,986,1791052732977564434,89738518,0,Internal error occurred: failed to generate token: while signing jwt: rpc error: code = Unavailable desc = token signing failed: threshold not met
T-sameregion-optimistic@v2nb-c150,963,1791052732962130250,108286622,0,Internal error occurred: failed to generate token: while signing jwt: rpc error: code = Unavailable desc = token signing failed: threshold not met
T-sameregion-optimistic@v2nb-c150,943,1791052732923550014,148154351,0,Internal error occurred: failed to generate token: while signing jwt: rpc error: code = Unavailable desc = token signing failed: threshold not met
T-sameregion-optimistic@v2nb-c150,987,1791052732977938247,93780067,0,Internal error occurred: failed to generate token: while signing jwt: rpc error: code = Unavailable desc = token signing failed: threshold not met
T-sameregion-optimistic@v2nb-c150,971,1791052732972457665,99279735,0,Internal error occurred: failed to generate token: while signing jwt: rpc error: code = Unavailable desc = token signing failed: threshold not met
T-sameregion-optimistic@v2nb-c150,962,1791052732962129874,109612873,0,Internal error occurred: failed to generate token: while signing jwt: rpc error: code = Unavailable desc = token signing failed: threshold not met
T-sameregion-optimistic@v2nb-c150,989,1791052732979198566,92555515,0,Internal error occurred: failed to generate token: while signing jwt: rpc error: code = Unavailable desc = token signing failed: threshold not met
T-sameregion-optimistic@v2nb-c150,991,1791052732980492330,91267162,0,Internal error occurred: failed to generate token: while signing jwt: rpc error: code = Unavailable desc = token signing failed: threshold not met
T-sameregion-optimistic@v2nb-c150,979,1791052732975807268,97264298,0,Internal error occurred: failed to generate token: while signing jwt: rpc error: code = Unavailable desc = token signing failed: threshold not met
T-sameregion-optimistic@v2nb-c150,985,1791052732976281931,96866602,0,Internal error occurred: failed to generate token: while signing jwt: rpc error: code = Unavailable desc = token signing failed: threshold not met
T-sameregion-optimistic@v2nb-c150,964,1791052732966420646,106784423,0,Internal error occurred: failed to generate token: while signing jwt: rpc error: code = Unavailable desc = token signing failed: threshold not met
T-sameregion-optimistic@v2nb-c150,961,1791052732961931959,111293216,0,Internal error occurred: failed to generate token: while signing jwt: rpc error: code = Unavailable desc = token signing failed: threshold not met
T-sameregion-optimistic@v2nb-c150,995,1791052732983041437,90200514,0,Internal error occurred: failed to generate token: while signing jwt: rpc error: code = Unavailable desc = token signing failed: threshold not met
T-sameregion-optimistic@v2nb-c150,946,1791052732924440028,148825134,0,Internal error occurred: failed to generate token: while signing jwt: rpc error: code = Unavailable desc = token signing failed: threshold not met
T-sameregion-optimistic@v2nb-c150,988,1791052732978174164,95107410,0,Internal error occurred: failed to generate token: while signing jwt: rpc error: code = Unavailable desc = token signing failed: threshold not met
T-sameregion-optimistic@v2nb-c150,945,1791052732924057508,149237459,0,Internal error occurred: failed to generate token: while signing jwt: rpc error: code = Unavailable desc = token signing failed: threshold not met
T-sameregion-optimistic@v2nb-c150,947,1791052732930459526,142841510,0,Internal error occurred: failed to generate token: while signing jwt: rpc error: code = Unavailable desc = token signing failed: threshold not met
T-sameregion-optimistic@v2nb-c150,944,1791052732924052988,149253698,0,Internal error occurred: failed to generate token: while signing jwt: rpc error: code = Unavailable desc = token signing failed: threshold not met
T-sameregion-optimistic@v2nb-c150,969,1791052732970599035,102721150,0,Internal error occurred: failed to generate token: while signing jwt: rpc error: code = Unavailable desc = token signing failed: threshold not met
T-sameregion-optimistic@v2nb-c150,994,1791052732982226756,91098224,0,Internal error occurred: failed to generate token: while signing jwt: rpc error: code = Unavailable desc = token signing failed: threshold not met
T-sameregion-optimistic@v2nb-c150,990,1791052732979271825,94062635,0,Internal error occurred: failed to generate token: while signing jwt: rpc error: code = Unavailable desc = token signing failed: threshold not met
T-sameregion-optimistic@v2nb-c150,906,1791052732863260132,210093433,0,Internal error occurred: failed to generate token: while signing jwt: rpc error: code = Unavailable desc = token signing failed: threshold not met
T-sameregion-optimistic@v2nb-c150,983,1791052732976015102,97339324,0,Internal error occurred: failed to generate token: while signing jwt: rpc error: code = Unavailable desc = token signing failed: threshold not met
T-sameregion-optimistic@v2nb-c150,960,1791052732961858563,111525760,0,Internal error occurred: failed to generate token: while signing jwt: rpc error: code = Unavailable desc = token signing failed: threshold not met
T-sameregion-optimistic@v2nb-c150,953,1791052732938016271,135373292,0,Internal error occurred: failed to generate token: while signing jwt: rpc error: code = Unavailable desc = token signing failed: threshold not met
T-sameregion-optimistic@v2nb-c150,992,1791052732980803303,92596105,0,Internal error occurred: failed to generate token: while signing jwt: rpc error: code = Unavailable desc = token signing failed: threshold not met
T-sameregion-optimistic@v2nb-c150,109,1791052731162533809,1914098472,0,Internal error occurred: failed to generate token: while signing jwt: rpc error: code = Unavailable desc = token signing failed: threshold not met
T-sameregion-optimistic@v2nb-c150,129,1791052731166292701,1945687421,0,Internal error occurred: failed to generate token: while signing jwt: rpc error: code = Unavailable desc = token signing failed: threshold not met
T-sameregion-optimistic@v2nb-c150,967,1791052732968667343,149588285,0,Internal error occurred: failed to generate token: while signing jwt: rpc error: code = Unavailable desc = token signing failed: threshold not met
T-sameregion-optimistic@v2nb-c150,951,1791052732933348011,184931133,0,Internal error occurred: failed to generate token: while signing jwt: rpc error: code = Unavailable desc = token signing failed: threshold not met
T-sameregion-optimistic@v2nb-c150,952,1791052732934188086,184097106,0,Internal error occurred: failed to generate token: while signing jwt: rpc error: code = Unavailable desc = token signing failed: threshold not met
T-sameregion-optimistic@v2nb-c150,993,1791052732982002220,136303634,0,Internal error occurred: failed to generate token: while signing jwt: rpc error: code = Unavailable desc = token signing failed: threshold not met
T-sameregion-optimistic@v2nb-c150,970,1791052732972424964,145903958,0,Internal error occurred: failed to generate token: while signing jwt: rpc error: code = Unavailable desc = token signing failed: threshold not met
T-sameregion-optimistic@v2nb-c150,966,1791052732968570172,149875241,0,Internal error occurred: failed to generate token: while signing jwt: rpc error: code = Unavailable desc = token signing failed: threshold not met
T-sameregion-optimistic@v2nb-c150,949,1791052732932574592,185882185,0,Internal error occurred: failed to generate token: while signing jwt: rpc error: code = Unavailable desc = token signing failed: threshold not met
T-sameregion-optimistic@v2nb-c150,950,1791052732932577957,185886019,0,Internal error occurred: failed to generate token: while signing jwt: rpc error: code = Unavailable desc = token signing failed: threshold not met
T-sameregion-optimistic@v2nb-c150,939,1791052732885748081,232943873,0,Internal error occurred: failed to generate token: while signing jwt: rpc error: code = Unavailable desc = token signing failed: threshold not met
T-sameregion-optimistic@v2nb-c150,976,1791052732975612807,145991980,0,Internal error occurred: failed to generate token: while signing jwt: rpc error: code = Unavailable desc = token signing failed: threshold not met
T-sameregion-optimistic@v2nb-c150,974,1791052732975401409,146289784,0,Internal error occurred: failed to generate token: while signing jwt: rpc error: code = Unavailable desc = token signing failed: threshold not met
T-sameregion-optimistic@v2nb-c150,998,1791052732986625626,135503944,0,Internal error occurred: failed to generate token: while signing jwt: rpc error: code = Unavailable desc = token signing failed: threshold not met
T-sameregion-optimistic@v2nb-c150,975,1791052732975403906,146737252,0,Internal error occurred: failed to generate token: while signing jwt: rpc error: code = Unavailable desc = token signing failed: threshold not met
T-sameregion-optimistic@v2nb-c150,996,1791052732984448044,141475837,0,Internal error occurred: failed to generate token: while signing jwt: rpc error: code = Unavailable desc = token signing failed: threshold not met
T-sameregion-optimistic@v2nb-c150,997,1791052732986539872,139384004,0,Internal error occurred: failed to generate token: while signing jwt: rpc error: code = Unavailable desc = token signing failed: threshold not met
T-sameregion-optimistic@v2nb-c150,978,1791052732975753057,152901708,0,Internal error occurred: failed to generate token: while signing jwt: rpc error: code = Unavailable desc = token signing failed: threshold not met
T-sameregion-optimistic@v2nb-c150,981,1791052732975927824,153728842,0,Internal error occurred: failed to generate token: while signing jwt: rpc error: code = Unavailable desc = token signing failed: threshold not met
T-sameregion-optimistic@v2nb-c150,918,1791052732871859769,257797455,0,Internal error occurred: failed to generate token: while signing jwt: rpc error: code = Unavailable desc = token signing failed: threshold not met
T-sameregion-optimistic@v2nb-c150,982,1791052732975992918,154426631,0,Internal error occurred: failed to generate token: while signing jwt: rpc error: code = Unavailable desc = token signing failed: threshold not met
T-sameregion-optimistic@v2nb-c150,922,1791052732873284287,257164022,0,Internal error occurred: failed to generate token: while signing jwt: rpc error: code = Unavailable desc = token signing failed: threshold not met
T-sameregion-optimistic@v2nb-c150,1000,1791052733008756359,121826428,0,Internal error occurred: failed to generate token: while signing jwt: rpc error: code = Unavailable desc = token signing failed: threshold not met
T-sameregion-optimistic@v2nb-c150,924,1791052732873359353,257260488,0,Internal error occurred: failed to generate token: while signing jwt: rpc error: code = Unavailable desc = token signing failed: threshold not met
T-sameregion-optimistic@v2nb-c150,921,1791052732873241673,257420608,0,Internal error occurred: failed to generate token: while signing jwt: rpc error: code = Unavailable desc = token signing failed: threshold not met
T-sameregion-optimistic@v2nb-c150,940,1791052732885862504,244830325,0,Internal error occurred: failed to generate token: while signing jwt: rpc error: code = Unavailable desc = token signing failed: threshold not met
T-sameregion-optimistic@v2nb-c150,999,1791052733005769386,125039156,0,Internal error occurred: failed to generate token: while signing jwt: rpc error: code = Unavailable desc = token signing failed: threshold not met
T-sameregion-optimistic@v2nb-c150,141,1791052731167069242,1963785923,0,Internal error occurred: failed to generate token: while signing jwt: rpc error: code = Unavailable desc = token signing failed: threshold not met
T-sameregion-optimistic@v2nb-c150,928,1791052732875265816,264788427,0,Internal error occurred: failed to generate token: while signing jwt: rpc error: code = Unavailable desc = token signing failed: threshold not met
T-sameregion-optimistic@v2nb-c150,958,1791052732954030112,187741699,0,Internal error occurred: failed to generate token: while signing jwt: rpc error: code = Unavailable desc = token signing failed: threshold not met
T-sameregion-optimistic@v2nb-c150,980,1791052732975865615,165962770,0,Internal error occurred: failed to generate token: while signing jwt: rpc error: code = Unavailable desc = token signing failed: threshold not met
T-sameregion-optimistic@v2nb-c150,878,1791052732780366599,361482479,0,Internal error occurred: failed to generate token: while signing jwt: rpc error: code = Unavailable desc = token signing failed: threshold not met
T-sameregion-optimistic@v2nb-c150,60,1791052731159445736,1994700048,0,Internal error occurred: failed to generate token: while signing jwt: rpc error: code = Unavailable desc = token signing failed: threshold not met
T-sameregion-optimistic@v2nb-c150,17,1791052731157705244,1996569462,0,Internal error occurred: failed to generate token: while signing jwt: rpc error: code = Unavailable desc = token signing failed: threshold not met
T-sameregion-optimistic@v2nb-c150,149,1791052731167376370,1986901223,0,Internal error occurred: failed to generate token: while signing jwt: rpc error: code = Unavailable desc = token signing failed: threshold not met
T-sameregion-optimistic@v2nb-c150,111,1791052731162888007,1991805101,0,Internal error occurred: failed to generate token: while signing jwt: rpc error: code = Unavailable desc = token signing failed: threshold not met
T-sameregion-optimistic@v2nb-c150,955,1791052732943469785,217067942,0,Internal error occurred: failed to generate token: while signing jwt: rpc error: code = Unavailable desc = token signing failed: threshold not met
T-sameregion-optimistic@v2nb-c150,942,1791052732886012154,276055084,0,Internal error occurred: failed to generate token: while signing jwt: rpc error: code = Unavailable desc = token signing failed: threshold not met
T-sameregion-optimistic@v2nb-c150,879,1791052732782018208,380487649,0,Internal error occurred: failed to generate token: while signing jwt: rpc error: code = Unavailable desc = token signing failed: threshold not met
T-sameregion-optimistic@v2nb-c150,984,1791052732976106116,186913079,0,Internal error occurred: failed to generate token: while signing jwt: rpc error: code = Unavailable desc = token signing failed: threshold not met
T-sameregion-optimistic@v2nb-c150,965,1791052732968570174,194477666,0,Internal error occurred: failed to generate token: while signing jwt: rpc error: code = Unavailable desc = token signing failed: threshold not met
T-sameregion-optimistic@v2nb-c150,881,1791052732782173156,381816979,0,Internal error occurred: failed to generate token: while signing jwt: rpc error: code = Unavailable desc = token signing failed: threshold not met
T-sameregion-optimistic@v2nb-c150,948,1791052732930466088,234015155,0,Internal error occurred: failed to generate token: while signing jwt: rpc error: code = Unavailable desc = token signing failed: threshold not met
T-sameregion-optimistic@v2nb-c150,954,1791052732941058268,223441874,0,Internal error occurred: failed to generate token: while signing jwt: rpc error: code = Unavailable desc = token signing failed: threshold not met
T-sameregion-optimistic@v2nb-c150,972,1791052732974025984,190501072,0,Internal error occurred: failed to generate token: while signing jwt: rpc error: code = Unavailable desc = token signing failed: threshold not met
T-sameregion-optimistic@v2nb-c150,977,1791052732975657193,188875944,0,Internal error occurred: failed to generate token: while signing jwt: rpc error: code = Unavailable desc = token signing failed: threshold not met
T-sameregion-optimistic@v2nb-c150,956,1791052732944410480,220146314,0,Internal error occurred: failed to generate token: while signing jwt: rpc error: code = Unavailable desc = token signing failed: threshold not met
T-sameregion-optimistic@v2nb-c150,883,1791052732782317806,382240634,0,Internal error occurred: failed to generate token: while signing jwt: rpc error: code = Unavailable desc = token signing failed: threshold not met
T-sameregion-optimistic@v2nb-c150,884,1791052732782374383,382208996,0,Internal error occurred: failed to generate token: while signing jwt: rpc error: code = Unavailable desc = token signing failed: threshold not met
T-sameregion-optimistic@v2nb-c150,957,1791052732944689489,219928050,0,Internal error occurred: failed to generate token: while signing jwt: rpc error: code = Unavailable desc = token signing failed: threshold not met
T-sameregion-optimistic@v2nb-c150,959,1791052732961826705,202820307,0,Internal error occurred: failed to generate token: while signing jwt: rpc error: code = Unavailable desc = token signing failed: threshold not met
T-sameregion-optimistic@v2nb-c150,973,1791052732974069745,190594878,0,Internal error occurred: failed to generate token: while signing jwt: rpc error: code = Unavailable desc = token signing failed: threshold not met
T-sameregion-optimistic@v2nb-c150,886,1791052732782523401,382326303,0,Internal error occurred: failed to generate token: while signing jwt: rpc error: code = Unavailable desc = token signing failed: threshold not met
T-sameregion-optimistic@v2nb-c150,535,1791052731976797553,1235240276,1,
T-sameregion-optimistic@v2nb-c150,139,1791052731166987426,2060959859,0,Internal error occurred: failed to generate token: while signing jwt: rpc error: code = Unavailable desc = token signing failed: threshold not met
T-sameregion-optimistic@v2nb-c150,134,1791052731166824809,2061160510,0,Internal error occurred: failed to generate token: while signing jwt: rpc error: code = Unavailable desc = token signing failed: threshold not met
T-sameregion-optimistic@v2nb-c150,530,1791052731974353252,1369932535,1,
T-sameregion-optimistic@v2nb-c150,619,1791052732160500178,1381324710,0,Internal error occurred: failed to generate token: while signing jwt: rpc error: code = Unavailable desc = token signing failed: threshold not met
T-sameregion-optimistic@v2nb-c150,618,1791052732160434437,1404391654,1,
T-sameregion-optimistic@v2nb-c150,555,1791052731980803501,1654275585,1,
T-sameregion-optimistic@v2nb-c150,595,1791052732146199381,1513029437,1,
T-sameregion-optimistic@v2nb-c150,593,1791052732146072568,1564506768,1,
T-sameregion-optimistic@v2nb-c150,562,1791052731981661855,1745915659,1,
T-sameregion-optimistic@v2nb-c150,533,1791052731976535742,1779919710,1,
T-sameregion-optimistic@v2nb-c150,548,1791052731980570464,1824853269,1,
T-sameregion-optimistic@v2nb-c150,598,1791052732147910811,1674227766,0,Internal error occurred: failed to generate token: while signing jwt: rpc error: code = Unavailable desc = token signing failed: threshold not met
T-sameregion-optimistic@v2nb-c150,552,1791052731980707824,1903847818,1,
T-sameregion-optimistic@v2nb-c150,606,1791052732152421612,1778505097,1,
T-sameregion-optimistic@v2nb-c150,536,1791052731976846172,1984661254,1,
T-sameregion-optimistic@v2nb-c150,588,1791052732141893899,1867588509,1,
T-sameregion-optimistic@v2nb-c150,621,1791052732163260671,1863013090,0,Internal error occurred: failed to generate token: while signing jwt: rpc error: code = Unavailable desc = token signing failed: threshold not met
T-sameregion-optimistic@v2nb-c150,672,1791052732214565778,1825716989,0,Internal error occurred: failed to generate token: while signing jwt: rpc error: code = Unavailable desc = token signing failed: threshold not met
T-sameregion-optimistic@v2nb-c150,610,1791052732153489657,1899290597,0,Internal error occurred: failed to generate token: while signing jwt: rpc error: code = Unavailable desc = token signing failed: threshold not met
T-sameregion-optimistic@v2nb-c150,603,1791052732150074149,1919195867,1,
T-sameregion-optimistic@v2nb-c150,617,1791052732160434332,1933897680,0,Internal error occurred: failed to generate token: while signing jwt: rpc error: code = Unavailable desc = token signing failed: threshold not met
T-sameregion-optimistic@v2nb-c150,613,1791052732153704704,1948834966,1,
T-sameregion-optimistic@v2nb-c150,540,1791052731978681781,2141067484,0,Internal error occurred: failed to generate token: while signing jwt: rpc error: code = Unavailable desc = token signing failed: threshold not met
T-sameregion-optimistic@v2nb-c150,583,1791052732126616537,2034546536,0,Internal error occurred: failed to generate token: while signing jwt: rpc error: code = Unavailable desc = token signing failed: threshold not met
T-sameregion-optimistic@v2nb-c150,631,1791052732171859333,1992054388,0,Internal error occurred: failed to generate token: while signing jwt: rpc error: code = Unavailable desc = token signing failed: threshold not met
T-sameregion-optimistic@v2nb-c150,586,1791052732126955506,2036956309,0,Internal error occurred: failed to generate token: while signing jwt: rpc error: code = Unavailable desc = token signing failed: threshold not met
T-sameregion-optimistic@v2nb-c150,641,1791052732172356597,2005838106,0,Internal error occurred: failed to generate token: while signing jwt: rpc error: code = Unavailable desc = token signing failed: threshold not met
T-sameregion-optimistic@v2nb-c150,671,1791052732212869514,1978613957,0,Internal error occurred: failed to generate token: while signing jwt: rpc error: code = Unavailable desc = token signing failed: threshold not met
T-sameregion-optimistic@v2nb-c150,600,1791052732148114256,2063836511,1,
T-sameregion-optimistic@v2nb-c150,620,1791052732163258431,2051947408,0,Internal error occurred: failed to generate token: while signing jwt: rpc error: code = Unavailable desc = token signing failed: threshold not met
T-sameregion-optimistic@v2nb-c150,584,1791052732126616129,2094731605,0,Internal error occurred: failed to generate token: while signing jwt: rpc error: code = Unavailable desc = token signing failed: threshold not met
T-sameregion-optimistic@v2nb-c150,638,1791052732172112534,2050021130,0,Internal error occurred: failed to generate token: while signing jwt: rpc error: code = Unavailable desc = token signing failed: threshold not met
T-sameregion-optimistic@v2nb-c150,642,1791052732172367985,2049815387,0,Internal error occurred: failed to generate token: while signing jwt: rpc error: code = Unavailable desc = token signing failed: threshold not met
T-sameregion-optimistic@v2nb-c150,674,1791052732230887603,1992311927,0,Internal error occurred: failed to generate token: while signing jwt: rpc error: code = Unavailable desc = token signing failed: threshold not met
T-sameregion-optimistic@v2nb-c150,640,1791052732172311612,2050887948,0,Internal error occurred: failed to generate token: while signing jwt: rpc error: code = Unavailable desc = token signing failed: threshold not met
T-sameregion-optimistic@v2nb-c150,624,1791052732171492875,2054097885,0,Internal error occurred: failed to generate token: while signing jwt: rpc error: code = Unavailable desc = token signing failed: threshold not met
T-sameregion-optimistic@v2nb-c150,582,1791052732105065105,2120986330,0,Internal error occurred: failed to generate token: while signing jwt: rpc error: code = Unavailable desc = token signing failed: threshold not met
T-sameregion-optimistic@v2nb-c150,657,1791052732173215827,2057771086,0,Internal error occurred: failed to generate token: while signing jwt: rpc error: code = Unavailable desc = token signing failed: threshold not met
T-sameregion-optimistic@v2nb-c150,622,1791052732171227395,2129556186,0,Internal error occurred: failed to generate token: while signing jwt: rpc error: code = Unavailable desc = token signing failed: threshold not met
T-sameregion-optimistic@v2nb-c150,677,1791052732260771407,2040012176,0,Internal error occurred: failed to generate token: while signing jwt: rpc error: code = Unavailable desc = token signing failed: threshold not met
T-sameregion-optimistic@v2nb-c150,665,1791052732180619416,2120526883,0,Internal error occurred: failed to generate token: while signing jwt: rpc error: code = Unavailable desc = token signing failed: threshold not met
T-sameregion-optimistic@v2nb-c150,679,1791052732261025305,2042524859,0,Internal error occurred: failed to generate token: while signing jwt: rpc error: code = Unavailable desc = token signing failed: threshold not met
T-sameregion-optimistic@v2nb-c150,632,1791052732171915682,2152598180,0,Internal error occurred: failed to generate token: while signing jwt: rpc error: code = Unavailable desc = token signing failed: threshold not met
T-sameregion-optimistic@v2nb-c150,676,1791052732244105975,2081888350,0,Internal error occurred: failed to generate token: while signing jwt: rpc error: code = Unavailable desc = token signing failed: threshold not met
T-sameregion-optimistic@v2nb-c150,695,1791052732370823847,1966279804,0,Internal error occurred: failed to generate token: while signing jwt: rpc error: code = Unavailable desc = token signing failed: threshold not met
T-sameregion-optimistic@v2nb-c150,623,1791052732171332945,2179395500,0,Internal error occurred: failed to generate token: while signing jwt: rpc error: code = Unavailable desc = token signing failed: threshold not met
T-sameregion-optimistic@v2nb-c150,656,1791052732173118013,2191332086,0,Internal error occurred: failed to generate token: while signing jwt: rpc error: code = Unavailable desc = token signing failed: threshold not met
T-sameregion-optimistic@v2nb-c150,689,1791052732370075911,2012199301,0,Internal error occurred: failed to generate token: while signing jwt: rpc error: code = Unavailable desc = token signing failed: threshold not met
T-sameregion-optimistic@v2nb-c150,629,1791052732171807602,2235836898,0,Internal error occurred: failed to generate token: while signing jwt: rpc error: code = Unavailable desc = token signing failed: threshold not met
T-sameregion-optimistic@v2nb-c150,685,1791052732364613969,2079368465,0,Internal error occurred: failed to generate token: while signing jwt: rpc error: code = Unavailable desc = token signing failed: threshold not met
