label,seq,start_unix_ns,latency_ns,ok,error
T-sameregion-optimistic@v2nb-c200,1,1791052747041007633,15509548,0,Internal error occurred: failed to generate token: while signing jwt: rpc error: code = Unavailable desc = token signing failed: threshold not met
T-sameregion-optimistic@v2nb-c200,2,1791052747041169338,58541835,0,Internal error occurred: failed to generate token: while signing jwt: rpc error: code = Unavailable desc = token signing failed: threshold not met
T-sameregion-optimistic@v2nb-c200,3,1791052747041192141,64859471,1,
T-sameregion-optimistic@v2nb-c200,106,1791052747043708522,99791992,0,Internal error occurred: failed to generate token: while signing jwt: rpc error: code = Unavailable desc = token signing failed: threshold not met
T-sameregion-optimistic@v2nb-c200,103,1791052747043528229,104214997,0,Internal error occurred: failed to generate token: while signing jwt: rpc error: code = Unavailable desc = token signing failed: threshold not met
T-sameregion-optimistic@v2nb-c200,101,1791052747043432361,117668630,0,Internal error occurred: failed to generate token: while signing jwt: rpc error: code = Unavailable desc = token signing failed: threshold not met
T-sameregion-optimistic@v2nb-c200,110,1791052747043946078,119471444,0,Internal error occurred: failed to generate token: while signing jwt: rpc error: code = Unavailable desc = token signing failed: threshold not met
T-sameregion-optimistic@v2nb-c200,117,1791052747045449462,119010565,0,Internal error occurred: failed to generate token: while signing jwt: rpc error: code = Unavailable desc = token signing failed: threshold not met
T-sameregion-optimistic@v2nb-c200,105,1791052747043669412,122392521,0,Internal error occurred: failed to generate token: while signing jwt: rpc error: code = Unavailable desc = token signing failed: threshold not met
T-sameregion-optimistic@v2nb-c200,107,1791052747043786826,123077802,0,Internal error occurred: failed to generate token: while signing jwt: rpc error: code = Unavailable desc = token signing failed: threshold not met
T-sameregion-optimistic@v2nb-c200,104,1791052747043578684,132990637,0,Internal error occurred: failed to generate token: while signing jwt: rpc error: code = Unavailable desc = token signing failed: threshold not met
T-sameregion-optimistic@v2nb-c200,115,1791052747045056011,132193830,0,Internal error occurred: failed to generate token: while signing jwt: rpc error: code = Unavailable desc = token signing failed: threshold not met
T-sameregion-optimistic@v2nb-c200,133,1791052747049372561,130227117,0,Internal error occurred: failed to generate token: while signing jwt: rpc error: code = Unavailable desc = token signing failed: threshold not met
T-sameregion-optimistic@v2nb-c200,102,1791052747043473538,166748601,1,
T-sameregion-optimistic@v2nb-c200,7,1791052747041360318,221311285,0,Internal error occurred: failed to generate token: while signing jwt: rpc error: code = Unavailable desc = token signing failed: threshold not met
T-sameregion-optimistic@v2nb-c200,11,1791052747041452821,221233638,0,Internal error occurred: failed to generate token: while signing jwt: rpc error: code = Unavailable desc = token signing failed: threshold not met
T-sameregion-optimistic@v2nb-c200,125,1791052747047276267,216812686,0,Internal error occurred: failed to generate token: while signing jwt: rpc error: code = Unavailable desc = token signing failed: threshold not met
T-sameregion-optimistic@v2nb-c200,124,1791052747046977334,217111852,0,Internal error occurred: failed to generate token: while signing jwt: rpc error: code = Unavailable desc = token signing failed: threshold not met
T-sameregion-optimistic@v2nb-c200,122,1791052747046562847,217850390,0,Internal error occurred: failed to generate token: while signing jwt: rpc error: code = Unavailable desc = token signing failed: threshold not met
T-sameregion-optimistic@v2nb-c200,140,1791052747050177563,214237775,0,Internal error occurred: failed to generate token: while signing jwt: rpc error: code = Unavailable desc = token signing failed: threshold not met
T-sameregion-optimistic@v2nb-c200,119,1791052747045877601,218638132,0,Internal error occurred: failed to generate token: while signing jwt: rpc error: code = Unavailable desc = token signing failed: threshold not met
T-sameregion-optimistic@v2nb-c200,113,1791052747044095188,222764866,0,Internal error occurred: failed to generate token: while signing jwt: rpc error: code = Unavailable desc = token signing failed: threshold not met
T-sameregion-optimistic@v2nb-c200,151,1791052747050661622,216198493,0,Internal error occurred: failed to generate token: while signing jwt: rpc error: code = Unavailable desc = token signing failed: threshold not met
T-sameregion-optimistic@v2nb-c200,137,1791052747050000986,217875407,0,Internal error occurred: failed to generate token: while signing jwt: rpc error: code = Unavailable desc = token signing failed: threshold not met
T-sameregion-optimistic@v2nb-c200,5,1791052747041303283,229185872,0,Internal error occurred: failed to generate token: while signing jwt: rpc error: code = Unavailable desc = token signing failed: threshold not met
T-sameregion-optimistic@v2nb-c200,112,1791052747044054971,227819502,0,Internal error occurred: failed to generate token: while signing jwt: rpc error: code = Unavailable desc = token signing failed: threshold not met
T-sameregion-optimistic@v2nb-c200,114,1791052747044397541,228576730,0,Internal error occurred: failed to generate token: while signing jwt: rpc error: code = Unavailable desc = token signing failed: threshold not met
T-sameregion-optimistic@v2nb-c200,8,1791052747041386620,233451579,0,Internal error occurred: failed to generate token: while signing jwt: rpc error: code = Unavailable desc = token signing failed: threshold not met
T-sameregion-optimistic@v2nb-c200,9,1791052747041407455,234168834,0,Internal error occurred: failed to generate token: while signing jwt: rpc error: code = Unavailable desc = token signing failed: threshold not met
T-sameregion-optimistic@v2nb-c200,4,1791052747041259169,264536967,0,Internal error occurred: failed to generate token: while signing jwt: rpc error: code = Unavailable desc = token signing failed: threshold not met
T-sameregion-optimistic@v2nb-c200,123,1791052747046793333,259006531,0,Internal error occurred: failed to generate token: while signing jwt: rpc error: code = Unavailable desc = token signing failed: threshold not met
T-sameregion-optimistic@v2nb-c200,121,1791052747046568589,259747667,0,Internal error occurred: failed to generate token: while signing jwt: rpc error: code = Unavailable desc = token signing failed: threshold not met
T-sameregion-optimistic@v2nb-c200,159,1791052747050993316,267742299,0,Internal error occurred: failed to generate token: while signing jwt: rpc error: code = Unavailable desc = token signing failed: threshold not met
T-sameregion-optimistic@v2nb-c200,165,1791052747051248285,269719567,0,Internal error occurred: failed to generate token: while signing jwt: rpc error: code = Unavailable desc = token signing failed: threshold not met
T-sameregion-optimistic@v2nb-c200,127,1791052747047535525,276235362,0,Internal error occurred: failed to generate token: while signing jwt: rpc error: code = Unavailable desc = token signing failed: threshold not met
T-sameregion-optimistic@v2nb-c200,14,1791052747041515785,282602454,0,Internal error occurred: failed to generate token: while signing jwt: rpc error: code = Unavailable desc = token signing failed: threshold not met
T-sameregion-optimistic@v2nb-c200,44,1791052747042146345,282299361,0,Internal error occurred: failed to generate token: while signing jwt: rpc error: code = Unavailable desc = token signing failed: threshold not met
T-sameregion-optimistic@v2nb-c200,16,1791052747041556679,282889042,0,Internal error occurred: failed to generate token: while signing jwt: rpc error: code = Unavailable desc = token signing failed: threshold not met
T-sameregion-optimistic@v2nb-c200,63,1791052747042592993,282051401,0,Internal error occurred: failed to generate token: while signing jwt: rpc error: code = Unavailable desc = token signing failed: threshold not met
T-sameregion-optimistic@v2nb-c200,100,1791052747043431765,281255804,0,Internal error occurred: failed to generate token: while signing jwt: rpc error: code = Unavailable desc = token signing failed: threshold not met
T-sameregion-optimistic@v2nb-c200,144,1791052747050351463,274821849,0,Internal error occurred: failed to generate token: while signing jwt: rpc error: code = Unavailable desc = token signing failed: threshold not met
T-sameregion-optimistic@v2nb-c200,156,1791052747050866930,274318163,0,Internal error occurred: failed to generate token: while signing jwt: rpc error: code = Unavailable desc = token signing failed: threshold not met
T-sameregion-optimistic@v2nb-c200,147,1791052747050488529,274803096,0,Internal error occurred: failed to generate token: while signing jwt: rpc error: code = Unavailable desc = token signing failed: threshold not met
T-sameregion-optimistic@v2nb-c200,170,1791052747051494722,273818633,0,Internal error occurred: failed to generate token: while signing jwt: rpc error: code = Unavailable desc = token signing failed: threshold not met
T-sameregion-optimistic@v2nb-c200,148,1791052747050532593,275416508,0,Internal error occurred: failed to generate token: while signing jwt: rpc error: code = Unavailable desc = token signing failed: threshold not met
T-sameregion-optimistic@v2nb-c200,168,1791052747051385305,279723688,0,Internal error occurred: failed to generate token: while signing jwt: rpc error: code = Unavailable desc = token signing failed: threshold not met
T-sameregion-optimistic@v2nb-c200,163,1791052747051171313,279937772,0,Internal error occurred: failed to generate token: while signing jwt: rpc error: code = Unavailable desc = token signing failed: threshold not met
T-sameregion-optimistic@v2nb-c200,12,1791052747041474941,291756962,0,Internal error occurred: failed to generate token: while signing jwt: rpc error: code = Unavailable desc = token signing failed: threshold not met
T-sameregion-optimistic@v2nb-c200,33,1791052747041932142,291299796,0,Internal error occurred: failed to generate token: while signing jwt: rpc error: code = Unavailable desc = token signing failed: threshold not met
T-sameregion-optimistic@v2nb-c200,15,1791052747041536519,291937835,0,Internal error occurred: failed to generate token: while signing jwt: rpc error: code = Unavailable desc = token signing failed: threshold not met
T-sameregion-optimistic@v2nb-c200,26,1791052747041754490,291834749,0,Internal error occurred: failed to generate token: while signing jwt: rpc error: code = Unavailable desc = token signing failed: threshold not met
T-sameregion-optimistic@v2nb-c200,169,1791052747051440464,282235344,0,Internal error occurred: failed to generate token: while signing jwt: rpc error: code = Unavailable desc = token signing failed: threshold not met
T-sameregion-optimistic@v2nb-c200,166,1791052747051281545,282716977,0,Internal error occurred: failed to generate token: while signing jwt: rpc error: code = Unavailable desc = token signing failed: threshold not met
T-sameregion-optimistic@v2nb-c200,28,1791052747041796132,298846982,0,Internal error occurred: failed to generate token: while signing jwt: rpc error: code = Unavailable desc = token signing failed: threshold not met
T-sameregion-optimistic@v2nb-c200,69,1791052747042711126,298640342,0,Internal error occurred: failed to generate token: while signing jwt: rpc error: code = Unavailable desc = token signing failed: threshold not met
T-sameregion-optimistic@v2nb-c200,39,1791052747042055346,299297388,0,Internal error occurred: failed to generate token: while signing jwt: rpc error: code = Unavailable desc = token signing failed: threshold not met
T-sameregion-optimistic@v2nb-c200,161,1791052747051098688,292698307,0,Internal error occurred: failed to generate token: while signing jwt: rpc error: code = Unavailable desc = token signing failed: threshold not met
T-sameregion-optimistic@v2nb-c200,167,1791052747051336448,293430148,0,Internal error occurred: failed to generate token: while signing jwt: rpc error: code = Unavailable desc = token signing failed: threshold not met
T-sameregion-optimistic@v2nb-c200,134,1791052747049575398,295222641,0,Internal error occurred: failed to generate token: while signing jwt: rpc error: code = Unavailable desc = token signing failed: threshold not met
T-sameregion-optimistic@v2nb-c200,22,1791052747041675477,303498389,0,Internal error occurred: failed to generate token: while signing jwt: rpc error: code = Unavailable desc = token signing failed: threshold not met
T-sameregion-optimistic@v2nb-c200,29,1791052747041833584,303355069,0,Internal error occurred: failed to generate token: while signing jwt: rpc error: code = Unavailable desc = token signing failed: threshold not met
T-sameregion-optimistic@v2nb-c200,25,1791052747041752924,303560292,0,Internal error occurred: failed to generate token: while signing jwt: rpc error: code = Unavailable desc = token signing failed: threshold not met
T-sameregion-optimistic@v2nb-c200,70,1791052747042718325,305766855,0,Internal error occurred: failed to generate token: while signing jwt: rpc error: code = Unavailable desc = token signing failed: threshold not met
T-sameregion-optimistic@v2nb-c200,24,1791052747041714464,307437972,0,Internal error occurred: failed to generate token: while signing jwt: rpc error: code = Unavailable desc = token signing failed: threshold not met
T-sameregion-optimistic@v2nb-c200,58,1791052747042478736,309580639,0,Internal error occurred: failed to generate token: while signing jwt: rpc error: code = Unavailable desc = token signing failed: threshold not met
T-sameregion-optimistic@v2nb-c200,62,1791052747042555335,309669021,0,Internal error occurred: failed to generate token: while signing jwt: rpc error: code = Unavailable desc = token signing failed: threshold not met
T-sameregion-optimistic@v2nb-c200,78,1791052747042874059,309542280,0,Internal error occurred: failed to generate token: while signing jwt: rpc error: code = Unavailable desc = token signing failed: threshold not met
T-sameregion-optimistic@v2nb-c200,92,1791052747043214794,309207758,0,Internal error occurred: failed to generate token: while signing jwt: rpc error: code = Unavailable desc = token signing failed: threshold not met
T-sameregion-optimistic@v2nb-c200,94,1791052747043265478,309237023,0,Internal error occurred: failed to generate token: while signing jwt: rpc error: code = Unavailable desc = token signing failed: threshold not met
T-sameregion-optimistic@v2nb-c200,35,1791052747041972768,310607687,0,Internal error occurred: failed to generate token: while signing jwt: rpc error: code = Unavailable desc = token signing failed: threshold not met
T-sameregion-optimistic@v2nb-c200,88,1791052747043133370,309509080,0,Internal error occurred: failed to generate token: while signing jwt: rpc error: code = Unavailable desc = token signing failed: threshold not met
T-sameregion-optimistic@v2nb-c200,61,1791052747042554012,310175829,0,Internal error occurred: failed to generate token: while signing jwt: rpc error: code = Unavailable desc = token signing failed: threshold not met
T-sameregion-optimistic@v2nb-c200,99,1791052747043383525,309370936,0,Internal error occurred: failed to generate token: while signing jwt: rpc error: code = Unavailable desc = token signing failed: threshold not met
T-sameregion-optimistic@v2nb-c200,73,1791052747042796734,310173418,0,Internal error occurred: failed to generate token: while signing jwt: rpc error: code = Unavailable desc = token signing failed: threshold not met
T-sameregion-optimistic@v2nb-c200,93,1791052747043252043,318206986,0,Internal error occurred: failed to generate token: while signing jwt: rpc error: code = Unavailable desc = token signing failed: threshold not met
T-sameregion-optimistic@v2nb-c200,71,1791052747042756366,318702670,0,Internal error occurred: failed to generate token: while signing jwt: rpc error: code = Unavailable desc = token signing failed: threshold not met
T-sameregion-optimistic@v2nb-c200,162,1791052747051129898,310603464,0,Internal error occurred: failed to generate token: while signing jwt: rpc error: code = Unavailable desc = token signing failed: threshold not met
T-sameregion-optimistic@v2nb-c200,130,1791052747048741758,313023934,0,Internal error occurred: failed to generate token: while signing jwt: rpc error: code = Unavailable desc = token signing failed: threshold not met
T-sameregion-optimistic@v2nb-c200,37,1791052747042014802,321221654,0,Internal error occurred: failed to generate token: while signing jwt: rpc error: code = Unavailable desc = token signing failed: threshold not met
T-sameregion-optimistic@v2nb-c200,66,1791052747042636951,320661519,0,Internal error occurred: failed to generate token: while signing jwt: rpc error: code = Unavailable desc = token signing failed: threshold not met
T-sameregion-optimistic@v2nb-c200,90,1791052747043174895,320207363,0,Internal error occurred: failed to generate token: while signing jwt: rpc error: code = Unavailable desc = token signing failed: threshold not met
T-sameregion-optimistic@v2nb-c200,67,1791052747042671807,320759331,0,Internal error occurred: failed to generate token: while signing jwt: rpc error: code = Unavailable desc = token signing failed: threshold not met
T-sameregion-optimistic@v2nb-c200,74,1791052747042799957,320684554,0,Internal error occurred: failed to generate token: while signing jwt: rpc error: code = Unavailable desc = token signing failed: threshold not met
T-sameregion-optimistic@v2nb-c200,109,1791052747043877402,322226548,1,
T-sameregion-optimistic@v2nb-c200,49,1791052747042270857,329338188,0,Internal error occurred: failed to generate token: while signing jwt: rpc error: code = Unavailable desc = token signing failed: threshold not met
T-sameregion-optimistic@v2nb-c200,43,1791052747042131713,329555063,0,Internal error occurred: failed to generate token: while signing jwt: rpc error: code = Unavailable desc = token signing failed: threshold not met
T-sameregion-optimistic@v2nb-c200,48,1791052747042223315,329547010,0,Internal error occurred: failed to generate token: while signing jwt: rpc error: code = Unavailable desc = token signing failed: threshold not met
T-sameregion-optimistic@v2nb-c200,81,1791052747042981015,328800004,0,Internal error occurred: failed to generate token: while signing jwt: rpc error: code = Unavailable desc = token signing failed: threshold not met
T-sameregion-optimistic@v2nb-c200,60,1791052747042517460,329364600,0,Internal error occurred: failed to generate token: while signing jwt: rpc error: code = Unavailable desc = token signing failed: threshold not met
T-sameregion-optimistic@v2nb-c200,47,1791052747042222858,329765090,0,Internal error occurred: failed to generate token: while signing jwt: rpc error: code = Unavailable desc = token signing failed: threshold not met
T-sameregion-optimistic@v2nb-c200,84,1791052747043048903,331399993,0,Internal error occurred: failed to generate token: while signing jwt: rpc error: code = Unavailable desc = token signing failed: threshold not met
T-sameregion-optimistic@v2nb-c200,189,1791052747052550721,321898662,0,Internal error occurred: failed to generate token: while signing jwt: rpc error: code = Unavailable desc = token signing failed: threshold not met
T-sameregion-optimistic@v2nb-c200,82,1791052747042985199,331544708,0,Internal error occurred: failed to generate token: while signing jwt: rpc error: code = Unavailable desc = token signing failed: threshold not met
T-sameregion-optimistic@v2nb-c200,95,1791052747043292672,331284876,0,Internal error occurred: failed to generate token: while signing jwt: rpc error: code = Unavailable desc = token signing failed: threshold not met
T-sameregion-optimistic@v2nb-c200,87,1791052747043107282,359490061,0,Internal error occurred: failed to generate token: while signing jwt: rpc error: code = Unavailable desc = token signing failed: threshold not met
T-sameregion-optimistic@v2nb-c200,193,1791052747052842955,350159932,0,Internal error occurred: failed to generate token: while signing jwt: rpc error: code = Unavailable desc = token signing failed: threshold not met
T-sameregion-optimistic@v2nb-c200,172,1791052747051595757,351467825,0,Internal error occurred: failed to generate token: while signing jwt: rpc error: code = Unavailable desc = token signing failed: threshold not met
T-sameregion-optimistic@v2nb-c200,182,1791052747052114332,357489391,0,Internal error occurred: failed to generate token: while signing jwt: rpc error: code = Unavailable desc = token signing failed: threshold not met
T-sameregion-optimistic@v2nb-c200,45,1791052747042182847,367981029,0,Internal error occurred: failed to generate token: while signing jwt: rpc error: code = Unavailable desc = token signing failed: threshold not met
T-sameregion-optimistic@v2nb-c200,188,1791052747052510443,365916531,0,Internal error occurred: failed to generate token: while signing jwt: rpc error: code = Unavailable desc = token signing failed: threshold not met
T-sameregion-optimistic@v2nb-c200,196,1791052747053037917,373506687,0,Internal error occurred: failed to generate token: while signing jwt: rpc error: code = Unavailable desc = token signing failed: threshold not met
T-sameregion-optimistic@v2nb-c200,136,1791052747050009071,376543237,0,Internal error occurred: failed to generate token: while signing jwt: rpc error: code = Unavailable desc = token signing failed: threshold not met
T-sameregion-optimistic@v2nb-c200,183,1791052747052244773,374417591,0,Internal error occurred: failed to generate token: while signing jwt: rpc error: code = Unavailable desc = token signing failed: threshold not met
T-sameregion-optimistic@v2nb-c200,79,1791052747042937401,385400165,0,Internal error occurred: failed to generate token: while signing jwt: rpc error: code = Unavailable desc = token signing failed: threshold not met
T-sameregion-optimistic@v2nb-c200,176,1791052747051808898,378738645,0,Internal error occurred: failed to generate token: while signing jwt: rpc error: code = Unavailable desc = token signing failed: threshold not met
T-sameregion-optimistic@v2nb-c200,53,1791052747042362958,389189260,0,Internal error occurred: failed to generate token: while signing jwt: rpc error: code = Unavailable desc = token signing failed: threshold not met
T-sameregion-optimistic@v2nb-c200,185,1791052747052377094,382706438,0,Internal error occurred: failed to generate token: while signing jwt: rpc error: code = Unavailable desc = token signing failed: threshold not met
T-sameregion-optimistic@v2nb-c200,194,1791052747052927374,382194950,0,Internal error occurred: failed to generate token: while signing jwt: rpc error: code = Unavailable desc = token signing failed: threshold not met
T-sameregion-optimistic@v2nb-c200,180,1791052747052022761,385204622,0,Internal error occurred: failed to generate token: while signing jwt: rpc error: code = Unavailable desc = token signing failed: threshold not met
T-sameregion-optimistic@v2nb-c200,52,1791052747042331371,395247231,0,Internal error occurred: failed to generate token: while signing jwt: rpc error: code = Unavailable desc = token signing failed: threshold not met
T-sameregion-optimistic@v2nb-c200,205,1791052747147748625,290369670,0,Internal error occurred: failed to generate token: while signing jwt: rpc error: code = Unavailable desc = token signing failed: threshold not met
T-sameregion-optimistic@v2nb-c200,204,1791052747143506849,295199483,0,Internal error occurred: failed to generate token: while signing jwt: rpc error: code = Unavailable desc = token signing failed: threshold not met
T-sameregion-optimistic@v2nb-c200,179,1791052747051954723,386888499,0,Internal error occurred: failed to generate token: while signing jwt: rpc error: code = Unavailable desc = token signing failed: threshold not met
T-sameregion-optimistic@v2nb-c200,198,1791052747053417719,385425489,0,Internal error occurred: failed to generate token: while signing jwt: rpc error: code = Unavailable desc = token signing failed: threshold not met
T-sameregion-optimistic@v2nb-c200,203,1791052747106056692,345089578,0,Internal error occurred: failed to generate token: while signing jwt: rpc error: code = Unavailable desc = token signing failed: threshold not met
T-sameregion-optimistic@v2nb-c200,98,1791052747043366529,408734479,0,Internal error occurred: failed to generate token: while signing jwt: rpc error: code = Unavailable desc = token signing failed: threshold not met
T-sameregion-optimistic@v2nb-c200,225,1791052747270492476,184556082,0,Internal error occurred: failed to generate token: while signing jwt: rpc error: code = Unavailable desc = token signing failed: threshold not met
T-sameregion-optimistic@v2nb-c200,214,1791052747210227056,245081977,0,Internal error occurred: failed to generate token: while signing jwt: rpc error: code = Unavailable desc = token signing failed: threshold not met
T-sameregion-optimistic@v2nb-c200,175,1791052747051750082,403592248,0,Internal error occurred: failed to generate token: while signing jwt: rpc error: code = Unavailable desc = token signing failed: threshold not met
T-sameregion-optimistic@v2nb-c200,217,1791052747264093511,191407910,0,Internal error occurred: failed to generate token: while signing jwt: rpc error: code = Unavailable desc = token signing failed: threshold not met
T-sameregion-optimistic@v2nb-c200,46,1791052747042182770,423514596,0,Internal error occurred: failed to generate token: while signing jwt: rpc error: code = Unavailable desc = token signing failed: threshold not met
T-sameregion-optimistic@v2nb-c200,211,1791052747176574870,289122662,0,Internal error occurred: failed to generate token: while signing jwt: rpc error: code = Unavailable desc = token signing failed: threshold not met
T-sameregion-optimistic@v2nb-c200,238,1791052747324448945,177472249,0,Internal error occurred: failed to generate token: while signing jwt: rpc error: code = Unavailable desc = token signing failed: threshold not met
T-sameregion-optimistic@v2nb-c200,158,1791052747050952203,451029674,0,Internal error occurred: failed to generate token: while signing jwt: rpc error: code = Unavailable desc = token signing failed: threshold not met
T-sameregion-optimistic@v2nb-c200,213,1791052747179603111,322521641,0,Internal error occurred: failed to generate token: while signing jwt: rpc error: code = Unavailable desc = token signing failed: threshold not met
T-sameregion-optimistic@v2nb-c200,243,1791052747325293856,177310764,0,Internal error occurred: failed to generate token: while signing jwt: rpc error: code = Unavailable desc = token signing failed: threshold not met
T-sameregion-optimistic@v2nb-c200,218,1791052747264093510,238589015,0,Internal error occurred: failed to generate token: while signing jwt: rpc error: code = Unavailable desc = token signing failed: threshold not met
T-sameregion-optimistic@v2nb-c200,232,1791052747306320003,196453296,0,Internal error occurred: failed to generate token: while signing jwt: rpc error: code = Unavailable desc = token signing failed: threshold not met
T-sameregion-optimistic@v2nb-c200,239,1791052747324647657,180825304,0,Internal error occurred: failed to generate token: while signing jwt: rpc error: code = Unavailable desc = token signing failed: threshold not met
T-sameregion-optimistic@v2nb-c200,216,1791052747262688823,243390921,0,Internal error occurred: failed to generate token: while signing jwt: rpc error: code = Unavailable desc = token signing failed: threshold not met
T-sameregion-optimistic@v2nb-c200,202,1791052747099717735,410867676,0,Internal error occurred: failed to generate token: while signing jwt: rpc error: code = Unavailable desc = token signing failed: threshold not met
T-sameregion-optimistic@v2nb-c200,187,1791052747052470278,458932518,0,Internal error occurred: failed to generate token: while signing jwt: rpc error: code = Unavailable desc = token signing failed: threshold not met
T-sameregion-optimistic@v2nb-c200,219,1791052747264416596,247069337,0,Internal error occurred: failed to generate token: while signing jwt: rpc error: code = Unavailable desc = token signing failed: threshold not met
T-sameregion-optimistic@v2nb-c200,250,1791052747333477576,178080481,0,Internal error occurred: failed to generate token: while signing jwt: rpc error: code = Unavailable desc = token signing failed: threshold not met
T-sameregion-optimistic@v2nb-c200,266,1791052747352229705,159359909,0,Internal error occurred: failed to generate token: while signing jwt: rpc error: code = Unavailable desc = token signing failed: threshold not met
T-sameregion-optimistic@v2nb-c200,108,1791052747043818618,468744690,1,
T-sameregion-optimistic@v2nb-c200,224,1791052747267879681,245479630,0,Internal error occurred: failed to generate token: while signing jwt: rpc error: code = Unavailable desc = token signing failed: threshold not met
T-sameregion-optimistic@v2nb-c200,246,1791052747331114270,193506857,0,Internal error occurred: failed to generate token: while signing jwt: rpc error: code = Unavailable desc = token signing failed: threshold not met
T-sameregion-optimistic@v2nb-c200,265,1791052747352085959,173256197,0,Internal error occurred: failed to generate token: while signing jwt: rpc error: code = Unavailable desc = token signing failed: threshold not met
T-sameregion-optimistic@v2nb-c200,230,1791052747305801414,222742142,0,Internal error occurred: failed to generate token: while signing jwt: rpc error: code = Unavailable desc = token signing failed: threshold not met
T-sameregion-optimistic@v2nb-c200,126,1791052747047597534,480960103,0,Internal error occurred: failed to generate token: while signing jwt: rpc error: code = Unavailable desc = token signing failed: threshold not met
T-sameregion-optimistic@v2nb-c200,54,1791052747042397343,486314877,0,Internal error occurred: failed to generate token: while signing jwt: rpc error: code = Unavailable desc = token signing failed: threshold not met
T-sameregion-optimistic@v2nb-c200,80,1791052747042945583,486501257,0,Internal error occurred: failed to generate token: while signing jwt: rpc error: code = Unavailable desc = token signing failed: threshold not met
T-sameregion-optimistic@v2nb-c200,36,1791052747041990521,488314818,0,Internal error occurred: failed to generate token: while signing jwt: rpc error: code = Unavailable desc = token signing failed: threshold not met
T-sameregion-optimistic@v2nb-c200,75,1791052747042835184,488320694,0,Internal error occurred: failed to generate token: while signing jwt: rpc error: code = Unavailable desc = token signing failed: threshold not met
T-sameregion-optimistic@v2nb-c200,68,1791052747042673214,488607840,0,Internal error occurred: failed to generate token: while signing jwt: rpc error: code = Unavailable desc = token signing failed: threshold not met
T-sameregion-optimistic@v2nb-c200,64,1791052747042596695,488702441,0,Internal error occurred: failed to generate token: while signing jwt: rpc error: code = Unavailable desc = token signing failed: threshold not met
T-sameregion-optimistic@v2nb-c200,192,1791052747052807141,481078091,0,Internal error occurred: failed to generate token: while signing jwt: rpc error: code = Unavailable desc = token signing failed: threshold not met
T-sameregion-optimistic@v2nb-c200,152,1791052747050713092,483181076,0,Internal error occurred: failed to generate token: while signing jwt: rpc error: code = Unavailable desc = token signing failed: threshold not met
T-sameregion-optimistic@v2nb-c200,146,1791052747050444134,483650122,0,Internal error occurred: failed to generate token: while signing jwt: rpc error: code = Unavailable desc = token signing failed: threshold not met
T-sameregion-optimistic@v2nb-c200,120,1791052747046097146,492407078,0,Internal error occurred: failed to generate token: while signing jwt: rpc error: code = Unavailable desc = token signing failed: threshold not met
T-sameregion-optimistic@v2nb-c200,184,1791052747052322940,486369892,0,Internal error occurred: failed to generate token: while signing jwt: rpc error: code = Unavailable desc = token signing failed: threshold not met
T-sameregion-optimistic@v2nb-c200,34,1791052747041932936,497273913,0,Internal error occurred: failed to generate token: while signing jwt: rpc error: code = Unavailable desc = token signing failed: threshold not met
T-sameregion-optimistic@v2nb-c200,89,1791052747043150378,496192124,0,Internal error occurred: failed to generate token: while signing jwt: rpc error: code = Unavailable desc = token signing failed: threshold not met
T-sameregion-optimistic@v2nb-c200,96,1791052747043306165,496043832,0,Internal error occurred: failed to generate token: while signing jwt: rpc error: code = Unavailable desc = token signing failed: threshold not met
T-sameregion-optimistic@v2nb-c200,55,1791052747042437482,497000577,0,Internal error occurred: failed to generate token: while signing jwt: rpc error: code = Unavailable desc = token signing failed: threshold not met
T-sameregion-optimistic@v2nb-c200,42,1791052747042110505,497407760,0,Internal error occurred: failed to generate token: while signing jwt: rpc error: code = Unavailable desc = token signing failed: threshold not met
T-sameregion-optimistic@v2nb-c200,83,1791052747043020889,496623538,0,Internal error occurred: failed to generate token: while signing jwt: rpc error: code = Unavailable desc = token signing failed: threshold not met
T-sameregion-optimistic@v2nb-c200,91,1791052747043207000,496465026,0,Internal error occurred: failed to generate token: while signing jwt: rpc error: code = Unavailable desc = token signing failed: threshold not met
T-sameregion-optimistic@v2nb-c200,177,1791052747051828225,488110422,0,Internal error occurred: failed to generate token: while signing jwt: rpc error: code = Unavailable desc = token signing failed: threshold not met
T-sameregion-optimistic@v2nb-c200,200,1791052747053633809,489455639,0,Internal error occurred: failed to generate token: while signing jwt: rpc error: code = Unavailable desc = token signing failed: threshold not met
T-sameregion-optimistic@v2nb-c200,72,1791052747042761885,501071244,0,Internal error occurred: failed to generate token: while signing jwt: rpc error: code = Unavailable desc = token signing failed: threshold not met
T-sameregion-optimistic@v2nb-c200,210,1791052747166869454,376963984,0,Internal error occurred: failed to generate token: while signing jwt: rpc error: code = Unavailable desc = token signing failed: threshold not met
T-sameregion-optimistic@v2nb-c200,173,1791052747051641113,492363621,0,Internal error occurred: failed to generate token: while signing jwt: rpc error: code = Unavailable desc = token signing failed: threshold not met
T-sameregion-optimistic@v2nb-c200,191,1791052747052668707,491337786,0,Internal error occurred: failed to generate token: while signing jwt: rpc error: code = Unavailable desc = token signing failed: threshold not met
T-sameregion-optimistic@v2nb-c200,181,1791052747052039445,492450608,0,Internal error occurred: failed to generate token: while signing jwt: rpc error: code = Unavailable desc = token signing failed: threshold not met
T-sameregion-optimistic@v2nb-c200,86,1791052747043097436,501392286,0,Internal error occurred: failed to generate token: while signing jwt: rpc error: code = Unavailable desc = token signing failed: threshold not met
T-sameregion-optimistic@v2nb-c200,59,1791052747042514552,502049916,0,Internal error occurred: failed to generate token: while signing jwt: rpc error: code = Unavailable desc = token signing failed: threshold not met
T-sameregion-optimistic@v2nb-c200,18,1791052747041598540,503005077,0,Internal error occurred: failed to generate token: while signing jwt: rpc error: code = Unavailable desc = token signing failed: threshold not met
T-sameregion-optimistic@v2nb-c200,186,1791052747052412860,492256285,0,Internal error occurred: failed to generate token: while signing jwt: rpc error: code = Unavailable desc = token signing failed: threshold not met
T-sameregion-optimistic@v2nb-c200,50,1791052747042284766,503491889,0,Internal error occurred: failed to generate token: while signing jwt: rpc error: code = Unavailable desc = token signing failed: threshold not met
T-sameregion-optimistic@v2nb-c200,220,1791052747264417802,282632945,0,Internal error occurred: failed to generate token: while signing jwt: rpc error: code = Unavailable desc = token signing failed: threshold not met
T-sameregion-optimistic@v2nb-c200,222,1791052747266864211,282188653,0,Internal error occurred: failed to generate token: while signing jwt: rpc error: code = Unavailable desc = token signing failed: threshold not met
T-sameregion-optimistic@v2nb-c200,256,1791052747341355525,208721448,0,Internal error occurred: failed to generate token: while signing jwt: rpc error: code = Unavailable desc = token signing failed: threshold not met
T-sameregion-optimistic@v2nb-c200,262,1791052747345317735,204998097,0,Internal error occurred: failed to generate token: while signing jwt: rpc error: code = Unavailable desc = token signing failed: threshold not met
T-sameregion-optimistic@v2nb-c200,223,1791052747266864116,284729976,0,Internal error occurred: failed to generate token: while signing jwt: rpc error: code = Unavailable desc = token signing failed: threshold not met
T-sameregion-optimistic@v2nb-c200,226,1791052747271877717,280921475,0,Internal error occurred: failed to generate token: while signing jwt: rpc error: code = Unavailable desc = token signing failed: threshold not met
T-sameregion-optimistic@v2nb-c200,195,1791052747052994579,501023687,0,Internal error occurred: failed to generate token: while signing jwt: rpc error: code = Unavailable desc = token signing failed: threshold not met
T-sameregion-optimistic@v2nb-c200,199,1791052747053526537,503877952,0,Internal error occurred: failed to generate token: while signing jwt: rpc error: code = Unavailable desc = token signing failed: threshold not met
T-sameregion-optimistic@v2nb-c200,244,1791052747325314916,232267447,0,Internal error occurred: failed to generate token: while signing jwt: rpc error: code = Unavailable desc = token signing failed: threshold not met
T-sameregion-optimistic@v2nb-c200,231,1791052747305806904,253546119,0,Internal error occurred: failed to generate token: while signing jwt: rpc error: code = Unavailable desc = token signing failed: threshold not met
T-sameregion-optimistic@v2nb-c200,229,1791052747275580138,283818233,0,Internal error occurred: failed to generate token: while signing jwt: rpc error: code = Unavailable desc = token signing failed: threshold not met
T-sameregion-optimistic@v2nb-c200,261,1791052747345192082,214271409,0,Internal error occurred: failed to generate token: while signing jwt: rpc error: code = Unavailable desc = token signing failed: threshold not met
T-sameregion-optimistic@v2nb-c200,271,1791052747352645017,208972878,0,Internal error occurred: failed to generate token: while signing jwt: rpc error: code = Unavailable desc = token signing failed: threshold not met
T-sameregion-optimistic@v2nb-c200,215,1791052747262678625,300675928,0,Internal error occurred: failed to generate token: while signing jwt: rpc error: code = Unavailable desc = token signing failed: threshold not met
T-sameregion-optimistic@v2nb-c200,206,1791052747161107827,404708345,0,Internal error occurred: failed to generate token: while signing jwt: rpc error: code = Unavailable desc = token signing failed: threshold not met
T-sameregion-optimistic@v2nb-c200,284,1791052747366108904,199935334,0,Internal error occurred: failed to generate token: while signing jwt: rpc error: code = Unavailable desc = token signing failed: threshold not met
T-sameregion-optimistic@v2nb-c200,212,1791052747177253743,388790481,0,Internal error occurred: failed to generate token: while signing jwt: rpc error: code = Unavailable desc = token signing failed: threshold not met
T-sameregion-optimistic@v2nb-c200,233,1791052747318740957,247454686,0,Internal error occurred: failed to generate token: while signing jwt: rpc error: code = Unavailable desc = token signing failed: threshold not met
T-sameregion-optimistic@v2nb-c200,291,1791052747374452788,191749983,0,Internal error occurred: failed to generate token: while signing jwt: rpc error: code = Unavailable desc = token signing failed: threshold not met
T-sameregion-optimistic@v2nb-c200,209,1791052747166065226,400219610,0,Internal error occurred: failed to generate token: while signing jwt: rpc error: code = Unavailable desc = token signing failed: threshold not met
T-sameregion-optimistic@v2nb-c200,278,1791052747361768145,204547540,0,Internal error occurred: failed to generate token: while signing jwt: rpc error: code = Unavailable desc = token signing failed: threshold not met
T-sameregion-optimistic@v2nb-c200,245,1791052747325953076,240501682,0,Internal error occurred: failed to generate token: while signing jwt: rpc error: code = Unavailable desc = token signing failed: threshold not met
T-sameregion-optimistic@v2nb-c200,241,1791052747325177409,241436548,0,Internal error occurred: failed to generate token: while signing jwt: rpc error: code = Unavailable desc = token signing failed: threshold not met
T-sameregion-optimistic@v2nb-c200,288,1791052747371782831,204677570,0,Internal error occurred: failed to generate token: while signing jwt: rpc error: code = Unavailable desc = token signing failed: threshold not met
T-sameregion-optimistic@v2nb-c200,275,1791052747361464288,215002124,0,Internal error occurred: failed to generate token: while signing jwt: rpc error: code = Unavailable desc = token signing failed: threshold not met
T-sameregion-optimistic@v2nb-c200,293,1791052747374531859,202009981,0,Internal error occurred: failed to generate token: while signing jwt: rpc error: code = Unavailable desc = token signing failed: threshold not met
T-sameregion-optimistic@v2nb-c200,276,1791052747361464286,215133647,0,Internal error occurred: failed to generate token: while signing jwt: rpc error: code = Unavailable desc = token signing failed: threshold not met
T-sameregion-optimistic@v2nb-c200,272,1791052747352732113,223919651,0,Internal error occurred: failed to generate token: while signing jwt: rpc error: code = Unavailable desc = token signing failed: threshold not met
T-sameregion-optimistic@v2nb-c200,282,1791052747363433807,213274777,0,Internal error occurred: failed to generate token: while signing jwt: rpc error: code = Unavailable desc = token signing failed: threshold not met
T-sameregion-optimistic@v2nb-c200,283,1791052747363486453,213387318,0,Internal error occurred: failed to generate token: while signing jwt: rpc error: code = Unavailable desc = token signing failed: threshold not met
T-sameregion-optimistic@v2nb-c200,280,1791052747363301972,213571866,0,Internal error occurred: failed to generate token: while signing jwt: rpc error: code = Unavailable desc = token signing failed: threshold not met
T-sameregion-optimistic@v2nb-c200,174,1791052747051697211,529089906,0,Internal error occurred: failed to generate token: while signing jwt: rpc error: code = Unavailable desc = token signing failed: threshold not met
T-sameregion-optimistic@v2nb-c200,259,1791052747344801447,236026777,0,Internal error occurred: failed to generate token: while signing jwt: rpc error: code = Unavailable desc = token signing failed: threshold not met
T-sameregion-optimistic@v2nb-c200,312,1791052747438708756,149031294,0,Internal error occurred: failed to generate token: while signing jwt: rpc error: code = Unavailable desc = token signing failed: threshold not met
T-sameregion-optimistic@v2nb-c200,287,1791052747371772856,219774202,0,Internal error occurred: failed to generate token: while signing jwt: rpc error: code = Unavailable desc = token signing failed: threshold not met
T-sameregion-optimistic@v2nb-c200,260,1791052747345176958,246414366,0,Internal error occurred: failed to generate token: while signing jwt: rpc error: code = Unavailable desc = token signing failed: threshold not met
T-sameregion-optimistic@v2nb-c200,295,1791052747402602249,188944984,0,Internal error occurred: failed to generate token: while signing jwt: rpc error: code = Unavailable desc = token signing failed: threshold not met
T-sameregion-optimistic@v2nb-c200,290,1791052747371991172,219692652,0,Internal error occurred: failed to generate token: while signing jwt: rpc error: code = Unavailable desc = token signing failed: threshold not met
T-sameregion-optimistic@v2nb-c200,221,1791052747264518275,335976140,0,Internal error occurred: failed to generate token: while signing jwt: rpc error: code = Unavailable desc = token signing failed: threshold not met
T-sameregion-optimistic@v2nb-c200,197,1791052747053192058,549138883,0,Internal error occurred: failed to generate token: while signing jwt: rpc error: code = Unavailable desc = token signing failed: threshold not met
T-sameregion-optimistic@v2nb-c200,298,1791052747409610221,195038447,0,Internal error occurred: failed to generate token: while signing jwt: rpc error: code = Unavailable desc = token signing failed: threshold not met
T-sameregion-optimistic@v2nb-c200,227,1791052747272977137,333956199,0,Internal error occurred: failed to generate token: while signing jwt: rpc error: code = Unavailable desc = token signing failed: threshold not met
T-sameregion-optimistic@v2nb-c200,208,1791052747164464411,442782742,0,Internal error occurred: failed to generate token: while signing jwt: rpc error: code = Unavailable desc = token signing failed: threshold not met
T-sameregion-optimistic@v2nb-c200,257,1791052747343801463,264296524,0,Internal error occurred: failed to generate token: while signing jwt: rpc error: code = Unavailable desc = token signing failed: threshold not met
T-sameregion-optimistic@v2nb-c200,207,1791052747163421898,444948726,0,Internal error occurred: failed to generate token: while signing jwt: rpc error: code = Unavailable desc = token signing failed: threshold not met
T-sameregion-optimistic@v2nb-c200,190,1791052747052591173,555779431,0,Internal error occurred: failed to generate token: while signing jwt: rpc error: code = Unavailable desc = token signing failed: threshold not met
T-sameregion-optimistic@v2nb-c200,258,1791052747344770926,264492629,0,Internal error occurred: failed to generate token: while signing jwt: rpc error: code = Unavailable desc = token signing failed: threshold not met
T-sameregion-optimistic@v2nb-c200,277,1791052747361743706,247773163,0,Internal error occurred: failed to generate token: while signing jwt: rpc error: code = Unavailable desc = token signing failed: threshold not met
T-sameregion-optimistic@v2nb-c200,285,1791052747371614132,256507547,0,Internal error occurred: failed to generate token: while signing jwt: rpc error: code = Unavailable desc = token signing failed: threshold not met
T-sameregion-optimistic@v2nb-c200,300,1791052747418434469,209687341,0,Internal error occurred: failed to generate token: while signing jwt: rpc error: code = Unavailable desc = token signing failed: threshold not met
T-sameregion-optimistic@v2nb-c200,289,1791052747371884662,256321016,0,Internal error occurred: failed to generate token: while signing jwt: rpc error: code = Unavailable desc = token signing failed: threshold not met
T-sameregion-optimistic@v2nb-c200,302,1791052747426555182,212861667,0,Internal error occurred: failed to generate token: while signing jwt: rpc error: code = Unavailable desc = token signing failed: threshold not met
T-sameregion-optimistic@v2nb-c200,279,1791052747363239787,338606497,0,Internal error occurred: failed to generate token: while signing jwt: rpc error: code = Unavailable desc = token signing failed: threshold not met
T-sameregion-optimistic@v2nb-c200,304,1791052747428344826,276684222,0,Internal error occurred: failed to generate token: while signing jwt: rpc error: code = Unavailable desc = token signing failed: threshold not met
T-sameregion-optimistic@v2nb-c200,292,1791052747374452856,330639261,0,Internal error occurred: failed to generate token: while signing jwt: rpc error: code = Unavailable desc = token signing failed: threshold not met
T-sameregion-optimistic@v2nb-c200,329,1791052747505478846,199711886,0,Internal error occurred: failed to generate token: while signing jwt: rpc error: code = Unavailable desc = token signing failed: threshold not met
T-sameregion-optimistic@v2nb-c200,306,1791052747431556138,273717662,0,Internal error occurred: failed to generate token: while signing jwt: rpc error: code = Unavailable desc = token signing failed: threshold not met
T-sameregion-optimistic@v2nb-c200,274,1791052747352972486,352320469,0,Internal error occurred: failed to generate token: while signing jwt: rpc error: code = Unavailable desc = token signing failed: threshold not met
T-sameregion-optimistic@v2nb-c200,264,1791052747349155475,356259455,0,Internal error occurred: failed to generate token: while signing jwt: rpc error: code = Unavailable desc = token signing failed: threshold not met
T-sameregion-optimistic@v2nb-c200,316,1791052747452104568,253430583,0,Internal error occurred: failed to generate token: while signing jwt: rpc error: code = Unavailable desc = token signing failed: threshold not met
T-sameregion-optimistic@v2nb-c200,319,1791052747455344530,251272759,0,Internal error occurred: failed to generate token: while signing jwt: rpc error: code = Unavailable desc = token signing failed: threshold not met
T-sameregion-optimistic@v2nb-c200,314,1791052747438856769,267927179,0,Internal error occurred: failed to generate token: while signing jwt: rpc error: code = Unavailable desc = token signing failed: threshold not met
T-sameregion-optimistic@v2nb-c200,313,1791052747438845926,267944025,0,Internal error occurred: failed to generate token: while signing jwt: rpc error: code = Unavailable desc = token signing failed: threshold not met
T-sameregion-optimistic@v2nb-c200,249,1791052747333237727,373645024,0,Internal error occurred: failed to generate token: while signing jwt: rpc error: code = Unavailable desc = token signing failed: threshold not met
T-sameregion-optimistic@v2nb-c200,111,1791052747043996727,669608267,1,
T-sameregion-optimistic@v2nb-c200,321,1791052747465702581,253399824,0,Internal error occurred: failed to generate token: while signing jwt: rpc error: code = Unavailable desc = token signing failed: threshold not met
T-sameregion-optimistic@v2nb-c200,294,1791052747374579762,346381229,0,Internal error occurred: failed to generate token: while signing jwt: rpc error: code = Unavailable desc = token signing failed: threshold not met
T-sameregion-optimistic@v2nb-c200,255,1791052747341355520,380108151,0,Internal error occurred: failed to generate token: while signing jwt: rpc error: code = Unavailable desc = token signing failed: threshold not met
T-sameregion-optimistic@v2nb-c200,299,1791052747410167266,312945878,0,Internal error occurred: failed to generate token: while signing jwt: rpc error: code = Unavailable desc = token signing failed: threshold not met
T-sameregion-optimistic@v2nb-c200,254,1791052747340649827,382609565,0,Internal error occurred: failed to generate token: while signing jwt: rpc error: code = Unavailable desc = token signing failed: threshold not met
T-sameregion-optimistic@v2nb-c200,263,1791052747348489399,375299483,0,Internal error occurred: failed to generate token: while signing jwt: rpc error: code = Unavailable desc = token signing failed: threshold not met
T-sameregion-optimistic@v2nb-c200,296,1791052747403007006,321731267,0,Internal error occurred: failed to generate token: while signing jwt: rpc error: code = Unavailable desc = token signing failed: threshold not met
T-sameregion-optimistic@v2nb-c200,301,1791052747426550623,298194280,0,Internal error occurred: failed to generate token: while signing jwt: rpc error: code = Unavailable desc = token signing failed: threshold not met
T-sameregion-optimistic@v2nb-c200,273,1791052747352756855,372983351,0,Internal error occurred: failed to generate token: while signing jwt: rpc error: code = Unavailable desc = token signing failed: threshold not met
T-sameregion-optimistic@v2nb-c200,286,1791052747371689545,354094613,0,Internal error occurred: failed to generate token: while signing jwt: rpc error: code = Unavailable desc = token signing failed: threshold not met
T-sameregion-optimistic@v2nb-c200,228,1791052747274842063,451090039,0,Internal error occurred: failed to generate token: while signing jwt: rpc error: code = Unavailable desc = token signing failed: threshold not met
T-sameregion-optimistic@v2nb-c200,348,1791052747533888850,192046073,0,Internal error occurred: failed to generate token: while signing jwt: rpc error: code = Unavailable desc = token signing failed: threshold not met
T-sameregion-optimistic@v2nb-c200,267,1791052747352419440,373606337,0,Internal error occurred: failed to generate token: while signing jwt: rpc error: code = Unavailable desc = token signing failed: threshold not met
T-sameregion-optimistic@v2nb-c200,346,1791052747531283649,200556589,0,Internal error occurred: failed to generate token: while signing jwt: rpc error: code = Unavailable desc = token signing failed: threshold not met
T-sameregion-optimistic@v2nb-c200,305,1791052747430553954,302648203,0,Internal error occurred: failed to generate token: while signing jwt: rpc error: code = Unavailable desc = token signing failed: threshold not met
T-sameregion-optimistic@v2nb-c200,303,1791052747426664527,306795240,0,Internal error occurred: failed to generate token: while signing jwt: rpc error: code = Unavailable desc = token signing failed: threshold not met
T-sameregion-optimistic@v2nb-c200,268,1791052747352424879,381728029,0,Internal error occurred: failed to generate token: while signing jwt: rpc error: code = Unavailable desc = token signing failed: threshold not met
T-sameregion-optimistic@v2nb-c200,281,1791052747363384285,371371684,0,Internal error occurred: failed to generate token: while signing jwt: rpc error: code = Unavailable desc = token signing failed: threshold not met
T-sameregion-optimistic@v2nb-c200,308,1791052747435125384,299683013,0,Internal error occurred: failed to generate token: while signing jwt: rpc error: code = Unavailable desc = token signing failed: threshold not met
T-sameregion-optimistic@v2nb-c200,251,1791052747333592179,401490476,0,Internal error occurred: failed to generate token: while signing jwt: rpc error: code = Unavailable desc = token signing failed: threshold not met
T-sameregion-optimistic@v2nb-c200,320,1791052747455511643,279766922,0,Internal error occurred: failed to generate token: while signing jwt: rpc error: code = Unavailable desc = token signing failed: threshold not met
T-sameregion-optimistic@v2nb-c200,270,1791052747352582357,383045062,0,Internal error occurred: failed to generate token: while signing jwt: rpc error: code = Unavailable desc = token signing failed: threshold not met
T-sameregion-optimistic@v2nb-c200,311,1791052747438121558,297629895,0,Internal error occurred: failed to generate token: while signing jwt: rpc error: code = Unavailable desc = token signing failed: threshold not met
T-sameregion-optimistic@v2nb-c200,322,1791052747465702753,270330702,0,Internal error occurred: failed to generate token: while signing jwt: rpc error: code = Unavailable desc = token signing failed: threshold not met
T-sameregion-optimistic@v2nb-c200,318,1791052747455312714,281284518,0,Internal error occurred: failed to generate token: while signing jwt: rpc error: code = Unavailable desc = token signing failed: threshold not met
T-sameregion-optimistic@v2nb-c200,325,1791052747502127702,234738297,0,Internal error occurred: failed to generate token: while signing jwt: rpc error: code = Unavailable desc = token signing failed: threshold not met
T-sameregion-optimistic@v2nb-c200,309,1791052747437231361,299954646,0,Internal error occurred: failed to generate token: while signing jwt: rpc error: code = Unavailable desc = token signing failed: threshold not met
T-sameregion-optimistic@v2nb-c200,297,1791052747403066475,334393286,0,Internal error occurred: failed to generate token: while signing jwt: rpc error: code = Unavailable desc = token signing failed: threshold not met
T-sameregion-optimistic@v2nb-c200,341,1791052747528560024,209158849,0,Internal error occurred: failed to generate token: while signing jwt: rpc error: code = Unavailable desc = token signing failed: threshold not met
T-sameregion-optimistic@v2nb-c200,379,1791052747557407536,180482012,0,Internal error occurred: failed to generate token: while signing jwt: rpc error: code = Unavailable desc = token signing failed: threshold not met
T-sameregion-optimistic@v2nb-c200,315,1791052747451150380,286875966,0,Internal error occurred: failed to generate token: while signing jwt: rpc error: code = Unavailable desc = token signing failed: threshold not met
T-sameregion-optimistic@v2nb-c200,373,1791052747549070154,188985980,0,Internal error occurred: failed to generate token: while signing jwt: rpc error: code = Unavailable desc = token signing failed: threshold not met
T-sameregion-optimistic@v2nb-c200,317,1791052747455053033,283074282,0,Internal error occurred: failed to generate token: while signing jwt: rpc error: code = Unavailable desc = token signing failed: threshold not met
T-sameregion-optimistic@v2nb-c200,248,1791052747333237731,405216290,0,Internal error occurred: failed to generate token: while signing jwt: rpc error: code = Unavailable desc = token signing failed: threshold not met
T-sameregion-optimistic@v2nb-c200,350,1791052747534098702,208969532,0,Internal error occurred: failed to generate token: while signing jwt: rpc error: code = Unavailable desc = token signing failed: threshold not met
T-sameregion-optimistic@v2nb-c200,343,1791052747529449643,215085019,0,Internal error occurred: failed to generate token: while signing jwt: rpc error: code = Unavailable desc = token signing failed: threshold not met
T-sameregion-optimistic@v2nb-c200,353,1791052747539210240,207627144,0,Internal error occurred: failed to generate token: while signing jwt: rpc error: code = Unavailable desc = token signing failed: threshold not met
T-sameregion-optimistic@v2nb-c200,237,1791052747324449029,422545598,0,Internal error occurred: failed to generate token: while signing jwt: rpc error: code = Unavailable desc = token signing failed: threshold not met
T-sameregion-optimistic@v2nb-c200,364,1791052747544007905,204091621,0,Internal error occurred: failed to generate token: while signing jwt: rpc error: code = Unavailable desc = token signing failed: threshold not met
T-sameregion-optimistic@v2nb-c200,242,1791052747325193152,423030643,0,Internal error occurred: failed to generate token: while signing jwt: rpc error: code = Unavailable desc = token signing failed: threshold not met
T-sameregion-optimistic@v2nb-c200,357,1791052747539520877,210506523,0,Internal error occurred: failed to generate token: while signing jwt: rpc error: code = Unavailable desc = token signing failed: threshold not met
T-sameregion-optimistic@v2nb-c200,372,1791052747547054527,203920460,0,Internal error occurred: failed to generate token: while signing jwt: rpc error: code = Unavailable desc = token signing failed: threshold not met
T-sameregion-optimistic@v2nb-c200,253,1791052747334000808,421541568,0,Internal error occurred: failed to generate token: while signing jwt: rpc error: code = Unavailable desc = token signing failed: threshold not met
T-sameregion-optimistic@v2nb-c200,307,1791052747435088975,321136315,0,Internal error occurred: failed to generate token: while signing jwt: rpc error: code = Unavailable desc = token signing failed: threshold not met
T-sameregion-optimistic@v2nb-c200,380,1791052747557584664,201663477,0,Internal error occurred: failed to generate token: while signing jwt: rpc error: code = Unavailable desc = token signing failed: threshold not met
T-sameregion-optimistic@v2nb-c200,394,1791052747566616500,194877420,0,Internal error occurred: failed to generate token: while signing jwt: rpc error: code = Unavailable desc = token signing failed: threshold not met
T-sameregion-optimistic@v2nb-c200,310,1791052747437582264,324669939,0,Internal error occurred: failed to generate token: while signing jwt: rpc error: code = Unavailable desc = token signing failed: threshold not met
T-sameregion-optimistic@v2nb-c200,240,1791052747324690138,438168603,0,Internal error occurred: failed to generate token: while signing jwt: rpc error: code = Unavailable desc = token signing failed: threshold not met
T-sameregion-optimistic@v2nb-c200,334,1791052747511561132,251297645,0,Internal error occurred: failed to generate token: while signing jwt: rpc error: code = Unavailable desc = token signing failed: threshold not met
T-sameregion-optimistic@v2nb-c200,332,1791052747511407770,252394331,0,Internal error occurred: failed to generate token: while signing jwt: rpc error: code = Unavailable desc = token signing failed: threshold not met
T-sameregion-optimistic@v2nb-c200,333,1791052747511489485,253815348,0,Internal error occurred: failed to generate token: while signing jwt: rpc error: code = Unavailable desc = token signing failed: threshold not met
T-sameregion-optimistic@v2nb-c200,236,1791052747324121946,443792274,0,Internal error occurred: failed to generate token: while signing jwt: rpc error: code = Unavailable desc = token signing failed: threshold not met
T-sameregion-optimistic@v2nb-c200,247,1791052747331114315,439834069,0,Internal error occurred: failed to generate token: while signing jwt: rpc error: code = Unavailable desc = token signing failed: threshold not met
T-sameregion-optimistic@v2nb-c200,252,1791052747333679130,438755827,0,Internal error occurred: failed to generate token: while signing jwt: rpc error: code = Unavailable desc = token signing failed: threshold not met
T-sameregion-optimistic@v2nb-c200,330,1791052747506082827,266351564,0,Internal error occurred: failed to generate token: while signing jwt: rpc error: code = Unavailable desc = token signing failed: threshold not met
T-sameregion-optimistic@v2nb-c200,342,1791052747528714645,243802676,0,Internal error occurred: failed to generate token: while signing jwt: rpc error: code = Unavailable desc = token signing failed: threshold not met
T-sameregion-optimistic@v2nb-c200,234,1791052747320972101,462165378,0,Internal error occurred: failed to generate token: while signing jwt: rpc error: code = Unavailable desc = token signing failed: threshold not met
T-sameregion-optimistic@v2nb-c200,388,1791052747566047446,220301578,0,Internal error occurred: failed to generate token: while signing jwt: rpc error: code = Unavailable desc = token signing failed: threshold not met
T-sameregion-optimistic@v2nb-c200,365,1791052747544009808,242359139,0,Internal error occurred: failed to generate token: while signing jwt: rpc error: code = Unavailable desc = token signing failed: threshold not met
T-sameregion-optimistic@v2nb-c200,378,1791052747554021439,232431803,0,Internal error occurred: failed to generate token: while signing jwt: rpc error: code = Unavailable desc = token signing failed: threshold not met
T-sameregion-optimistic@v2nb-c200,367,1791052747544494058,242050448,0,Internal error occurred: failed to generate token: while signing jwt: rpc error: code = Unavailable desc = token signing failed: threshold not met
T-sameregion-optimistic@v2nb-c200,391,1791052747566286885,220451158,0,Internal error occurred: failed to generate token: while signing jwt: rpc error: code = Unavailable desc = token signing failed: threshold not met
T-sameregion-optimistic@v2nb-c200,323,1791052747501927404,284927685,0,Internal error occurred: failed to generate token: while signing jwt: rpc error: code = Unavailable desc = token signing failed: threshold not met
T-sameregion-optimistic@v2nb-c200,358,1791052747539647272,247242583,0,Internal error occurred: failed to generate token: while signing jwt: rpc error: code = Unavailable desc = token signing failed: threshold not met
T-sameregion-optimistic@v2nb-c200,395,1791052747576466966,210533851,0,Internal error occurred: failed to generate token: while signing jwt: rpc error: code = Unavailable desc = token signing failed: threshold not met
T-sameregion-optimistic@v2nb-c200,235,1791052747323776376,463285314,0,Internal error occurred: failed to generate token: while signing jwt: rpc error: code = Unavailable desc = token signing failed: threshold not met
T-sameregion-optimistic@v2nb-c200,354,1791052747539345437,247805229,0,Internal error occurred: failed to generate token: while signing jwt: rpc error: code = Unavailable desc = token signing failed: threshold not met
T-sameregion-optimistic@v2nb-c200,340,1791052747528549919,258655579,0,Internal error occurred: failed to generate token: while signing jwt: rpc error: code = Unavailable desc = token signing failed: threshold not met
T-sameregion-optimistic@v2nb-c200,345,1791052747531158655,256080193,0,Internal error occurred: failed to generate token: while signing jwt: rpc error: code = Unavailable desc = token signing failed: threshold not met
T-sameregion-optimistic@v2nb-c200,363,1791052747543837242,243486089,0,Internal error occurred: failed to generate token: while signing jwt: rpc error: code = Unavailable desc = token signing failed: threshold not met
T-sameregion-optimistic@v2nb-c200,384,1791052747561621490,225800512,0,Internal error occurred: failed to generate token: while signing jwt: rpc error: code = Unavailable desc = token signing failed: threshold not met
T-sameregion-optimistic@v2nb-c200,326,1791052747502608584,284877279,0,Internal error occurred: failed to generate token: while signing jwt: rpc error: code = Unavailable desc = token signing failed: threshold not met
T-sameregion-optimistic@v2nb-c200,381,1791052747559365379,228145841,0,Internal error occurred: failed to generate token: while signing jwt: rpc error: code = Unavailable desc = token signing failed: threshold not met
T-sameregion-optimistic@v2nb-c200,385,1791052747563357206,224226079,0,Internal error occurred: failed to generate token: while signing jwt: rpc error: code = Unavailable desc = token signing failed: threshold not met
T-sameregion-optimistic@v2nb-c200,382,1791052747559401319,228281273,0,Internal error occurred: failed to generate token: while signing jwt: rpc error: code = Unavailable desc = token signing failed: threshold not met
T-sameregion-optimistic@v2nb-c200,327,1791052747502686936,285054653,0,Internal error occurred: failed to generate token: while signing jwt: rpc error: code = Unavailable desc = token signing failed: threshold not met
T-sameregion-optimistic@v2nb-c200,368,1791052747544566569,243207691,0,Internal error occurred: failed to generate token: while signing jwt: rpc error: code = Unavailable desc = token signing failed: threshold not met
T-sameregion-optimistic@v2nb-c200,269,1791052747352504652,435372660,0,Internal error occurred: failed to generate token: while signing jwt: rpc error: code = Unavailable desc = token signing failed: threshold not met
T-sameregion-optimistic@v2nb-c200,335,1791052747511591928,276286313,0,Internal error occurred: failed to generate token: while signing jwt: rpc error: code = Unavailable desc = token signing failed: threshold not met
T-sameregion-optimistic@v2nb-c200,383,1791052747559465506,228528299,0,Internal error occurred: failed to generate token: while signing jwt: rpc error: code = Unavailable desc = token signing failed: threshold not met
T-sameregion-optimistic@v2nb-c200,389,1791052747566198013,250309330,0,Internal error occurred: failed to generate token: while signing jwt: rpc error: code = Unavailable desc = token signing failed: threshold not met
T-sameregion-optimistic@v2nb-c200,352,1791052747538695473,277916323,0,Internal error occurred: failed to generate token: while signing jwt: rpc error: code = Unavailable desc = token signing failed: threshold not met
T-sameregion-optimistic@v2nb-c200,412,1791052747604652148,211982683,0,Internal error occurred: failed to generate token: while signing jwt: rpc error: code = Unavailable desc = token signing failed: threshold not met
T-sameregion-optimistic@v2nb-c200,337,1791052747513362008,394534654,0,Internal error occurred: failed to generate token: while signing jwt: rpc error: code = Unavailable desc = token signing failed: threshold not met
T-sameregion-optimistic@v2nb-c200,351,1791052747538511016,369588268,0,Internal error occurred: failed to generate token: while signing jwt: rpc error: code = Unavailable desc = token signing failed: threshold not met
T-sameregion-optimistic@v2nb-c200,414,1791052747607249524,301420733,0,Internal error occurred: failed to generate token: while signing jwt: rpc error: code = Unavailable desc = token signing failed: threshold not met
T-sameregion-optimistic@v2nb-c200,405,1791052747587744857,320968408,0,Internal error occurred: failed to generate token: while signing jwt: rpc error: code = Unavailable desc = token signing failed: threshold not met
T-sameregion-optimistic@v2nb-c200,324,1791052747501985708,406796534,0,Internal error occurred: failed to generate token: while signing jwt: rpc error: code = Unavailable desc = token signing failed: threshold not met
T-sameregion-optimistic@v2nb-c200,344,1791052747530308783,382268829,0,Internal error occurred: failed to generate token: while signing jwt: rpc error: code = Unavailable desc = token signing failed: threshold not met
T-sameregion-optimistic@v2nb-c200,369,1791052747544605952,368001683,0,Internal error occurred: failed to generate token: while signing jwt: rpc error: code = Unavailable desc = token signing failed: threshold not met
T-sameregion-optimistic@v2nb-c200,392,1791052747566317711,346402714,0,Internal error occurred: failed to generate token: while signing jwt: rpc error: code = Unavailable desc = token signing failed: threshold not met
T-sameregion-optimistic@v2nb-c200,409,1791052747591685585,322582707,0,Internal error occurred: failed to generate token: while signing jwt: rpc error: code = Unavailable desc = token signing failed: threshold not met
T-sameregion-optimistic@v2nb-c200,404,1791052747580830850,337453594,0,Internal error occurred: failed to generate token: while signing jwt: rpc error: code = Unavailable desc = token signing failed: threshold not met
T-sameregion-optimistic@v2nb-c200,387,1791052747566047119,353609036,0,Internal error occurred: failed to generate token: while signing jwt: rpc error: code = Unavailable desc = token signing failed: threshold not met
T-sameregion-optimistic@v2nb-c200,402,1791052747576876674,366383587,0,Internal error occurred: failed to generate token: while signing jwt: rpc error: code = Unavailable desc = token signing failed: threshold not met
T-sameregion-optimistic@v2nb-c200,361,1791052747543093563,401185920,0,Internal error occurred: failed to generate token: while signing jwt: rpc error: code = Unavailable desc = token signing failed: threshold not met
T-sameregion-optimistic@v2nb-c200,407,1791052747591595308,354377969,0,Internal error occurred: failed to generate token: while signing jwt: rpc error: code = Unavailable desc = token signing failed: threshold not met
T-sameregion-optimistic@v2nb-c200,423,1791052747639422249,306551313,0,Internal error occurred: failed to generate token: while signing jwt: rpc error: code = Unavailable desc = token signing failed: threshold not met
T-sameregion-optimistic@v2nb-c200,370,1791052747544671603,401394406,0,Internal error occurred: failed to generate token: while signing jwt: rpc error: code = Unavailable desc = token signing failed: threshold not met
T-sameregion-optimistic@v2nb-c200,444,1791052747724747656,222619399,0,Internal error occurred: failed to generate token: while signing jwt: rpc error: code = Unavailable desc = token signing failed: threshold not met
T-sameregion-optimistic@v2nb-c200,336,1791052747512566533,435842861,0,Internal error occurred: failed to generate token: while signing jwt: rpc error: code = Unavailable desc = token signing failed: threshold not met
T-sameregion-optimistic@v2nb-c200,328,1791052747502776361,446323456,0,Internal error occurred: failed to generate token: while signing jwt: rpc error: code = Unavailable desc = token signing failed: threshold not met
T-sameregion-optimistic@v2nb-c200,418,1791052747609266122,339868052,0,Internal error occurred: failed to generate token: while signing jwt: rpc error: code = Unavailable desc = token signing failed: threshold not met
T-sameregion-optimistic@v2nb-c200,449,1791052747726027927,223526705,0,Internal error occurred: failed to generate token: while signing jwt: rpc error: code = Unavailable desc = token signing failed: threshold not met
T-sameregion-optimistic@v2nb-c200,448,1791052747725940831,223646844,0,Internal error occurred: failed to generate token: while signing jwt: rpc error: code = Unavailable desc = token signing failed: threshold not met
T-sameregion-optimistic@v2nb-c200,386,1791052747565820461,383888963,0,Internal error occurred: failed to generate token: while signing jwt: rpc error: code = Unavailable desc = token signing failed: threshold not met
T-sameregion-optimistic@v2nb-c200,473,1791052747746841920,202893702,0,Internal error occurred: failed to generate token: while signing jwt: rpc error: code = Unavailable desc = token signing failed: threshold not met
T-sameregion-optimistic@v2nb-c200,433,1791052747706786623,243049852,0,Internal error occurred: failed to generate token: while signing jwt: rpc error: code = Unavailable desc = token signing failed: threshold not met
T-sameregion-optimistic@v2nb-c200,376,1791052747551597491,398243223,0,Internal error occurred: failed to generate token: while signing jwt: rpc error: code = Unavailable desc = token signing failed: threshold not met
T-sameregion-optimistic@v2nb-c200,455,1791052747734811307,215743212,0,Internal error occurred: failed to generate token: while signing jwt: rpc error: code = Unavailable desc = token signing failed: threshold not met
T-sameregion-optimistic@v2nb-c200,410,1791052747600501507,350827267,0,Internal error occurred: failed to generate token: while signing jwt: rpc error: code = Unavailable desc = token signing failed: threshold not met
T-sameregion-optimistic@v2nb-c200,374,1791052747550079843,401256898,0,Internal error occurred: failed to generate token: while signing jwt: rpc error: code = Unavailable desc = token signing failed: threshold not met
T-sameregion-optimistic@v2nb-c200,440,1791052747723117554,228395653,0,Internal error occurred: failed to generate token: while signing jwt: rpc error: code = Unavailable desc = token signing failed: threshold not met
T-sameregion-optimistic@v2nb-c200,450,1791052747731845002,219706884,0,Internal error occurred: failed to generate token: while signing jwt: rpc error: code = Unavailable desc = token signing failed: threshold not met
T-sameregion-optimistic@v2nb-c200,406,1791052747591553881,360089161,0,Internal error occurred: failed to generate token: while signing jwt: rpc error: code = Unavailable desc = token signing failed: threshold not met
T-sameregion-optimistic@v2nb-c200,466,1791052747737892865,213764508,0,Internal error occurred: failed to generate token: while signing jwt: rpc error: code = Unavailable desc = token signing failed: threshold not met
T-sameregion-optimistic@v2nb-c200,399,1791052747576653282,375750420,0,Internal error occurred: failed to generate token: while signing jwt: rpc error: code = Unavailable desc = token signing failed: threshold not met
T-sameregion-optimistic@v2nb-c200,339,1791052747525345839,429889473,0,Internal error occurred: failed to generate token: while signing jwt: rpc error: code = Unavailable desc = token signing failed: threshold not met
T-sameregion-optimistic@v2nb-c200,338,1791052747524626313,431648297,0,Internal error occurred: failed to generate token: while signing jwt: rpc error: code = Unavailable desc = token signing failed: threshold not met
T-sameregion-optimistic@v2nb-c200,411,1791052747602335662,353949437,0,Internal error occurred: failed to generate token: while signing jwt: rpc error: code = Unavailable desc = token signing failed: threshold not met
T-sameregion-optimistic@v2nb-c200,419,1791052747609519676,346921702,0,Internal error occurred: failed to generate token: while signing jwt: rpc error: code = Unavailable desc = token signing failed: threshold not met
T-sameregion-optimistic@v2nb-c200,397,1791052747576544969,379918090,0,Internal error occurred: failed to generate token: while signing jwt: rpc error: code = Unavailable desc = token signing failed: threshold not met
T-sameregion-optimistic@v2nb-c200,347,1791052747531301807,425284197,0,Internal error occurred: failed to generate token: while signing jwt: rpc error: code = Unavailable desc = token signing failed: threshold not met
T-sameregion-optimistic@v2nb-c200,424,1791052747701851685,254736090,0,Internal error occurred: failed to generate token: while signing jwt: rpc error: code = Unavailable desc = token signing failed: threshold not met
T-sameregion-optimistic@v2nb-c200,417,1791052747608373816,348275509,0,Internal error occurred: failed to generate token: while signing jwt: rpc error: code = Unavailable desc = token signing failed: threshold not met
T-sameregion-optimistic@v2nb-c200,375,1791052747550318826,406533844,0,Internal error occurred: failed to generate token: while signing jwt: rpc error: code = Unavailable desc = token signing failed: threshold not met
T-sameregion-optimistic@v2nb-c200,415,1791052747608101231,348751712,0,Internal error occurred: failed to generate token: while signing jwt: rpc error: code = Unavailable desc = token signing failed: threshold not met
T-sameregion-optimistic@v2nb-c200,356,1791052747539444229,417629555,0,Internal error occurred: failed to generate token: while signing jwt: rpc error: code = Unavailable desc = token signing failed: threshold not met
T-sameregion-optimistic@v2nb-c200,400,1791052747576710134,380383785,0,Internal error occurred: failed to generate token: while signing jwt: rpc error: code = Unavailable desc = token signing failed: threshold not met
T-sameregion-optimistic@v2nb-c200,401,1791052747576876280,380313829,0,Internal error occurred: failed to generate token: while signing jwt: rpc error: code = Unavailable desc = token signing failed: threshold not met
T-sameregion-optimistic@v2nb-c200,331,1791052747510590100,446633072,0,Internal error occurred: failed to generate token: while signing jwt: rpc error: code = Unavailable desc = token signing failed: threshold not met
T-sameregion-optimistic@v2nb-c200,360,1791052747539941518,419776136,0,Internal error occurred: failed to generate token: while signing jwt: rpc error: code = Unavailable desc = token signing failed: threshold not met
T-sameregion-optimistic@v2nb-c200,416,1791052747608373812,356887902,0,Internal error occurred: failed to generate token: while signing jwt: rpc error: code = Unavailable desc = token signing failed: threshold not met
T-sameregion-optimistic@v2nb-c200,435,1791052747706884939,261459265,0,Internal error occurred: failed to generate token: while signing jwt: rpc error: code = Unavailable desc = token signing failed: threshold not met
T-sameregion-optimistic@v2nb-c200,474,1791052747746997553,222659012,0,Internal error occurred: failed to generate token: while signing jwt: rpc error: code = Unavailable desc = token signing failed: threshold not met
T-sameregion-optimistic@v2nb-c200,426,1791052747705094847,264561683,0,Internal error occurred: failed to generate token: while signing jwt: rpc error: code = Unavailable desc = token signing failed: threshold not met
T-sameregion-optimistic@v2nb-c200,482,1791052747761500069,209133143,0,Internal error occurred: failed to generate token: while signing jwt: rpc error: code = Unavailable desc = token signing failed: threshold not met
T-sameregion-optimistic@v2nb-c200,422,1791052747628498717,342503851,0,Internal error occurred: failed to generate token: while signing jwt: rpc error: code = Unavailable desc = token signing failed: threshold not met
T-sameregion-optimistic@v2nb-c200,427,1791052747705193436,265860332,0,Internal error occurred: failed to generate token: while signing jwt: rpc error: code = Unavailable desc = token signing failed: threshold not met
T-sameregion-optimistic@v2nb-c200,437,1791052747719107849,252017852,0,Internal error occurred: failed to generate token: while signing jwt: rpc error: code = Unavailable desc = token signing failed: threshold not met
T-sameregion-optimistic@v2nb-c200,438,1791052747720965449,250165891,0,Internal error occurred: failed to generate token: while signing jwt: rpc error: code = Unavailable desc = token signing failed: threshold not met
T-sameregion-optimistic@v2nb-c200,460,1791052747736036731,235140548,0,Internal error occurred: failed to generate token: while signing jwt: rpc error: code = Unavailable desc = token signing failed: threshold not met
T-sameregion-optimistic@v2nb-c200,445,1791052747725743851,248096665,0,Internal error occurred: failed to generate token: while signing jwt: rpc error: code = Unavailable desc = token signing failed: threshold not met
T-sameregion-optimistic@v2nb-c200,487,1791052747765309294,208812931,0,Internal error occurred: failed to generate token: while signing jwt: rpc error: code = Unavailable desc = token signing failed: threshold not met
T-sameregion-optimistic@v2nb-c200,468,1791052747738058794,236072448,0,Internal error occurred: failed to generate token: while signing jwt: rpc error: code = Unavailable desc = token signing failed: threshold not met
T-sameregion-optimistic@v2nb-c200,471,1791052747743072365,231225290,0,Internal error occurred: failed to generate token: while signing jwt: rpc error: code = Unavailable desc = token signing failed: threshold not met
T-sameregion-optimistic@v2nb-c200,488,1791052747767918659,206923614,0,Internal error occurred: failed to generate token: while signing jwt: rpc error: code = Unavailable desc = token signing failed: threshold not met
T-sameregion-optimistic@v2nb-c200,498,1791052747786740911,188247098,0,Internal error occurred: failed to generate token: while signing jwt: rpc error: code = Unavailable desc = token signing failed: threshold not met
T-sameregion-optimistic@v2nb-c200,359,1791052747539675446,435314872,0,Internal error occurred: failed to generate token: while signing jwt: rpc error: code = Unavailable desc = token signing failed: threshold not met
T-sameregion-optimistic@v2nb-c200,477,1791052747750033070,226443170,0,Internal error occurred: failed to generate token: while signing jwt: rpc error: code = Unavailable desc = token signing failed: threshold not met
T-sameregion-optimistic@v2nb-c200,475,1791052747748102957,228545365,0,Internal error occurred: failed to generate token: while signing jwt: rpc error: code = Unavailable desc = token signing failed: threshold not met
T-sameregion-optimistic@v2nb-c200,452,1791052747733462906,247139438,0,Internal error occurred: failed to generate token: while signing jwt: rpc error: code = Unavailable desc = token signing failed: threshold not met
T-sameregion-optimistic@v2nb-c200,398,1791052747576599644,405595159,0,Internal error occurred: failed to generate token: while signing jwt: rpc error: code = Unavailable desc = token signing failed: threshold not met
T-sameregion-optimistic@v2nb-c200,446,1791052747725786881,256407927,0,Internal error occurred: failed to generate token: while signing jwt: rpc error: code = Unavailable desc = token signing failed: threshold not met
T-sameregion-optimistic@v2nb-c200,458,1791052747735631138,247079467,0,Internal error occurred: failed to generate token: while signing jwt: rpc error: code = Unavailable desc = token signing failed: threshold not met
T-sameregion-optimistic@v2nb-c200,408,1791052747591630942,391141018,0,Internal error occurred: failed to generate token: while signing jwt: rpc error: code = Unavailable desc = token signing failed: threshold not met
T-sameregion-optimistic@v2nb-c200,396,1791052747576469651,406412639,0,Internal error occurred: failed to generate token: while signing jwt: rpc error: code = Unavailable desc = token signing failed: threshold not met
T-sameregion-optimistic@v2nb-c200,462,1791052747736869097,246014864,0,Internal error occurred: failed to generate token: while signing jwt: rpc error: code = Unavailable desc = token signing failed: threshold not met
T-sameregion-optimistic@v2nb-c200,439,1791052747721468016,261493160,0,Internal error occurred: failed to generate token: while signing jwt: rpc error: code = Unavailable desc = token signing failed: threshold not met
T-sameregion-optimistic@v2nb-c200,480,1791052747756230191,226812781,0,Internal error occurred: failed to generate token: while signing jwt: rpc error: code = Unavailable desc = token signing failed: threshold not met
T-sameregion-optimistic@v2nb-c200,366,1791052747544493066,443146091,0,Internal error occurred: failed to generate token: while signing jwt: rpc error: code = Unavailable desc = token signing failed: threshold not met
T-sameregion-optimistic@v2nb-c200,421,1791052747628406972,359264635,0,Internal error occurred: failed to generate token: while signing jwt: rpc error: code = Unavailable desc = token signing failed: threshold not met
T-sameregion-optimistic@v2nb-c200,420,1791052747628229074,359625103,0,Internal error occurred: failed to generate token: while signing jwt: rpc error: code = Unavailable desc = token signing failed: threshold not met
T-sameregion-optimistic@v2nb-c200,425,1791052747705034208,282834875,0,Internal error occurred: failed to generate token: while signing jwt: rpc error: code = Unavailable desc = token signing failed: threshold not met
T-sameregion-optimistic@v2nb-c200,431,1791052747705537790,284287974,0,Internal error occurred: failed to generate token: while signing jwt: rpc error: code = Unavailable desc = token signing failed: threshold not met
T-sameregion-optimistic@v2nb-c200,483,1791052747762311568,227514191,0,Internal error occurred: failed to generate token: while signing jwt: rpc error: code = Unavailable desc = token signing failed: threshold not met
T-sameregion-optimistic@v2nb-c200,428,1791052747705276711,284714118,0,Internal error occurred: failed to generate token: while signing jwt: rpc error: code = Unavailable desc = token signing failed: threshold not met
T-sameregion-optimistic@v2nb-c200,403,1791052747580807167,409292738,0,Internal error occurred: failed to generate token: while signing jwt: rpc error: code = Unavailable desc = token signing failed: threshold not met
T-sameregion-optimistic@v2nb-c200,371,1791052747545780232,444346221,0,Internal error occurred: failed to generate token: while signing jwt: rpc error: code = Unavailable desc = token signing failed: threshold not met
T-sameregion-optimistic@v2nb-c200,484,1791052747762863071,227323692,0,Internal error occurred: failed to generate token: while signing jwt: rpc error: code = Unavailable desc = token signing failed: threshold not met
T-sameregion-optimistic@v2nb-c200,489,1791052747770951866,219307174,0,Internal error occurred: failed to generate token: while signing jwt: rpc error: code = Unavailable desc = token signing failed: threshold not met
T-sameregion-optimistic@v2nb-c200,485,1791052747762863073,227422724,0,Internal error occurred: failed to generate token: while signing jwt: rpc error: code = Unavailable desc = token signing failed: threshold not met
T-sameregion-optimistic@v2nb-c200,443,1791052747724744382,265598649,0,Internal error occurred: failed to generate token: while signing jwt: rpc error: code = Unavailable desc = token signing failed: threshold not met
T-sameregion-optimistic@v2nb-c200,429,1791052747705295159,285092154,0,Internal error occurred: failed to generate token: while signing jwt: rpc error: code = Unavailable desc = token signing failed: threshold not met
T-sameregion-optimistic@v2nb-c200,479,1791052747755548466,234888739,0,Internal error occurred: failed to generate token: while signing jwt: rpc error: code = Unavailable desc = token signing failed: threshold not met
T-sameregion-optimistic@v2nb-c200,355,1791052747539352199,451165726,0,Internal error occurred: failed to generate token: while signing jwt: rpc error: code = Unavailable desc = token signing failed: threshold not met
T-sameregion-optimistic@v2nb-c200,349,1791052747533896898,456644815,0,Internal error occurred: failed to generate token: while signing jwt: rpc error: code = Unavailable desc = token signing failed: threshold not met
T-sameregion-optimistic@v2nb-c200,413,1791052747606936760,383696072,0,Internal error occurred: failed to generate token: while signing jwt: rpc error: code = Unavailable desc = token signing failed: threshold not met
T-sameregion-optimistic@v2nb-c200,459,1791052747735754789,254887316,0,Internal error occurred: failed to generate token: while signing jwt: rpc error: code = Unavailable desc = token signing failed: threshold not met
T-sameregion-optimistic@v2nb-c200,467,1791052747738029192,252676945,0,Internal error occurred: failed to generate token: while signing jwt: rpc error: code = Unavailable desc = token signing failed: threshold not met
T-sameregion-optimistic@v2nb-c200,447,1791052747725935014,264801567,0,Internal error occurred: failed to generate token: while signing jwt: rpc error: code = Unavailable desc = token signing failed: threshold not met
T-sameregion-optimistic@v2nb-c200,442,1791052747723791546,266994414,0,Internal error occurred: failed to generate token: while signing jwt: rpc error: code = Unavailable desc = token signing failed: threshold not met
T-sameregion-optimistic@v2nb-c200,393,1791052747566456632,424341412,0,Internal error occurred: failed to generate token: while signing jwt: rpc error: code = Unavailable desc = token signing failed: threshold not met
T-sameregion-optimistic@v2nb-c200,469,1791052747738129356,252708019,0,Internal error occurred: failed to generate token: while signing jwt: rpc error: code = Unavailable desc = token signing failed: threshold not met
T-sameregion-optimistic@v2nb-c200,390,1791052747566204995,424744266,0,Internal error occurred: failed to generate token: while signing jwt: rpc error: code = Unavailable desc = token signing failed: threshold not met
T-sameregion-optimistic@v2nb-c200,432,1791052747706620288,284401740,0,Internal error occurred: failed to generate token: while signing jwt: rpc error: code = Unavailable desc = token signing failed: threshold not met
T-sameregion-optimistic@v2nb-c200,494,1791052747786382505,205108761,0,Internal error occurred: failed to generate token: while signing jwt: rpc error: code = Unavailable desc = token signing failed: threshold not met
T-sameregion-optimistic@v2nb-c200,441,1791052747723284808,284089296,0,Internal error occurred: failed to generate token: while signing jwt: rpc error: code = Unavailable desc = token signing failed: threshold not met
T-sameregion-optimistic@v2nb-c200,430,1791052747705417649,301968968,0,Internal error occurred: failed to generate token: while signing jwt: rpc error: code = Unavailable desc = token signing failed: threshold not met
T-sameregion-optimistic@v2nb-c200,456,1791052747735086082,272758788,0,Internal error occurred: failed to generate token: while signing jwt: rpc error: code = Unavailable desc = token signing failed: threshold not met
T-sameregion-optimistic@v2nb-c200,463,1791052747737189521,272196246,0,Internal error occurred: failed to generate token: while signing jwt: rpc error: code = Unavailable desc = token signing failed: threshold not met
T-sameregion-optimistic@v2nb-c200,465,1791052747737721912,271692301,0,Internal error occurred: failed to generate token: while signing jwt: rpc error: code = Unavailable desc = token signing failed: threshold not met
T-sameregion-optimistic@v2nb-c200,434,1791052747706792903,305170992,0,Internal error occurred: failed to generate token: while signing jwt: rpc error: code = Unavailable desc = token signing failed: threshold not met
T-sameregion-optimistic@v2nb-c200,495,1791052747786373711,227980551,0,Internal error occurred: failed to generate token: while signing jwt: rpc error: code = Unavailable desc = token signing failed: threshold not met
T-sameregion-optimistic@v2nb-c200,377,1791052747552803903,461935250,0,Internal error occurred: failed to generate token: while signing jwt: rpc error: code = Unavailable desc = token signing failed: threshold not met
T-sameregion-optimistic@v2nb-c200,453,1791052747734156972,283174827,0,Internal error occurred: failed to generate token: while signing jwt: rpc error: code = Unavailable desc = token signing failed: threshold not met
T-sameregion-optimistic@v2nb-c200,478,1791052747750979818,269106654,0,Internal error occurred: failed to generate token: while signing jwt: rpc error: code = Unavailable desc = token signing failed: threshold not met
T-sameregion-optimistic@v2nb-c200,472,1791052747744540719,276011528,0,Internal error occurred: failed to generate token: while signing jwt: rpc error: code = Unavailable desc = token signing failed: threshold not met
T-sameregion-optimistic@v2nb-c200,481,1791052747759253713,261308967,0,Internal error occurred: failed to generate token: while signing jwt: rpc error: code = Unavailable desc = token signing failed: threshold not met
T-sameregion-optimistic@v2nb-c200,461,1791052747736600833,284120751,0,Internal error occurred: failed to generate token: while signing jwt: rpc error: code = Unavailable desc = token signing failed: threshold not met
T-sameregion-optimistic@v2nb-c200,436,1791052747713610053,307131775,0,Internal error occurred: failed to generate token: while signing jwt: rpc error: code = Unavailable desc = token signing failed: threshold not met
T-sameregion-optimistic@v2nb-c200,362,1791052747543837245,476990281,0,Internal error occurred: failed to generate token: while signing jwt: rpc error: code = Unavailable desc = token signing failed: threshold not met
T-sameregion-optimistic@v2nb-c200,476,1791052747748227344,272801694,0,Internal error occurred: failed to generate token: while signing jwt: rpc error: code = Unavailable desc = token signing failed: threshold not met
T-sameregion-optimistic@v2nb-c200,510,1791052747787585222,245287602,0,Internal error occurred: failed to generate token: while signing jwt: rpc error: code = Unavailable desc = token signing failed: threshold not met
T-sameregion-optimistic@v2nb-c200,492,1791052747772519179,260358366,0,Internal error occurred: failed to generate token: while signing jwt: rpc error: code = Unavailable desc = token signing failed: threshold not met
T-sameregion-optimistic@v2nb-c200,514,1791052747787879460,245075252,0,Internal error occurred: failed to generate token: while signing jwt: rpc error: code = Unavailable desc = token signing failed: threshold not met
T-sameregion-optimistic@v2nb-c200,496,1791052747786455513,246625676,0,Internal error occurred: failed to generate token: while signing jwt: rpc error: code = Unavailable desc = token signing failed: threshold not met
T-sameregion-optimistic@v2nb-c200,500,1791052747786892388,246362042,0,Internal error occurred: failed to generate token: while signing jwt: rpc error: code = Unavailable desc = token signing failed: threshold not met
T-sameregion-optimistic@v2nb-c200,504,1791052747787208614,246157941,0,Internal error occurred: failed to generate token: while signing jwt: rpc error: code = Unavailable desc = token signing failed: threshold not met
T-sameregion-optimistic@v2nb-c200,517,1791052747816512731,224001226,0,Internal error occurred: failed to generate token: while signing jwt: rpc error: code = Unavailable desc = token signing failed: threshold not met
T-sameregion-optimistic@v2nb-c200,491,1791052747772438580,268075336,0,Internal error occurred: failed to generate token: while signing jwt: rpc error: code = Unavailable desc = token signing failed: threshold not met
T-sameregion-optimistic@v2nb-c200,518,1791052747816614373,223965101,0,Internal error occurred: failed to generate token: while signing jwt: rpc error: code = Unavailable desc = token signing failed: threshold not met
T-sameregion-optimistic@v2nb-c200,519,1791052747816637360,224072389,0,Internal error occurred: failed to generate token: while signing jwt: rpc error: code = Unavailable desc = token signing failed: threshold not met
T-sameregion-optimistic@v2nb-c200,513,1791052747787776066,253012103,0,Internal error occurred: failed to generate token: while signing jwt: rpc error: code = Unavailable desc = token signing failed: threshold not met
T-sameregion-optimistic@v2nb-c200,512,1791052747787744190,256521859,0,Internal error occurred: failed to generate token: while signing jwt: rpc error: code = Unavailable desc = token signing failed: threshold not met
T-sameregion-optimistic@v2nb-c200,10,1791052747041430335,1003018645,1,
T-sameregion-optimistic@v2nb-c200,509,1791052747787513140,261481383,0,Internal error occurred: failed to generate token: while signing jwt: rpc error: code = Unavailable desc = token signing failed: threshold not met
T-sameregion-optimistic@v2nb-c200,543,1791052747949738707,101874436,0,Internal error occurred: failed to generate token: while signing jwt: rpc error: code = Unavailable desc = token signing failed: threshold not met
T-sameregion-optimistic@v2nb-c200,502,1791052747787064124,267385975,0,Internal error occurred: failed to generate token: while signing jwt: rpc error: code = Unavailable desc = token signing failed: threshold not met
T-sameregion-optimistic@v2nb-c200,538,1791052747949103599,114572752,0,Internal error occurred: failed to generate token: while signing jwt: rpc error: code = Unavailable desc = token signing failed: threshold not met
T-sameregion-optimistic@v2nb-c200,501,1791052747787003277,276673038,0,Internal error occurred: failed to generate token: while signing jwt: rpc error: code = Unavailable desc = token signing failed: threshold not met
T-sameregion-optimistic@v2nb-c200,542,1791052747949711717,115162952,0,Internal error occurred: failed to generate token: while signing jwt: rpc error: code = Unavailable desc = token signing failed: threshold not met
T-sameregion-optimistic@v2nb-c200,507,1791052747787424143,278278527,0,Internal error occurred: failed to generate token: while signing jwt: rpc error: code = Unavailable desc = token signing failed: threshold not met
T-sameregion-optimistic@v2nb-c200,530,1791052747919661153,148138826,0,Internal error occurred: failed to generate token: while signing jwt: rpc error: code = Unavailable desc = token signing failed: threshold not met
T-sameregion-optimistic@v2nb-c200,545,1791052747949842846,117961319,0,Internal error occurred: failed to generate token: while signing jwt: rpc error: code = Unavailable desc = token signing failed: threshold not met
T-sameregion-optimistic@v2nb-c200,529,1791052747918289941,151776576,0,Internal error occurred: failed to generate token: while signing jwt: rpc error: code = Unavailable desc = token signing failed: threshold not met
T-sameregion-optimistic@v2nb-c200,551,1791052747951645410,118742512,0,Internal error occurred: failed to generate token: while signing jwt: rpc error: code = Unavailable desc = token signing failed: threshold not met
T-sameregion-optimistic@v2nb-c200,499,1791052747786858062,284215323,0,Internal error occurred: failed to generate token: while signing jwt: rpc error: code = Unavailable desc = token signing failed: threshold not met
T-sameregion-optimistic@v2nb-c200,539,1791052747949136677,123974769,0,Internal error occurred: failed to generate token: while signing jwt: rpc error: code = Unavailable desc = token signing failed: threshold not met
T-sameregion-optimistic@v2nb-c200,490,1791052747772438694,300678121,0,Internal error occurred: failed to generate token: while signing jwt: rpc error: code = Unavailable desc = token signing failed: threshold not met
T-sameregion-optimistic@v2nb-c200,560,1791052747956589693,117249333,0,Internal error occurred: failed to generate token: while signing jwt: rpc error: code = Unavailable desc = token signing failed: threshold not met
T-sameregion-optimistic@v2nb-c200,526,1791052747912610668,165027019,0,Internal error occurred: failed to generate token: while signing jwt: rpc error: code = Unavailable desc = token signing failed: threshold not met
T-sameregion-optimistic@v2nb-c200,571,1791052747969661864,108222160,0,Internal error occurred: failed to generate token: while signing jwt: rpc error: code = Unavailable desc = token signing failed: threshold not met
T-sameregion-optimistic@v2nb-c200,582,1791052747974300211,105104500,0,Internal error occurred: failed to generate token: while signing jwt: rpc error: code = Unavailable desc = token signing failed: threshold not met
T-sameregion-optimistic@v2nb-c200,505,1791052747787240748,292365375,0,Internal error occurred: failed to generate token: while signing jwt: rpc error: code = Unavailable desc = token signing failed: threshold not met
T-sameregion-optimistic@v2nb-c200,493,1791052747783144472,296561819,0,Internal error occurred: failed to generate token: while signing jwt: rpc error: code = Unavailable desc = token signing failed: threshold not met
T-sameregion-optimistic@v2nb-c200,564,1791052747957076576,122654924,0,Internal error occurred: failed to generate token: while signing jwt: rpc error: code = Unavailable desc = token signing failed: threshold not met
T-sameregion-optimistic@v2nb-c200,581,1791052747974133979,105654675,0,Internal error occurred: failed to generate token: while signing jwt: rpc error: code = Unavailable desc = token signing failed: threshold not met
T-sameregion-optimistic@v2nb-c200,116,1791052747045145963,1085382801,1,
T-sameregion-optimistic@v2nb-c200,506,1791052747787325183,362939394,0,Internal error occurred: failed to generate token: while signing jwt: rpc error: code = Unavailable desc = token signing failed: threshold not met
T-sameregion-optimistic@v2nb-c200,503,1791052747787152952,363295413,0,Internal error occurred: failed to generate token: while signing jwt: rpc error: code = Unavailable desc = token signing failed: threshold not met
T-sameregion-optimistic@v2nb-c200,527,1791052747912722423,237910346,0,Internal error occurred: failed to generate token: while signing jwt: rpc error: code = Unavailable desc = token signing failed: threshold not met
T-sameregion-optimistic@v2nb-c200,515,1791052747787881238,365643104,0,Internal error occurred: failed to generate token: while signing jwt: rpc error: code = Unavailable desc = token signing failed: threshold not met
T-sameregion-optimistic@v2nb-c200,626,1791052748007848816,148118976,0,Internal error occurred: failed to generate token: while signing jwt: rpc error: code = Unavailable desc = token signing failed: threshold not met
T-sameregion-optimistic@v2nb-c200,580,1791052747974127520,183993918,0,Internal error occurred: failed to generate token: while signing jwt: rpc error: code = Unavailable desc = token signing failed: threshold not met
T-sameregion-optimistic@v2nb-c200,614,1791052747990635195,167614448,0,Internal error occurred: failed to generate token: while signing jwt: rpc error: code = Unavailable desc = token signing failed: threshold not met
T-sameregion-optimistic@v2nb-c200,587,1791052747976651761,181675338,0,Internal error occurred: failed to generate token: while signing jwt: rpc error: code = Unavailable desc = token signing failed: threshold not met
T-sameregion-optimistic@v2nb-c200,537,1791052747948413068,209989348,0,Internal error occurred: failed to generate token: while signing jwt: rpc error: code = Unavailable desc = token signing failed: threshold not met
T-sameregion-optimistic@v2nb-c200,573,1791052747970638123,187830201,0,Internal error occurred: failed to generate token: while signing jwt: rpc error: code = Unavailable desc = token signing failed: threshold not met
T-sameregion-optimistic@v2nb-c200,577,1791052747971133483,187395476,0,Internal error occurred: failed to generate token: while signing jwt: rpc error: code = Unavailable desc = token signing failed: threshold not met
T-sameregion-optimistic@v2nb-c200,633,1791052748020091979,138493148,0,Internal error occurred: failed to generate token: while signing jwt: rpc error: code = Unavailable desc = token signing failed: threshold not met
T-sameregion-optimistic@v2nb-c200,634,1791052748020556297,138083340,0,Internal error occurred: failed to generate token: while signing jwt: rpc error: code = Unavailable desc = token signing failed: threshold not met
T-sameregion-optimistic@v2nb-c200,637,1791052748020744194,137952670,0,Internal error occurred: failed to generate token: while signing jwt: rpc error: code = Unavailable desc = token signing failed: threshold not met
T-sameregion-optimistic@v2nb-c200,546,1791052747950557138,208197594,0,Internal error occurred: failed to generate token: while signing jwt: rpc error: code = Unavailable desc = token signing failed: threshold not met
T-sameregion-optimistic@v2nb-c200,547,1791052747951332199,207564550,0,Internal error occurred: failed to generate token: while signing jwt: rpc error: code = Unavailable desc = token signing failed: threshold not met
T-sameregion-optimistic@v2nb-c200,523,1791052747908716488,250286369,0,Internal error occurred: failed to generate token: while signing jwt: rpc error: code = Unavailable desc = token signing failed: threshold not met
T-sameregion-optimistic@v2nb-c200,524,1791052747908784452,250282528,0,Internal error occurred: failed to generate token: while signing jwt: rpc error: code = Unavailable desc = token signing failed: threshold not met
T-sameregion-optimistic@v2nb-c200,565,1791052747957096160,202098096,0,Internal error occurred: failed to generate token: while signing jwt: rpc error: code = Unavailable desc = token signing failed: threshold not met
T-sameregion-optimistic@v2nb-c200,567,1791052747957225569,202325150,0,Internal error occurred: failed to generate token: while signing jwt: rpc error: code = Unavailable desc = token signing failed: threshold not met
T-sameregion-optimistic@v2nb-c200,569,1791052747965266608,194468381,0,Internal error occurred: failed to generate token: while signing jwt: rpc error: code = Unavailable desc = token signing failed: threshold not met
T-sameregion-optimistic@v2nb-c200,451,1791052747733206291,426613477,0,Internal error occurred: failed to generate token: while signing jwt: rpc error: code = Unavailable desc = token signing failed: threshold not met
T-sameregion-optimistic@v2nb-c200,648,1791052748040581273,119506262,0,Internal error occurred: failed to generate token: while signing jwt: rpc error: code = Unavailable desc = token signing failed: threshold not met
T-sameregion-optimistic@v2nb-c200,589,1791052747982200668,178059205,0,Internal error occurred: failed to generate token: while signing jwt: rpc error: code = Unavailable desc = token signing failed: threshold not met
T-sameregion-optimistic@v2nb-c200,576,1791052747971127605,189268338,0,Internal error occurred: failed to generate token: while signing jwt: rpc error: code = Unavailable desc = token signing failed: threshold not met
T-sameregion-optimistic@v2nb-c200,605,1791052747990128848,170271190,0,Internal error occurred: failed to generate token: while signing jwt: rpc error: code = Unavailable desc = token signing failed: threshold not met
T-sameregion-optimistic@v2nb-c200,635,1791052748020564842,139909156,0,Internal error occurred: failed to generate token: while signing jwt: rpc error: code = Unavailable desc = token signing failed: threshold not met
T-sameregion-optimistic@v2nb-c200,554,1791052747955240420,205307636,0,Internal error occurred: failed to generate token: while signing jwt: rpc error: code = Unavailable desc = token signing failed: threshold not met
T-sameregion-optimistic@v2nb-c200,541,1791052747949590357,211019229,0,Internal error occurred: failed to generate token: while signing jwt: rpc error: code = Unavailable desc = token signing failed: threshold not met
T-sameregion-optimistic@v2nb-c200,486,1791052747763804981,396821434,0,Internal error occurred: failed to generate token: while signing jwt: rpc error: code = Unavailable desc = token signing failed: threshold not met
T-sameregion-optimistic@v2nb-c200,557,1791052747956444194,204326450,0,Internal error occurred: failed to generate token: while signing jwt: rpc error: code = Unavailable desc = token signing failed: threshold not met
T-sameregion-optimistic@v2nb-c200,508,1791052747787508420,375679245,0,Internal error occurred: failed to generate token: while signing jwt: rpc error: code = Unavailable desc = token signing failed: threshold not met
T-sameregion-optimistic@v2nb-c200,559,1791052747956588033,207236838,0,Internal error occurred: failed to generate token: while signing jwt: rpc error: code = Unavailable desc = token signing failed: threshold not met
T-sameregion-optimistic@v2nb-c200,553,1791052747952407299,211515742,0,Internal error occurred: failed to generate token: while signing jwt: rpc error: code = Unavailable desc = token signing failed: threshold not met
T-sameregion-optimistic@v2nb-c200,558,1791052747956465465,209815874,0,Internal error occurred: failed to generate token: while signing jwt: rpc error: code = Unavailable desc = token signing failed: threshold not met
T-sameregion-optimistic@v2nb-c200,566,1791052747957192516,211144608,0,Internal error occurred: failed to generate token: while signing jwt: rpc error: code = Unavailable desc = token signing failed: threshold not met
T-sameregion-optimistic@v2nb-c200,528,1791052747914275007,257023770,0,Internal error occurred: failed to generate token: while signing jwt: rpc error: code = Unavailable desc = token signing failed: threshold not met
T-sameregion-optimistic@v2nb-c200,664,1791052748071077286,100910461,0,Internal error occurred: failed to generate token: while signing jwt: rpc error: code = Unavailable desc = token signing failed: threshold not met
T-sameregion-optimistic@v2nb-c200,592,1791052747982774868,189212910,0,Internal error occurred: failed to generate token: while signing jwt: rpc error: code = Unavailable desc = token signing failed: threshold not met
T-sameregion-optimistic@v2nb-c200,525,1791052747912583506,261867652,0,Internal error occurred: failed to generate token: while signing jwt: rpc error: code = Unavailable desc = token signing failed: threshold not met
T-sameregion-optimistic@v2nb-c200,570,1791052747968349678,206111456,0,Internal error occurred: failed to generate token: while signing jwt: rpc error: code = Unavailable desc = token signing failed: threshold not met
T-sameregion-optimistic@v2nb-c200,658,1791052748064881123,110290676,0,Internal error occurred: failed to generate token: while signing jwt: rpc error: code = Unavailable desc = token signing failed: threshold not met
T-sameregion-optimistic@v2nb-c200,636,1791052748020723780,154500159,0,Internal error occurred: failed to generate token: while signing jwt: rpc error: code = Unavailable desc = token signing failed: threshold not met
T-sameregion-optimistic@v2nb-c200,655,1791052748054455924,120839602,0,Internal error occurred: failed to generate token: while signing jwt: rpc error: code = Unavailable desc = token signing failed: threshold not met
T-sameregion-optimistic@v2nb-c200,645,1791052748033368961,141950397,0,Internal error occurred: failed to generate token: while signing jwt: rpc error: code = Unavailable desc = token signing failed: threshold not met
T-sameregion-optimistic@v2nb-c200,575,1791052747971056709,206354060,0,Internal error occurred: failed to generate token: while signing jwt: rpc error: code = Unavailable desc = token signing failed: threshold not met
T-sameregion-optimistic@v2nb-c200,549,1791052747951515995,227440163,0,Internal error occurred: failed to generate token: while signing jwt: rpc error: code = Unavailable desc = token signing failed: threshold not met
T-sameregion-optimistic@v2nb-c200,574,1791052747971006655,208807582,0,Internal error occurred: failed to generate token: while signing jwt: rpc error: code = Unavailable desc = token signing failed: threshold not met
T-sameregion-optimistic@v2nb-c200,579,1791052747973845870,206560687,0,Internal error occurred: failed to generate token: while signing jwt: rpc error: code = Unavailable desc = token signing failed: threshold not met
T-sameregion-optimistic@v2nb-c200,652,1791052748044451931,139240776,0,Internal error occurred: failed to generate token: while signing jwt: rpc error: code = Unavailable desc = token signing failed: threshold not met
T-sameregion-optimistic@v2nb-c200,653,1791052748049000672,135418192,0,Internal error occurred: failed to generate token: while signing jwt: rpc error: code = Unavailable desc = token signing failed: threshold not met
T-sameregion-optimistic@v2nb-c200,646,1791052748040519459,144791109,0,Internal error occurred: failed to generate token: while signing jwt: rpc error: code = Unavailable desc = token signing failed: threshold not met
T-sameregion-optimistic@v2nb-c200,590,1791052747982200666,224166660,0,Internal error occurred: failed to generate token: while signing jwt: rpc error: code = Unavailable desc = token signing failed: threshold not met
T-sameregion-optimistic@v2nb-c200,561,1791052747956651244,249718996,0,Internal error occurred: failed to generate token: while signing jwt: rpc error: code = Unavailable desc = token signing failed: threshold not met
T-sameregion-optimistic@v2nb-c200,522,1791052747908674264,298194547,0,Internal error occurred: failed to generate token: while signing jwt: rpc error: code = Unavailable desc = token signing failed: threshold not met
T-sameregion-optimistic@v2nb-c200,532,1791052747944287057,262639131,0,Internal error occurred: failed to generate token: while signing jwt: rpc error: code = Unavailable desc = token signing failed: threshold not met
T-sameregion-optimistic@v2nb-c200,544,1791052747949839016,257143928,0,Internal error occurred: failed to generate token: while signing jwt: rpc error: code = Unavailable desc = token signing failed: threshold not met
T-sameregion-optimistic@v2nb-c200,470,1791052747738457695,469018008,0,Internal error occurred: failed to generate token: while signing jwt: rpc error: code = Unavailable desc = token signing failed: threshold not met
T-sameregion-optimistic@v2nb-c200,643,1791052748033083353,176903310,0,Internal error occurred: failed to generate token: while signing jwt: rpc error: code = Unavailable desc = token signing failed: threshold not met
T-sameregion-optimistic@v2nb-c200,6,1791052747041345604,1187726974,1,
T-sameregion-optimistic@v2nb-c200,684,1791052748158403815,91160167,0,Internal error occurred: failed to generate token: while signing jwt: rpc error: code = Unavailable desc = token signing failed: threshold not met
T-sameregion-optimistic@v2nb-c200,563,1791052747956855481,292708445,0,Internal error occurred: failed to generate token: while signing jwt: rpc error: code = Unavailable desc = token signing failed: threshold not met
T-sameregion-optimistic@v2nb-c200,712,1791052748171303280,78515260,0,Internal error occurred: failed to generate token: while signing jwt: rpc error: code = Unavailable desc = token signing failed: threshold not met
T-sameregion-optimistic@v2nb-c200,669,1791052748078181710,171876439,0,Internal error occurred: failed to generate token: while signing jwt: rpc error: code = Unavailable desc = token signing failed: threshold not met
T-sameregion-optimistic@v2nb-c200,668,1791052748077644536,172919821,0,Internal error occurred: failed to generate token: while signing jwt: rpc error: code = Unavailable desc = token signing failed: threshold not met
T-sameregion-optimistic@v2nb-c200,611,1791052747990439189,263735864,0,Internal error occurred: failed to generate token: while signing jwt: rpc error: code = Unavailable desc = token signing failed: threshold not met
T-sameregion-optimistic@v2nb-c200,625,1791052748007389859,246844953,0,Internal error occurred: failed to generate token: while signing jwt: rpc error: code = Unavailable desc = token signing failed: threshold not met
T-sameregion-optimistic@v2nb-c200,601,1791052747989830093,266257235,0,Internal error occurred: failed to generate token: while signing jwt: rpc error: code = Unavailable desc = token signing failed: threshold not met
T-sameregion-optimistic@v2nb-c200,641,1791052748032880172,223381991,0,Internal error occurred: failed to generate token: while signing jwt: rpc error: code = Unavailable desc = token signing failed: threshold not met
T-sameregion-optimistic@v2nb-c200,602,1791052747989829938,267242858,0,Internal error occurred: failed to generate token: while signing jwt: rpc error: code = Unavailable desc = token signing failed: threshold not met
T-sameregion-optimistic@v2nb-c200,608,1791052747990287448,267089678,0,Internal error occurred: failed to generate token: while signing jwt: rpc error: code = Unavailable desc = token signing failed: threshold not met
T-sameregion-optimistic@v2nb-c200,639,1791052748021032209,237257487,0,Internal error occurred: failed to generate token: while signing jwt: rpc error: code = Unavailable desc = token signing failed: threshold not met
T-sameregion-optimistic@v2nb-c200,656,1791052748063682738,196017444,0,Internal error occurred: failed to generate token: while signing jwt: rpc error: code = Unavailable desc = token signing failed: threshold not met
T-sameregion-optimistic@v2nb-c200,663,1791052748070391960,192130910,0,Internal error occurred: failed to generate token: while signing jwt: rpc error: code = Unavailable desc = token signing failed: threshold not met
T-sameregion-optimistic@v2nb-c200,642,1791052748032956630,229566209,0,Internal error occurred: failed to generate token: while signing jwt: rpc error: code = Unavailable desc = token signing failed: threshold not met
T-sameregion-optimistic@v2nb-c200,650,1791052748040789975,222250186,0,Internal error occurred: failed to generate token: while signing jwt: rpc error: code = Unavailable desc = token signing failed: threshold not met
T-sameregion-optimistic@v2nb-c200,662,1791052748070072038,193414105,0,Internal error occurred: failed to generate token: while signing jwt: rpc error: code = Unavailable desc = token signing failed: threshold not met
T-sameregion-optimistic@v2nb-c200,707,1791052748163192399,102812980,0,Internal error occurred: failed to generate token: while signing jwt: rpc error: code = Unavailable desc = token signing failed: threshold not met
T-sameregion-optimistic@v2nb-c200,699,1791052748160263004,106250143,0,Internal error occurred: failed to generate token: while signing jwt: rpc error: code = Unavailable desc = token signing failed: threshold not met
T-sameregion-optimistic@v2nb-c200,726,1791052748184423079,84447815,0,Internal error occurred: failed to generate token: while signing jwt: rpc error: code = Unavailable desc = token signing failed: threshold not met
T-sameregion-optimistic@v2nb-c200,615,1791052747990644037,278410310,0,Internal error occurred: failed to generate token: while signing jwt: rpc error: code = Unavailable desc = token signing failed: threshold not met
T-sameregion-optimistic@v2nb-c200,607,1791052747990261296,281818072,0,Internal error occurred: failed to generate token: while signing jwt: rpc error: code = Unavailable desc = token signing failed: threshold not met
T-sameregion-optimistic@v2nb-c200,594,1791052747982886142,289192837,0,Internal error occurred: failed to generate token: while signing jwt: rpc error: code = Unavailable desc = token signing failed: threshold not met
T-sameregion-optimistic@v2nb-c200,680,1791052748155973177,119280909,0,Internal error occurred: failed to generate token: while signing jwt: rpc error: code = Unavailable desc = token signing failed: threshold not met
T-sameregion-optimistic@v2nb-c200,713,1791052748171991437,104468764,0,Internal error occurred: failed to generate token: while signing jwt: rpc error: code = Unavailable desc = token signing failed: threshold not met
T-sameregion-optimistic@v2nb-c200,723,1791052748179817230,96695250,0,Internal error occurred: failed to generate token: while signing jwt: rpc error: code = Unavailable desc = token signing failed: threshold not met
T-sameregion-optimistic@v2nb-c200,687,1791052748158586868,118902209,0,Internal error occurred: failed to generate token: while signing jwt: rpc error: code = Unavailable desc = token signing failed: threshold not met
T-sameregion-optimistic@v2nb-c200,661,1791052748067825989,209680865,0,Internal error occurred: failed to generate token: while signing jwt: rpc error: code = Unavailable desc = token signing failed: threshold not met
T-sameregion-optimistic@v2nb-c200,690,1791052748158756114,118853552,0,Internal error occurred: failed to generate token: while signing jwt: rpc error: code = Unavailable desc = token signing failed: threshold not met
T-sameregion-optimistic@v2nb-c200,596,1791052747983045533,294580522,0,Internal error occurred: failed to generate token: while signing jwt: rpc error: code = Unavailable desc = token signing failed: threshold not met
T-sameregion-optimistic@v2nb-c200,691,1791052748158923549,119612984,0,Internal error occurred: failed to generate token: while signing jwt: rpc error: code = Unavailable desc = token signing failed: threshold not met
T-sameregion-optimistic@v2nb-c200,675,1791052748130535627,148556896,0,Internal error occurred: failed to generate token: while signing jwt: rpc error: code = Unavailable desc = token signing failed: threshold not met
T-sameregion-optimistic@v2nb-c200,698,1791052748160091031,119009330,0,Internal error occurred: failed to generate token: while signing jwt: rpc error: code = Unavailable desc = token signing failed: threshold not met
T-sameregion-optimistic@v2nb-c200,727,1791052748185315728,93929120,0,Internal error occurred: failed to generate token: while signing jwt: rpc error: code = Unavailable desc = token signing failed: threshold not met
T-sameregion-optimistic@v2nb-c200,672,1791052748079708471,199551622,0,Internal error occurred: failed to generate token: while signing jwt: rpc error: code = Unavailable desc = token signing failed: threshold not met
T-sameregion-optimistic@v2nb-c200,673,1791052748079735171,199715030,0,Internal error occurred: failed to generate token: while signing jwt: rpc error: code = Unavailable desc = token signing failed: threshold not met
T-sameregion-optimistic@v2nb-c200,612,1791052747990519911,289029065,0,Internal error occurred: failed to generate token: while signing jwt: rpc error: code = Unavailable desc = token signing failed: threshold not met
T-sameregion-optimistic@v2nb-c200,702,1791052748160477112,121411503,0,Internal error occurred: failed to generate token: while signing jwt: rpc error: code = Unavailable desc = token signing failed: threshold not met
T-sameregion-optimistic@v2nb-c200,676,1791052748150270196,131621278,0,Internal error occurred: failed to generate token: while signing jwt: rpc error: code = Unavailable desc = token signing failed: threshold not met
T-sameregion-optimistic@v2nb-c200,603,1791052747989993313,291953453,0,Internal error occurred: failed to generate token: while signing jwt: rpc error: code = Unavailable desc = token signing failed: threshold not met
T-sameregion-optimistic@v2nb-c200,700,1791052748160398132,121607081,0,Internal error occurred: failed to generate token: while signing jwt: rpc error: code = Unavailable desc = token signing failed: threshold not met
T-sameregion-optimistic@v2nb-c200,721,1791052748177413427,105881779,0,Internal error occurred: failed to generate token: while signing jwt: rpc error: code = Unavailable desc = token signing failed: threshold not met
T-sameregion-optimistic@v2nb-c200,717,1791052748175175657,109294357,0,Internal error occurred: failed to generate token: while signing jwt: rpc error: code = Unavailable desc = token signing failed: threshold not met
T-sameregion-optimistic@v2nb-c200,670,1791052748079408710,205317601,0,Internal error occurred: failed to generate token: while signing jwt: rpc error: code = Unavailable desc = token signing failed: threshold not met
T-sameregion-optimistic@v2nb-c200,666,1791052748073120162,212710060,0,Internal error occurred: failed to generate token: while signing jwt: rpc error: code = Unavailable desc = token signing failed: threshold not met
T-sameregion-optimistic@v2nb-c200,681,1791052748158125646,127743620,0,Internal error occurred: failed to generate token: while signing jwt: rpc error: code = Unavailable desc = token signing failed: threshold not met
T-sameregion-optimistic@v2nb-c200,686,1791052748158530327,130537946,0,Internal error occurred: failed to generate token: while signing jwt: rpc error: code = Unavailable desc = token signing failed: threshold not met
T-sameregion-optimistic@v2nb-c200,679,1791052748153529794,135946406,0,Internal error occurred: failed to generate token: while signing jwt: rpc error: code = Unavailable desc = token signing failed: threshold not met
T-sameregion-optimistic@v2nb-c200,720,1791052748175322006,155610448,0,Internal error occurred: failed to generate token: while signing jwt: rpc error: code = Unavailable desc = token signing failed: threshold not met
T-sameregion-optimistic@v2nb-c200,141,1791052747050223624,1282734283,1,
T-sameregion-optimistic@v2nb-c200,736,1791052748249570682,95497506,0,Internal error occurred: failed to generate token: while signing jwt: rpc error: code = Unavailable desc = token signing failed: threshold not met
T-sameregion-optimistic@v2nb-c200,597,1791052747987643603,357426837,0,Internal error occurred: failed to generate token: while signing jwt: rpc error: code = Unavailable desc = token signing failed: threshold not met
T-sameregion-optimistic@v2nb-c200,733,1791052748207478049,137692056,0,Internal error occurred: failed to generate token: while signing jwt: rpc error: code = Unavailable desc = token signing failed: threshold not met
T-sameregion-optimistic@v2nb-c200,735,1791052748229077335,116988898,0,Internal error occurred: failed to generate token: while signing jwt: rpc error: code = Unavailable desc = token signing failed: threshold not met
T-sameregion-optimistic@v2nb-c200,724,1791052748180409246,169075468,0,Internal error occurred: failed to generate token: while signing jwt: rpc error: code = Unavailable desc = token signing failed: threshold not met
T-sameregion-optimistic@v2nb-c200,737,1791052748249570093,101212962,0,Internal error occurred: failed to generate token: while signing jwt: rpc error: code = Unavailable desc = token signing failed: threshold not met
T-sameregion-optimistic@v2nb-c200,719,1791052748175307152,175495827,0,Internal error occurred: failed to generate token: while signing jwt: rpc error: code = Unavailable desc = token signing failed: threshold not met
T-sameregion-optimistic@v2nb-c200,616,1791052747990707811,360211473,0,Internal error occurred: failed to generate token: while signing jwt: rpc error: code = Unavailable desc = token signing failed: threshold not met
T-sameregion-optimistic@v2nb-c200,678,1791052748150635608,200331420,0,Internal error occurred: failed to generate token: while signing jwt: rpc error: code = Unavailable desc = token signing failed: threshold not met
T-sameregion-optimistic@v2nb-c200,730,1791052748206872343,144167040,0,Internal error occurred: failed to generate token: while signing jwt: rpc error: code = Unavailable desc = token signing failed: threshold not met
T-sameregion-optimistic@v2nb-c200,728,1791052748206373052,144761649,0,Internal error occurred: failed to generate token: while signing jwt: rpc error: code = Unavailable desc = token signing failed: threshold not met
T-sameregion-optimistic@v2nb-c200,725,1791052748183698248,168339836,0,Internal error occurred: failed to generate token: while signing jwt: rpc error: code = Unavailable desc = token signing failed: threshold not met
T-sameregion-optimistic@v2nb-c200,654,1791052748051618762,300436826,0,Internal error occurred: failed to generate token: while signing jwt: rpc error: code = Unavailable desc = token signing failed: threshold not met
T-sameregion-optimistic@v2nb-c200,609,1791052747990346117,361989323,0,Internal error occurred: failed to generate token: while signing jwt: rpc error: code = Unavailable desc = token signing failed: threshold not met
T-sameregion-optimistic@v2nb-c200,722,1791052748178962156,173396143,0,Internal error occurred: failed to generate token: while signing jwt: rpc error: code = Unavailable desc = token signing failed: threshold not met
T-sameregion-optimistic@v2nb-c200,714,1791052748171991399,180505890,0,Internal error occurred: failed to generate token: while signing jwt: rpc error: code = Unavailable desc = token signing failed: threshold not met
T-sameregion-optimistic@v2nb-c200,715,1791052748174455343,178101018,0,Internal error occurred: failed to generate token: while signing jwt: rpc error: code = Unavailable desc = token signing failed: threshold not met
T-sameregion-optimistic@v2nb-c200,599,1791052747987856905,364740841,0,Internal error occurred: failed to generate token: while signing jwt: rpc error: code = Unavailable desc = token signing failed: threshold not met
T-sameregion-optimistic@v2nb-c200,591,1791052747982714349,370018557,0,Internal error occurred: failed to generate token: while signing jwt: rpc error: code = Unavailable desc = token signing failed: threshold not met
T-sameregion-optimistic@v2nb-c200,604,1791052747990102451,362636024,0,Internal error occurred: failed to generate token: while signing jwt: rpc error: code = Unavailable desc = token signing failed: threshold not met
T-sameregion-optimistic@v2nb-c200,748,1791052748259704188,104367095,0,Internal error occurred: failed to generate token: while signing jwt: rpc error: code = Unavailable desc = token signing failed: threshold not met
T-sameregion-optimistic@v2nb-c200,766,1791052748278540545,85893744,0,Internal error occurred: failed to generate token: while signing jwt: rpc error: code = Unavailable desc = token signing failed: threshold not met
T-sameregion-optimistic@v2nb-c200,688,1791052748158640893,205831214,0,Internal error occurred: failed to generate token: while signing jwt: rpc error: code = Unavailable desc = token signing failed: threshold not met
T-sameregion-optimistic@v2nb-c200,768,1791052748279102669,85677418,0,Internal error occurred: failed to generate token: while signing jwt: rpc error: code = Unavailable desc = token signing failed: threshold not met
T-sameregion-optimistic@v2nb-c200,744,1791052748256265957,109287515,0,Internal error occurred: failed to generate token: while signing jwt: rpc error: code = Unavailable desc = token signing failed: threshold not met
T-sameregion-optimistic@v2nb-c200,703,1791052748160550537,205063698,0,Internal error occurred: failed to generate token: while signing jwt: rpc error: code = Unavailable desc = token signing failed: threshold not met
T-sameregion-optimistic@v2nb-c200,758,1791052748272090735,93618844,0,Internal error occurred: failed to generate token: while signing jwt: rpc error: code = Unavailable desc = token signing failed: threshold not met
T-sameregion-optimistic@v2nb-c200,746,1791052748257379959,112229693,0,Internal error occurred: failed to generate token: while signing jwt: rpc error: code = Unavailable desc = token signing failed: threshold not met
T-sameregion-optimistic@v2nb-c200,772,1791052748279551815,90337243,0,Internal error occurred: failed to generate token: while signing jwt: rpc error: code = Unavailable desc = token signing failed: threshold not met
T-sameregion-optimistic@v2nb-c200,692,1791052748159004280,210886229,0,Internal error occurred: failed to generate token: while signing jwt: rpc error: code = Unavailable desc = token signing failed: threshold not met
T-sameregion-optimistic@v2nb-c200,747,1791052748258294021,111682576,0,Internal error occurred: failed to generate token: while signing jwt: rpc error: code = Unavailable desc = token signing failed: threshold not met
T-sameregion-optimistic@v2nb-c200,764,1791052748277612367,92466906,0,Internal error occurred: failed to generate token: while signing jwt: rpc error: code = Unavailable desc = token signing failed: threshold not met
T-sameregion-optimistic@v2nb-c200,695,1791052748159554472,210525001,0,Internal error occurred: failed to generate token: while signing jwt: rpc error: code = Unavailable desc = token signing failed: threshold not met
T-sameregion-optimistic@v2nb-c200,742,1791052748254237765,116036869,0,Internal error occurred: failed to generate token: while signing jwt: rpc error: code = Unavailable desc = token signing failed: threshold not met
T-sameregion-optimistic@v2nb-c200,754,1791052748266516284,104407854,0,Internal error occurred: failed to generate token: while signing jwt: rpc error: code = Unavailable desc = token signing failed: threshold not met
T-sameregion-optimistic@v2nb-c200,761,1791052748276515583,94410105,0,Internal error occurred: failed to generate token: while signing jwt: rpc error: code = Unavailable desc = token signing failed: threshold not met
T-sameregion-optimistic@v2nb-c200,759,1791052748275258157,95826518,0,Internal error occurred: failed to generate token: while signing jwt: rpc error: code = Unavailable desc = token signing failed: threshold not met
T-sameregion-optimistic@v2nb-c200,740,1791052748250568403,120607395,0,Internal error occurred: failed to generate token: while signing jwt: rpc error: code = Unavailable desc = token signing failed: threshold not met
T-sameregion-optimistic@v2nb-c200,756,1791052748269056845,103481592,0,Internal error occurred: failed to generate token: while signing jwt: rpc error: code = Unavailable desc = token signing failed: threshold not met
T-sameregion-optimistic@v2nb-c200,762,1791052748277492089,97814972,0,Internal error occurred: failed to generate token: while signing jwt: rpc error: code = Unavailable desc = token signing failed: threshold not met
T-sameregion-optimistic@v2nb-c200,767,1791052748279097220,96877535,0,Internal error occurred: failed to generate token: while signing jwt: rpc error: code = Unavailable desc = token signing failed: threshold not met
T-sameregion-optimistic@v2nb-c200,741,1791052748254180946,122559059,0,Internal error occurred: failed to generate token: while signing jwt: rpc error: code = Unavailable desc = token signing failed: threshold not met
T-sameregion-optimistic@v2nb-c200,770,1791052748279262497,97477689,0,Internal error occurred: failed to generate token: while signing jwt: rpc error: code = Unavailable desc = token signing failed: threshold not met
T-sameregion-optimistic@v2nb-c200,774,1791052748281893719,152212365,0,Internal error occurred: failed to generate token: while signing jwt: rpc error: code = Unavailable desc = token signing failed: threshold not met
T-sameregion-optimistic@v2nb-c200,705,1791052748160628244,289474774,0,Internal error occurred: failed to generate token: while signing jwt: rpc error: code = Unavailable desc = token signing failed: threshold not met
T-sameregion-optimistic@v2nb-c200,780,1791052748285833280,166151917,0,Internal error occurred: failed to generate token: while signing jwt: rpc error: code = Unavailable desc = token signing failed: threshold not met
T-sameregion-optimistic@v2nb-c200,790,1791052748349488387,102496810,0,Internal error occurred: failed to generate token: while signing jwt: rpc error: code = Unavailable desc = token signing failed: threshold not met
T-sameregion-optimistic@v2nb-c200,782,1791052748289072958,162977317,0,Internal error occurred: failed to generate token: while signing jwt: rpc error: code = Unavailable desc = token signing failed: threshold not met
T-sameregion-optimistic@v2nb-c200,751,1791052748263043312,189066368,0,Internal error occurred: failed to generate token: while signing jwt: rpc error: code = Unavailable desc = token signing failed: threshold not met
T-sameregion-optimistic@v2nb-c200,796,1791052748351137079,101193254,0,Internal error occurred: failed to generate token: while signing jwt: rpc error: code = Unavailable desc = token signing failed: threshold not met
T-sameregion-optimistic@v2nb-c200,743,1791052748256092725,196275609,0,Internal error occurred: failed to generate token: while signing jwt: rpc error: code = Unavailable desc = token signing failed: threshold not met
T-sameregion-optimistic@v2nb-c200,745,1791052748257075944,195362567,0,Internal error occurred: failed to generate token: while signing jwt: rpc error: code = Unavailable desc = token signing failed: threshold not met
T-sameregion-optimistic@v2nb-c200,697,1791052748159821814,292629295,0,Internal error occurred: failed to generate token: while signing jwt: rpc error: code = Unavailable desc = token signing failed: threshold not met
T-sameregion-optimistic@v2nb-c200,701,1791052748160403756,294672472,0,Internal error occurred: failed to generate token: while signing jwt: rpc error: code = Unavailable desc = token signing failed: threshold not met
T-sameregion-optimistic@v2nb-c200,752,1791052748263489686,191605820,0,Internal error occurred: failed to generate token: while signing jwt: rpc error: code = Unavailable desc = token signing failed: threshold not met
T-sameregion-optimistic@v2nb-c200,785,1791052748332963567,123502408,0,Internal error occurred: failed to generate token: while signing jwt: rpc error: code = Unavailable desc = token signing failed: threshold not met
T-sameregion-optimistic@v2nb-c200,694,1791052748159196376,297279894,0,Internal error occurred: failed to generate token: while signing jwt: rpc error: code = Unavailable desc = token signing failed: threshold not met
T-sameregion-optimistic@v2nb-c200,787,1791052748345074099,113314792,0,Internal error occurred: failed to generate token: while signing jwt: rpc error: code = Unavailable desc = token signing failed: threshold not met
T-sameregion-optimistic@v2nb-c200,710,1791052748166285737,292113593,0,Internal error occurred: failed to generate token: while signing jwt: rpc error: code = Unavailable desc = token signing failed: threshold not met
T-sameregion-optimistic@v2nb-c200,708,1791052748163829219,294700482,0,Internal error occurred: failed to generate token: while signing jwt: rpc error: code = Unavailable desc = token signing failed: threshold not met
T-sameregion-optimistic@v2nb-c200,808,1791052748364474951,94936728,0,Internal error occurred: failed to generate token: while signing jwt: rpc error: code = Unavailable desc = token signing failed: threshold not met
T-sameregion-optimistic@v2nb-c200,771,1791052748279454858,179963945,0,Internal error occurred: failed to generate token: while signing jwt: rpc error: code = Unavailable desc = token signing failed: threshold not met
T-sameregion-optimistic@v2nb-c200,783,1791052748289481160,170009284,0,Internal error occurred: failed to generate token: while signing jwt: rpc error: code = Unavailable desc = token signing failed: threshold not met
T-sameregion-optimistic@v2nb-c200,682,1791052748158252629,303917694,0,Internal error occurred: failed to generate token: while signing jwt: rpc error: code = Unavailable desc = token signing failed: threshold not met
T-sameregion-optimistic@v2nb-c200,805,1791052748352740676,113475879,0,Internal error occurred: failed to generate token: while signing jwt: rpc error: code = Unavailable desc = token signing failed: threshold not met
T-sameregion-optimistic@v2nb-c200,811,1791052748365617305,100638629,0,Internal error occurred: failed to generate token: while signing jwt: rpc error: code = Unavailable desc = token signing failed: threshold not met
T-sameregion-optimistic@v2nb-c200,696,1791052748159738635,307385019,0,Internal error occurred: failed to generate token: while signing jwt: rpc error: code = Unavailable desc = token signing failed: threshold not met
T-sameregion-optimistic@v2nb-c200,810,1791052748365558746,101603741,0,Internal error occurred: failed to generate token: while signing jwt: rpc error: code = Unavailable desc = token signing failed: threshold not met
T-sameregion-optimistic@v2nb-c200,798,1791052748352058453,115206069,0,Internal error occurred: failed to generate token: while signing jwt: rpc error: code = Unavailable desc = token signing failed: threshold not met
T-sameregion-optimistic@v2nb-c200,802,1791052748352558958,114818727,0,Internal error occurred: failed to generate token: while signing jwt: rpc error: code = Unavailable desc = token signing failed: threshold not met
T-sameregion-optimistic@v2nb-c200,794,1791052748350969348,118678144,0,Internal error occurred: failed to generate token: while signing jwt: rpc error: code = Unavailable desc = token signing failed: threshold not met
T-sameregion-optimistic@v2nb-c200,793,1791052748350921697,118725760,0,Internal error occurred: failed to generate token: while signing jwt: rpc error: code = Unavailable desc = token signing failed: threshold not met
T-sameregion-optimistic@v2nb-c200,795,1791052748351041481,118798852,0,Internal error occurred: failed to generate token: while signing jwt: rpc error: code = Unavailable desc = token signing failed: threshold not met
T-sameregion-optimistic@v2nb-c200,784,1791052748330939166,138941001,0,Internal error occurred: failed to generate token: while signing jwt: rpc error: code = Unavailable desc = token signing failed: threshold not met
T-sameregion-optimistic@v2nb-c200,788,1791052748345172001,125188659,0,Internal error occurred: failed to generate token: while signing jwt: rpc error: code = Unavailable desc = token signing failed: threshold not met
T-sameregion-optimistic@v2nb-c200,704,1791052748160611920,310624820,0,Internal error occurred: failed to generate token: while signing jwt: rpc error: code = Unavailable desc = token signing failed: threshold not met
T-sameregion-optimistic@v2nb-c200,803,1791052748352599932,118965336,0,Internal error occurred: failed to generate token: while signing jwt: rpc error: code = Unavailable desc = token signing failed: threshold not met
T-sameregion-optimistic@v2nb-c200,799,1791052748352339701,121765718,0,Internal error occurred: failed to generate token: while signing jwt: rpc error: code = Unavailable desc = token signing failed: threshold not met
T-sameregion-optimistic@v2nb-c200,797,1791052748352041919,122682905,0,Internal error occurred: failed to generate token: while signing jwt: rpc error: code = Unavailable desc = token signing failed: threshold not met
T-sameregion-optimistic@v2nb-c200,689,1791052748158698169,317686800,0,Internal error occurred: failed to generate token: while signing jwt: rpc error: code = Unavailable desc = token signing failed: threshold not met
T-sameregion-optimistic@v2nb-c200,693,1791052748159068488,317613769,0,Internal error occurred: failed to generate token: while signing jwt: rpc error: code = Unavailable desc = token signing failed: threshold not met
T-sameregion-optimistic@v2nb-c200,813,1791052748369614783,107751415,0,Internal error occurred: failed to generate token: while signing jwt: rpc error: code = Unavailable desc = token signing failed: threshold not met
T-sameregion-optimistic@v2nb-c200,818,1791052748370081824,156209060,0,Internal error occurred: failed to generate token: while signing jwt: rpc error: code = Unavailable desc = token signing failed: threshold not met
T-sameregion-optimistic@v2nb-c200,815,1791052748369894009,158040345,0,Internal error occurred: failed to generate token: while signing jwt: rpc error: code = Unavailable desc = token signing failed: threshold not met
T-sameregion-optimistic@v2nb-c200,145,1791052747050398969,1477544202,1,
T-sameregion-optimistic@v2nb-c200,786,1791052748345074104,183428337,0,Internal error occurred: failed to generate token: while signing jwt: rpc error: code = Unavailable desc = token signing failed: threshold not met
T-sameregion-optimistic@v2nb-c200,825,1791052748375311069,165714441,0,Internal error occurred: failed to generate token: while signing jwt: rpc error: code = Unavailable desc = token signing failed: threshold not met
T-sameregion-optimistic@v2nb-c200,789,1791052748346070495,196093359,0,Internal error occurred: failed to generate token: while signing jwt: rpc error: code = Unavailable desc = token signing failed: threshold not met
T-sameregion-optimistic@v2nb-c200,801,1791052748352499987,191751928,0,Internal error occurred: failed to generate token: while signing jwt: rpc error: code = Unavailable desc = token signing failed: threshold not met
T-sameregion-optimistic@v2nb-c200,800,1791052748352360515,192052459,0,Internal error occurred: failed to generate token: while signing jwt: rpc error: code = Unavailable desc = token signing failed: threshold not met
T-sameregion-optimistic@v2nb-c200,806,1791052748364077102,180681930,0,Internal error occurred: failed to generate token: while signing jwt: rpc error: code = Unavailable desc = token signing failed: threshold not met
T-sameregion-optimistic@v2nb-c200,812,1791052748365712339,179461878,0,Internal error occurred: failed to generate token: while signing jwt: rpc error: code = Unavailable desc = token signing failed: threshold not met
T-sameregion-optimistic@v2nb-c200,824,1791052748372541697,173484066,0,Internal error occurred: failed to generate token: while signing jwt: rpc error: code = Unavailable desc = token signing failed: threshold not met
T-sameregion-optimistic@v2nb-c200,816,1791052748369980509,176061524,0,Internal error occurred: failed to generate token: while signing jwt: rpc error: code = Unavailable desc = token signing failed: threshold not met
T-sameregion-optimistic@v2nb-c200,792,1791052748350805573,195293724,0,Internal error occurred: failed to generate token: while signing jwt: rpc error: code = Unavailable desc = token signing failed: threshold not met
T-sameregion-optimistic@v2nb-c200,807,1791052748364439930,183194906,0,Internal error occurred: failed to generate token: while signing jwt: rpc error: code = Unavailable desc = token signing failed: threshold not met
T-sameregion-optimistic@v2nb-c200,817,1791052748370081242,178141428,0,Internal error occurred: failed to generate token: while signing jwt: rpc error: code = Unavailable desc = token signing failed: threshold not met
T-sameregion-optimistic@v2nb-c200,791,1791052748350787501,198739816,0,Internal error occurred: failed to generate token: while signing jwt: rpc error: code = Unavailable desc = token signing failed: threshold not met
T-sameregion-optimistic@v2nb-c200,814,1791052748369892581,180337331,0,Internal error occurred: failed to generate token: while signing jwt: rpc error: code = Unavailable desc = token signing failed: threshold not met
T-sameregion-optimistic@v2nb-c200,804,1791052748352736433,207910804,0,Internal error occurred: failed to generate token: while signing jwt: rpc error: code = Unavailable desc = token signing failed: threshold not met
T-sameregion-optimistic@v2nb-c200,776,1791052748282007008,280569685,0,Internal error occurred: failed to generate token: while signing jwt: rpc error: code = Unavailable desc = token signing failed: threshold not met
T-sameregion-optimistic@v2nb-c200,760,1791052748276486566,286486966,0,Internal error occurred: failed to generate token: while signing jwt: rpc error: code = Unavailable desc = token signing failed: threshold not met
T-sameregion-optimistic@v2nb-c200,839,1791052748455082596,109739217,0,Internal error occurred: failed to generate token: while signing jwt: rpc error: code = Unavailable desc = token signing failed: threshold not met
T-sameregion-optimistic@v2nb-c200,823,1791052748371178028,195037843,0,Internal error occurred: failed to generate token: while signing jwt: rpc error: code = Unavailable desc = token signing failed: threshold not met
T-sameregion-optimistic@v2nb-c200,848,1791052748459492703,107438106,0,Internal error occurred: failed to generate token: while signing jwt: rpc error: code = Unavailable desc = token signing failed: threshold not met
T-sameregion-optimistic@v2nb-c200,765,1791052748277628442,289302359,0,Internal error occurred: failed to generate token: while signing jwt: rpc error: code = Unavailable desc = token signing failed: threshold not met
T-sameregion-optimistic@v2nb-c200,838,1791052748452453532,114544132,0,Internal error occurred: failed to generate token: while signing jwt: rpc error: code = Unavailable desc = token signing failed: threshold not met
T-sameregion-optimistic@v2nb-c200,826,1791052748375977223,191077254,0,Internal error occurred: failed to generate token: while signing jwt: rpc error: code = Unavailable desc = token signing failed: threshold not met
T-sameregion-optimistic@v2nb-c200,840,1791052748455099205,113917049,0,Internal error occurred: failed to generate token: while signing jwt: rpc error: code = Unavailable desc = token signing failed: threshold not met
T-sameregion-optimistic@v2nb-c200,829,1791052748434111728,137129483,0,Internal error occurred: failed to generate token: while signing jwt: rpc error: code = Unavailable desc = token signing failed: threshold not met
T-sameregion-optimistic@v2nb-c200,828,1791052748376743673,195530715,0,Internal error occurred: failed to generate token: while signing jwt: rpc error: code = Unavailable desc = token signing failed: threshold not met
T-sameregion-optimistic@v2nb-c200,769,1791052748279248799,293088448,0,Internal error occurred: failed to generate token: while signing jwt: rpc error: code = Unavailable desc = token signing failed: threshold not met
T-sameregion-optimistic@v2nb-c200,845,1791052748458532351,113870765,0,Internal error occurred: failed to generate token: while signing jwt: rpc error: code = Unavailable desc = token signing failed: threshold not met
T-sameregion-optimistic@v2nb-c200,827,1791052748376743280,196711885,0,Internal error occurred: failed to generate token: while signing jwt: rpc error: code = Unavailable desc = token signing failed: threshold not met
T-sameregion-optimistic@v2nb-c200,822,1791052748371086415,204001292,0,Internal error occurred: failed to generate token: while signing jwt: rpc error: code = Unavailable desc = token signing failed: threshold not met
T-sameregion-optimistic@v2nb-c200,849,1791052748462173534,113202217,0,Internal error occurred: failed to generate token: while signing jwt: rpc error: code = Unavailable desc = token signing failed: threshold not met
T-sameregion-optimistic@v2nb-c200,773,1791052748281893190,293732874,0,Internal error occurred: failed to generate token: while signing jwt: rpc error: code = Unavailable desc = token signing failed: threshold not met
T-sameregion-optimistic@v2nb-c200,763,1791052748277509846,298179092,0,Internal error occurred: failed to generate token: while signing jwt: rpc error: code = Unavailable desc = token signing failed: threshold not met
T-sameregion-optimistic@v2nb-c200,841,1791052748456470811,119441520,0,Internal error occurred: failed to generate token: while signing jwt: rpc error: code = Unavailable desc = token signing failed: threshold not met
T-sameregion-optimistic@v2nb-c200,821,1791052748370927820,205013547,0,Internal error occurred: failed to generate token: while signing jwt: rpc error: code = Unavailable desc = token signing failed: threshold not met
T-sameregion-optimistic@v2nb-c200,833,1791052748452052253,125215571,0,Internal error occurred: failed to generate token: while signing jwt: rpc error: code = Unavailable desc = token signing failed: threshold not met
T-sameregion-optimistic@v2nb-c200,850,1791052748466221636,135241271,0,Internal error occurred: failed to generate token: while signing jwt: rpc error: code = Unavailable desc = token signing failed: threshold not met
T-sameregion-optimistic@v2nb-c200,851,1791052748466258957,152257516,0,Internal error occurred: failed to generate token: while signing jwt: rpc error: code = Unavailable desc = token signing failed: threshold not met
T-sameregion-optimistic@v2nb-c200,856,1791052748469652571,152866533,0,Internal error occurred: failed to generate token: while signing jwt: rpc error: code = Unavailable desc = token signing failed: threshold not met
T-sameregion-optimistic@v2nb-c200,861,1791052748471240781,153087227,0,Internal error occurred: failed to generate token: while signing jwt: rpc error: code = Unavailable desc = token signing failed: threshold not met
T-sameregion-optimistic@v2nb-c200,863,1791052748474109247,150218754,0,Internal error occurred: failed to generate token: while signing jwt: rpc error: code = Unavailable desc = token signing failed: threshold not met
T-sameregion-optimistic@v2nb-c200,867,1791052748477369149,150709069,0,Internal error occurred: failed to generate token: while signing jwt: rpc error: code = Unavailable desc = token signing failed: threshold not met
T-sameregion-optimistic@v2nb-c200,842,1791052748456479376,171965288,0,Internal error occurred: failed to generate token: while signing jwt: rpc error: code = Unavailable desc = token signing failed: threshold not met
T-sameregion-optimistic@v2nb-c200,830,1791052748450107933,179035816,0,Internal error occurred: failed to generate token: while signing jwt: rpc error: code = Unavailable desc = token signing failed: threshold not met
T-sameregion-optimistic@v2nb-c200,853,1791052748467165150,162926594,0,Internal error occurred: failed to generate token: while signing jwt: rpc error: code = Unavailable desc = token signing failed: threshold not met
T-sameregion-optimistic@v2nb-c200,855,1791052748467380089,165171471,0,Internal error occurred: failed to generate token: while signing jwt: rpc error: code = Unavailable desc = token signing failed: threshold not met
T-sameregion-optimistic@v2nb-c200,859,1791052748469883196,163972018,0,Internal error occurred: failed to generate token: while signing jwt: rpc error: code = Unavailable desc = token signing failed: threshold not met
T-sameregion-optimistic@v2nb-c200,857,1791052748469651748,164601492,0,Internal error occurred: failed to generate token: while signing jwt: rpc error: code = Unavailable desc = token signing failed: threshold not met
T-sameregion-optimistic@v2nb-c200,837,1791052748452441487,181852627,0,Internal error occurred: failed to generate token: while signing jwt: rpc error: code = Unavailable desc = token signing failed: threshold not met
T-sameregion-optimistic@v2nb-c200,843,1791052748458393557,183677969,0,Internal error occurred: failed to generate token: while signing jwt: rpc error: code = Unavailable desc = token signing failed: threshold not met
T-sameregion-optimistic@v2nb-c200,864,1791052748474728236,172325548,0,Internal error occurred: failed to generate token: while signing jwt: rpc error: code = Unavailable desc = token signing failed: threshold not met
T-sameregion-optimistic@v2nb-c200,860,1791052748470364201,178389309,0,Internal error occurred: failed to generate token: while signing jwt: rpc error: code = Unavailable desc = token signing failed: threshold not met
T-sameregion-optimistic@v2nb-c200,858,1791052748469843036,180193736,0,Internal error occurred: failed to generate token: while signing jwt: rpc error: code = Unavailable desc = token signing failed: threshold not met
T-sameregion-optimistic@v2nb-c200,852,1791052748467127309,183844188,0,Internal error occurred: failed to generate token: while signing jwt: rpc error: code = Unavailable desc = token signing failed: threshold not met
T-sameregion-optimistic@v2nb-c200,847,1791052748459423046,202042192,0,Internal error occurred: failed to generate token: while signing jwt: rpc error: code = Unavailable desc = token signing failed: threshold not met
T-sameregion-optimistic@v2nb-c200,854,1791052748467267380,194330134,0,Internal error occurred: failed to generate token: while signing jwt: rpc error: code = Unavailable desc = token signing failed: threshold not met
T-sameregion-optimistic@v2nb-c200,846,1791052748459426622,202342108,0,Internal error occurred: failed to generate token: while signing jwt: rpc error: code = Unavailable desc = token signing failed: threshold not met
T-sameregion-optimistic@v2nb-c200,866,1791052748476686066,186202026,0,Internal error occurred: failed to generate token: while signing jwt: rpc error: code = Unavailable desc = token signing failed: threshold not met
T-sameregion-optimistic@v2nb-c200,871,1791052748528506581,137222375,0,Internal error occurred: failed to generate token: while signing jwt: rpc error: code = Unavailable desc = token signing failed: threshold not met
T-sameregion-optimistic@v2nb-c200,862,1791052748471568769,194160244,0,Internal error occurred: failed to generate token: while signing jwt: rpc error: code = Unavailable desc = token signing failed: threshold not met
T-sameregion-optimistic@v2nb-c200,880,1791052748546102806,121125666,0,Internal error occurred: failed to generate token: while signing jwt: rpc error: code = Unavailable desc = token signing failed: threshold not met
T-sameregion-optimistic@v2nb-c200,834,1791052748452111572,215132158,0,Internal error occurred: failed to generate token: while signing jwt: rpc error: code = Unavailable desc = token signing failed: threshold not met
T-sameregion-optimistic@v2nb-c200,870,1791052748527946070,139282470,0,Internal error occurred: failed to generate token: while signing jwt: rpc error: code = Unavailable desc = token signing failed: threshold not met
T-sameregion-optimistic@v2nb-c200,869,1791052748527939641,139533343,0,Internal error occurred: failed to generate token: while signing jwt: rpc error: code = Unavailable desc = token signing failed: threshold not met
T-sameregion-optimistic@v2nb-c200,865,1791052748476389620,191101986,0,Internal error occurred: failed to generate token: while signing jwt: rpc error: code = Unavailable desc = token signing failed: threshold not met
T-sameregion-optimistic@v2nb-c200,882,1791052748548227461,122285920,0,Internal error occurred: failed to generate token: while signing jwt: rpc error: code = Unavailable desc = token signing failed: threshold not met
T-sameregion-optimistic@v2nb-c200,873,1791052748542169167,130204440,0,Internal error occurred: failed to generate token: while signing jwt: rpc error: code = Unavailable desc = token signing failed: threshold not met
T-sameregion-optimistic@v2nb-c200,844,1791052748458401964,214048598,0,Internal error occurred: failed to generate token: while signing jwt: rpc error: code = Unavailable desc = token signing failed: threshold not met
T-sameregion-optimistic@v2nb-c200,883,1791052748549531481,123004288,0,Internal error occurred: failed to generate token: while signing jwt: rpc error: code = Unavailable desc = token signing failed: threshold not met
T-sameregion-optimistic@v2nb-c200,876,1791052748544761624,127946607,0,Internal error occurred: failed to generate token: while signing jwt: rpc error: code = Unavailable desc = token signing failed: threshold not met
T-sameregion-optimistic@v2nb-c200,832,1791052748451989954,220766167,0,Internal error occurred: failed to generate token: while signing jwt: rpc error: code = Unavailable desc = token signing failed: threshold not met
T-sameregion-optimistic@v2nb-c200,835,1791052748452332967,220543746,0,Internal error occurred: failed to generate token: while signing jwt: rpc error: code = Unavailable desc = token signing failed: threshold not met
T-sameregion-optimistic@v2nb-c200,881,1791052748547641180,126822648,0,Internal error occurred: failed to generate token: while signing jwt: rpc error: code = Unavailable desc = token signing failed: threshold not met
T-sameregion-optimistic@v2nb-c200,878,1791052748546029184,128435250,0,Internal error occurred: failed to generate token: while signing jwt: rpc error: code = Unavailable desc = token signing failed: threshold not met
T-sameregion-optimistic@v2nb-c200,868,1791052748526295981,148252919,0,Internal error occurred: failed to generate token: while signing jwt: rpc error: code = Unavailable desc = token signing failed: threshold not met
T-sameregion-optimistic@v2nb-c200,831,1791052748451991870,222668668,0,Internal error occurred: failed to generate token: while signing jwt: rpc error: code = Unavailable desc = token signing failed: threshold not met
T-sameregion-optimistic@v2nb-c200,894,1791052748569019863,132255335,0,Internal error occurred: failed to generate token: while signing jwt: rpc error: code = Unavailable desc = token signing failed: threshold not met
T-sameregion-optimistic@v2nb-c200,893,1791052748567056280,134218957,0,Internal error occurred: failed to generate token: while signing jwt: rpc error: code = Unavailable desc = token signing failed: threshold not met
T-sameregion-optimistic@v2nb-c200,885,1791052748560652192,144319249,0,Internal error occurred: failed to generate token: while signing jwt: rpc error: code = Unavailable desc = token signing failed: threshold not met
T-sameregion-optimistic@v2nb-c200,895,1791052748571243991,134551437,0,Internal error occurred: failed to generate token: while signing jwt: rpc error: code = Unavailable desc = token signing failed: threshold not met
T-sameregion-optimistic@v2nb-c200,898,1791052748572405872,147037633,0,Internal error occurred: failed to generate token: while signing jwt: rpc error: code = Unavailable desc = token signing failed: threshold not met
T-sameregion-optimistic@v2nb-c200,890,1791052748566934306,156477066,0,Internal error occurred: failed to generate token: while signing jwt: rpc error: code = Unavailable desc = token signing failed: threshold not met
T-sameregion-optimistic@v2nb-c200,892,1791052748566999932,157613255,0,Internal error occurred: failed to generate token: while signing jwt: rpc error: code = Unavailable desc = token signing failed: threshold not met
T-sameregion-optimistic@v2nb-c200,903,1791052748575691835,152978006,0,Internal error occurred: failed to generate token: while signing jwt: rpc error: code = Unavailable desc = token signing failed: threshold not met
T-sameregion-optimistic@v2nb-c200,896,1791052748572278080,157498796,0,Internal error occurred: failed to generate token: while signing jwt: rpc error: code = Unavailable desc = token signing failed: threshold not met
T-sameregion-optimistic@v2nb-c200,900,1791052748575090422,155003949,0,Internal error occurred: failed to generate token: while signing jwt: rpc error: code = Unavailable desc = token signing failed: threshold not met
T-sameregion-optimistic@v2nb-c200,138,1791052747050082582,1681626739,1,
T-sameregion-optimistic@v2nb-c200,899,1791052748573457461,159098227,0,Internal error occurred: failed to generate token: while signing jwt: rpc error: code = Unavailable desc = token signing failed: threshold not met
T-sameregion-optimistic@v2nb-c200,904,1791052748575915708,163537762,0,Internal error occurred: failed to generate token: while signing jwt: rpc error: code = Unavailable desc = token signing failed: threshold not met
T-sameregion-optimistic@v2nb-c200,874,1791052748544256902,200468329,0,Internal error occurred: failed to generate token: while signing jwt: rpc error: code = Unavailable desc = token signing failed: threshold not met
T-sameregion-optimistic@v2nb-c200,875,1791052748544416849,200306540,0,Internal error occurred: failed to generate token: while signing jwt: rpc error: code = Unavailable desc = token signing failed: threshold not met
T-sameregion-optimistic@v2nb-c200,901,1791052748575378233,172095641,0,Internal error occurred: failed to generate token: while signing jwt: rpc error: code = Unavailable desc = token signing failed: threshold not met
T-sameregion-optimistic@v2nb-c200,902,1791052748575629752,173813814,0,Internal error occurred: failed to generate token: while signing jwt: rpc error: code = Unavailable desc = token signing failed: threshold not met
T-sameregion-optimistic@v2nb-c200,886,1791052748562581033,186862537,0,Internal error occurred: failed to generate token: while signing jwt: rpc error: code = Unavailable desc = token signing failed: threshold not met
T-sameregion-optimistic@v2nb-c200,907,1791052748601468631,148042912,0,Internal error occurred: failed to generate token: while signing jwt: rpc error: code = Unavailable desc = token signing failed: threshold not met
T-sameregion-optimistic@v2nb-c200,912,1791052748628082010,121486686,0,Internal error occurred: failed to generate token: while signing jwt: rpc error: code = Unavailable desc = token signing failed: threshold not met
T-sameregion-optimistic@v2nb-c200,905,1791052748575943675,174046837,0,Internal error occurred: failed to generate token: while signing jwt: rpc error: code = Unavailable desc = token signing failed: threshold not met
T-sameregion-optimistic@v2nb-c200,872,1791052748541031519,208968064,0,Internal error occurred: failed to generate token: while signing jwt: rpc error: code = Unavailable desc = token signing failed: threshold not met
T-sameregion-optimistic@v2nb-c200,897,1791052748572339744,177797583,0,Internal error occurred: failed to generate token: while signing jwt: rpc error: code = Unavailable desc = token signing failed: threshold not met
T-sameregion-optimistic@v2nb-c200,909,1791052748622523786,127672613,0,Internal error occurred: failed to generate token: while signing jwt: rpc error: code = Unavailable desc = token signing failed: threshold not met
T-sameregion-optimistic@v2nb-c200,879,1791052748546044962,204200134,0,Internal error occurred: failed to generate token: while signing jwt: rpc error: code = Unavailable desc = token signing failed: threshold not met
T-sameregion-optimistic@v2nb-c200,877,1791052748545177180,206449338,0,Internal error occurred: failed to generate token: while signing jwt: rpc error: code = Unavailable desc = token signing failed: threshold not met
T-sameregion-optimistic@v2nb-c200,906,1791052748577270466,175740596,0,Internal error occurred: failed to generate token: while signing jwt: rpc error: code = Unavailable desc = token signing failed: threshold not met
T-sameregion-optimistic@v2nb-c200,887,1791052748562977521,192020211,0,Internal error occurred: failed to generate token: while signing jwt: rpc error: code = Unavailable desc = token signing failed: threshold not met
T-sameregion-optimistic@v2nb-c200,911,1791052748624333014,130666882,0,Internal error occurred: failed to generate token: while signing jwt: rpc error: code = Unavailable desc = token signing failed: threshold not met
T-sameregion-optimistic@v2nb-c200,884,1791052748550233412,204945304,0,Internal error occurred: failed to generate token: while signing jwt: rpc error: code = Unavailable desc = token signing failed: threshold not met
T-sameregion-optimistic@v2nb-c200,922,1791052748648757002,114528248,0,Internal error occurred: failed to generate token: while signing jwt: rpc error: code = Unavailable desc = token signing failed: threshold not met
T-sameregion-optimistic@v2nb-c200,910,1791052748624333151,139216895,0,Internal error occurred: failed to generate token: while signing jwt: rpc error: code = Unavailable desc = token signing failed: threshold not met
T-sameregion-optimistic@v2nb-c200,919,1791052748634296904,130015690,0,Internal error occurred: failed to generate token: while signing jwt: rpc error: code = Unavailable desc = token signing failed: threshold not met
T-sameregion-optimistic@v2nb-c200,888,1791052748564825000,202173146,0,Internal error occurred: failed to generate token: while signing jwt: rpc error: code = Unavailable desc = token signing failed: threshold not met
T-sameregion-optimistic@v2nb-c200,889,1791052748566220781,200780411,0,Internal error occurred: failed to generate token: while signing jwt: rpc error: code = Unavailable desc = token signing failed: threshold not met
T-sameregion-optimistic@v2nb-c200,914,1791052748629148342,138353368,0,Internal error occurred: failed to generate token: while signing jwt: rpc error: code = Unavailable desc = token signing failed: threshold not met
T-sameregion-optimistic@v2nb-c200,917,1791052748633858972,134924601,0,Internal error occurred: failed to generate token: while signing jwt: rpc error: code = Unavailable desc = token signing failed: threshold not met
T-sameregion-optimistic@v2nb-c200,891,1791052748566934313,203219241,0,Internal error occurred: failed to generate token: while signing jwt: rpc error: code = Unavailable desc = token signing failed: threshold not met
T-sameregion-optimistic@v2nb-c200,908,1791052748618521170,152499336,0,Internal error occurred: failed to generate token: while signing jwt: rpc error: code = Unavailable desc = token signing failed: threshold not met
T-sameregion-optimistic@v2nb-c200,923,1791052748650041328,121805841,0,Internal error occurred: failed to generate token: while signing jwt: rpc error: code = Unavailable desc = token signing failed: threshold not met
T-sameregion-optimistic@v2nb-c200,916,1791052748632557828,139475390,0,Internal error occurred: failed to generate token: while signing jwt: rpc error: code = Unavailable desc = token signing failed: threshold not met
T-sameregion-optimistic@v2nb-c200,924,1791052748650975190,156036608,0,Internal error occurred: failed to generate token: while signing jwt: rpc error: code = Unavailable desc = token signing failed: threshold not met
T-sameregion-optimistic@v2nb-c200,913,1791052748628448637,180013804,0,Internal error occurred: failed to generate token: while signing jwt: rpc error: code = Unavailable desc = token signing failed: threshold not met
T-sameregion-optimistic@v2nb-c200,920,1791052748642078459,167873950,0,Internal error occurred: failed to generate token: while signing jwt: rpc error: code = Unavailable desc = token signing failed: threshold not met
T-sameregion-optimistic@v2nb-c200,918,1791052748634256894,176563002,0,Internal error occurred: failed to generate token: while signing jwt: rpc error: code = Unavailable desc = token signing failed: threshold not met
T-sameregion-optimistic@v2nb-c200,925,1791052748661484365,149360865,0,Internal error occurred: failed to generate token: while signing jwt: rpc error: code = Unavailable desc = token signing failed: threshold not met
T-sameregion-optimistic@v2nb-c200,915,1791052748630094789,180901942,0,Internal error occurred: failed to generate token: while signing jwt: rpc error: code = Unavailable desc = token signing failed: threshold not met
T-sameregion-optimistic@v2nb-c200,926,1791052748661601266,161353983,0,Internal error occurred: failed to generate token: while signing jwt: rpc error: code = Unavailable desc = token signing failed: threshold not met
T-sameregion-optimistic@v2nb-c200,944,1791052748674467342,148509196,0,Internal error occurred: failed to generate token: while signing jwt: rpc error: code = Unavailable desc = token signing failed: threshold not met
T-sameregion-optimistic@v2nb-c200,927,1791052748661771884,161183338,0,Internal error occurred: failed to generate token: while signing jwt: rpc error: code = Unavailable desc = token signing failed: threshold not met
T-sameregion-optimistic@v2nb-c200,932,1791052748667248140,155954854,0,Internal error occurred: failed to generate token: while signing jwt: rpc error: code = Unavailable desc = token signing failed: threshold not met
T-sameregion-optimistic@v2nb-c200,930,1791052748665733045,159783368,0,Internal error occurred: failed to generate token: while signing jwt: rpc error: code = Unavailable desc = token signing failed: threshold not met
T-sameregion-optimistic@v2nb-c200,934,1791052748667475510,159193475,0,Internal error occurred: failed to generate token: while signing jwt: rpc error: code = Unavailable desc = token signing failed: threshold not met
T-sameregion-optimistic@v2nb-c200,935,1791052748667493799,160905459,0,Internal error occurred: failed to generate token: while signing jwt: rpc error: code = Unavailable desc = token signing failed: threshold not met
T-sameregion-optimistic@v2nb-c200,937,1791052748672378264,156072066,0,Internal error occurred: failed to generate token: while signing jwt: rpc error: code = Unavailable desc = token signing failed: threshold not met
T-sameregion-optimistic@v2nb-c200,929,1791052748665732827,164359725,0,Internal error occurred: failed to generate token: while signing jwt: rpc error: code = Unavailable desc = token signing failed: threshold not met
T-sameregion-optimistic@v2nb-c200,939,1791052748672537999,157554507,0,Internal error occurred: failed to generate token: while signing jwt: rpc error: code = Unavailable desc = token signing failed: threshold not met
T-sameregion-optimistic@v2nb-c200,938,1791052748672453427,157665756,0,Internal error occurred: failed to generate token: while signing jwt: rpc error: code = Unavailable desc = token signing failed: threshold not met
T-sameregion-optimistic@v2nb-c200,933,1791052748667393513,173175065,0,Internal error occurred: failed to generate token: while signing jwt: rpc error: code = Unavailable desc = token signing failed: threshold not met
T-sameregion-optimistic@v2nb-c200,950,1791052748705810251,136312324,0,Internal error occurred: failed to generate token: while signing jwt: rpc error: code = Unavailable desc = token signing failed: threshold not met
T-sameregion-optimistic@v2nb-c200,936,1791052748670516960,171936392,0,Internal error occurred: failed to generate token: while signing jwt: rpc error: code = Unavailable desc = token signing failed: threshold not met
T-sameregion-optimistic@v2nb-c200,946,1791052748674662495,168396052,0,Internal error occurred: failed to generate token: while signing jwt: rpc error: code = Unavailable desc = token signing failed: threshold not met
T-sameregion-optimistic@v2nb-c200,947,1791052748701280317,142964313,0,Internal error occurred: failed to generate token: while signing jwt: rpc error: code = Unavailable desc = token signing failed: threshold not met
T-sameregion-optimistic@v2nb-c200,956,1791052748730097725,115370231,0,Internal error occurred: failed to generate token: while signing jwt: rpc error: code = Unavailable desc = token signing failed: threshold not met
T-sameregion-optimistic@v2nb-c200,952,1791052748723416802,122196855,0,Internal error occurred: failed to generate token: while signing jwt: rpc error: code = Unavailable desc = token signing failed: threshold not met
T-sameregion-optimistic@v2nb-c200,154,1791052747050793428,1794831111,1,
T-sameregion-optimistic@v2nb-c200,943,1791052748674467227,171170057,0,Internal error occurred: failed to generate token: while signing jwt: rpc error: code = Unavailable desc = token signing failed: threshold not met
T-sameregion-optimistic@v2nb-c200,942,1791052748672878824,173383793,0,Internal error occurred: failed to generate token: while signing jwt: rpc error: code = Unavailable desc = token signing failed: threshold not met
T-sameregion-optimistic@v2nb-c200,928,1791052748662890737,186585739,0,Internal error occurred: failed to generate token: while signing jwt: rpc error: code = Unavailable desc = token signing failed: threshold not met
T-sameregion-optimistic@v2nb-c200,945,1791052748674550917,174925558,0,Internal error occurred: failed to generate token: while signing jwt: rpc error: code = Unavailable desc = token signing failed: threshold not met
T-sameregion-optimistic@v2nb-c200,954,1791052748728676108,121441407,0,Internal error occurred: failed to generate token: while signing jwt: rpc error: code = Unavailable desc = token signing failed: threshold not met
T-sameregion-optimistic@v2nb-c200,940,1791052748672710432,177471328,0,Internal error occurred: failed to generate token: while signing jwt: rpc error: code = Unavailable desc = token signing failed: threshold not met
T-sameregion-optimistic@v2nb-c200,957,1791052748731712827,118477143,0,Internal error occurred: failed to generate token: while signing jwt: rpc error: code = Unavailable desc = token signing failed: threshold not met
T-sameregion-optimistic@v2nb-c200,941,1791052748672758613,177450974,0,Internal error occurred: failed to generate token: while signing jwt: rpc error: code = Unavailable desc = token signing failed: threshold not met
T-sameregion-optimistic@v2nb-c200,951,1791052748719453753,130798974,0,Internal error occurred: failed to generate token: while signing jwt: rpc error: code = Unavailable desc = token signing failed: threshold not met
T-sameregion-optimistic@v2nb-c200,921,1791052748647058328,203203047,0,Internal error occurred: failed to generate token: while signing jwt: rpc error: code = Unavailable desc = token signing failed: threshold not met
T-sameregion-optimistic@v2nb-c200,949,1791052748704976902,145329456,0,Internal error occurred: failed to generate token: while signing jwt: rpc error: code = Unavailable desc = token signing failed: threshold not met
T-sameregion-optimistic@v2nb-c200,955,1791052748729780855,120626158,0,Internal error occurred: failed to generate token: while signing jwt: rpc error: code = Unavailable desc = token signing failed: threshold not met
T-sameregion-optimistic@v2nb-c200,948,1791052748701280350,150398339,0,Internal error occurred: failed to generate token: while signing jwt: rpc error: code = Unavailable desc = token signing failed: threshold not met
T-sameregion-optimistic@v2nb-c200,953,1791052748724620002,127404183,0,Internal error occurred: failed to generate token: while signing jwt: rpc error: code = Unavailable desc = token signing failed: threshold not met
T-sameregion-optimistic@v2nb-c200,959,1791052748739459997,123420570,0,Internal error occurred: failed to generate token: while signing jwt: rpc error: code = Unavailable desc = token signing failed: threshold not met
T-sameregion-optimistic@v2nb-c200,975,1791052748755003141,147242119,0,Internal error occurred: failed to generate token: while signing jwt: rpc error: code = Unavailable desc = token signing failed: threshold not met
T-sameregion-optimistic@v2nb-c200,966,1791052748749570488,152678321,0,Internal error occurred: failed to generate token: while signing jwt: rpc error: code = Unavailable desc = token signing failed: threshold not met
T-sameregion-optimistic@v2nb-c200,972,1791052748751629825,150634773,0,Internal error occurred: failed to generate token: while signing jwt: rpc error: code = Unavailable desc = token signing failed: threshold not met
T-sameregion-optimistic@v2nb-c200,958,1791052748732558704,169709977,0,Internal error occurred: failed to generate token: while signing jwt: rpc error: code = Unavailable desc = token signing failed: threshold not met
T-sameregion-optimistic@v2nb-c200,971,1791052748750247329,152421057,0,Internal error occurred: failed to generate token: while signing jwt: rpc error: code = Unavailable desc = token signing failed: threshold not met
T-sameregion-optimistic@v2nb-c200,973,1791052748753015159,152995740,0,Internal error occurred: failed to generate token: while signing jwt: rpc error: code = Unavailable desc = token signing failed: threshold not met
T-sameregion-optimistic@v2nb-c200,970,1791052748750199206,155811701,0,Internal error occurred: failed to generate token: while signing jwt: rpc error: code = Unavailable desc = token signing failed: threshold not met
T-sameregion-optimistic@v2nb-c200,976,1791052748755184117,150850616,0,Internal error occurred: failed to generate token: while signing jwt: rpc error: code = Unavailable desc = token signing failed: threshold not met
T-sameregion-optimistic@v2nb-c200,965,1791052748749514043,156547825,0,Internal error occurred: failed to generate token: while signing jwt: rpc error: code = Unavailable desc = token signing failed: threshold not met
T-sameregion-optimistic@v2nb-c200,967,1791052748749993860,156075392,0,Internal error occurred: failed to generate token: while signing jwt: rpc error: code = Unavailable desc = token signing failed: threshold not met
T-sameregion-optimistic@v2nb-c200,960,1791052748744730364,161342924,0,Internal error occurred: failed to generate token: while signing jwt: rpc error: code = Unavailable desc = token signing failed: threshold not met
T-sameregion-optimistic@v2nb-c200,961,1791052748744731917,161358713,0,Internal error occurred: failed to generate token: while signing jwt: rpc error: code = Unavailable desc = token signing failed: threshold not met
T-sameregion-optimistic@v2nb-c200,969,1791052748750140858,155949731,0,Internal error occurred: failed to generate token: while signing jwt: rpc error: code = Unavailable desc = token signing failed: threshold not met
T-sameregion-optimistic@v2nb-c200,980,1791052748767003426,159893440,0,Internal error occurred: failed to generate token: while signing jwt: rpc error: code = Unavailable desc = token signing failed: threshold not met
T-sameregion-optimistic@v2nb-c200,981,1791052748767003999,159893043,0,Internal error occurred: failed to generate token: while signing jwt: rpc error: code = Unavailable desc = token signing failed: threshold not met
T-sameregion-optimistic@v2nb-c200,987,1791052748772038338,154894773,0,Internal error occurred: failed to generate token: while signing jwt: rpc error: code = Unavailable desc = token signing failed: threshold not met
T-sameregion-optimistic@v2nb-c200,982,1791052748767505185,159449839,0,Internal error occurred: failed to generate token: while signing jwt: rpc error: code = Unavailable desc = token signing failed: threshold not met
T-sameregion-optimistic@v2nb-c200,978,1791052748763553264,166576679,0,Internal error occurred: failed to generate token: while signing jwt: rpc error: code = Unavailable desc = token signing failed: threshold not met
T-sameregion-optimistic@v2nb-c200,985,1791052748771023396,169471473,0,Internal error occurred: failed to generate token: while signing jwt: rpc error: code = Unavailable desc = token signing failed: threshold not met
T-sameregion-optimistic@v2nb-c200,986,1791052748771854345,168640946,0,Internal error occurred: failed to generate token: while signing jwt: rpc error: code = Unavailable desc = token signing failed: threshold not met
T-sameregion-optimistic@v2nb-c200,962,1791052748747478818,193030401,0,Internal error occurred: failed to generate token: while signing jwt: rpc error: code = Unavailable desc = token signing failed: threshold not met
T-sameregion-optimistic@v2nb-c200,992,1791052748810849686,131621131,0,Internal error occurred: failed to generate token: while signing jwt: rpc error: code = Unavailable desc = token signing failed: threshold not met
T-sameregion-optimistic@v2nb-c200,963,1791052748749452343,193029438,0,Internal error occurred: failed to generate token: while signing jwt: rpc error: code = Unavailable desc = token signing failed: threshold not met
T-sameregion-optimistic@v2nb-c200,989,1791052748808466697,134084719,0,Internal error occurred: failed to generate token: while signing jwt: rpc error: code = Unavailable desc = token signing failed: threshold not met
T-sameregion-optimistic@v2nb-c200,979,1791052748764317949,178234004,0,Internal error occurred: failed to generate token: while signing jwt: rpc error: code = Unavailable desc = token signing failed: threshold not met
T-sameregion-optimistic@v2nb-c200,964,1791052748749452342,193602881,0,Internal error occurred: failed to generate token: while signing jwt: rpc error: code = Unavailable desc = token signing failed: threshold not met
T-sameregion-optimistic@v2nb-c200,996,1791052748823006087,120056685,0,Internal error occurred: failed to generate token: while signing jwt: rpc error: code = Unavailable desc = token signing failed: threshold not met
T-sameregion-optimistic@v2nb-c200,984,1791052748770156864,172929185,0,Internal error occurred: failed to generate token: while signing jwt: rpc error: code = Unavailable desc = token signing failed: threshold not met
T-sameregion-optimistic@v2nb-c200,991,1791052748810825352,133266671,0,Internal error occurred: failed to generate token: while signing jwt: rpc error: code = Unavailable desc = token signing failed: threshold not met
T-sameregion-optimistic@v2nb-c200,988,1791052748807018704,137073341,0,Internal error occurred: failed to generate token: while signing jwt: rpc error: code = Unavailable desc = token signing failed: threshold not met
T-sameregion-optimistic@v2nb-c200,1000,1791052748828404510,115899862,0,Internal error occurred: failed to generate token: while signing jwt: rpc error: code = Unavailable desc = token signing failed: threshold not met
T-sameregion-optimistic@v2nb-c200,999,1791052748826674092,117656406,0,Internal error occurred: failed to generate token: while signing jwt: rpc error: code = Unavailable desc = token signing failed: threshold not met
T-sameregion-optimistic@v2nb-c200,968,1791052748750001832,194364948,0,Internal error occurred: failed to generate token: while signing jwt: rpc error: code = Unavailable desc = token signing failed: threshold not met
T-sameregion-optimistic@v2nb-c200,977,1791052748763292583,181853339,0,Internal error occurred: failed to generate token: while signing jwt: rpc error: code = Unavailable desc = token signing failed: threshold not met
T-sameregion-optimistic@v2nb-c200,993,1791052748810999121,134146866,0,Internal error occurred: failed to generate token: while signing jwt: rpc error: code = Unavailable desc = token signing failed: threshold not met
T-sameregion-optimistic@v2nb-c200,990,1791052748809956646,135333300,0,Internal error occurred: failed to generate token: while signing jwt: rpc error: code = Unavailable desc = token signing failed: threshold not met
T-sameregion-optimistic@v2nb-c200,983,1791052748768787743,176649255,0,Internal error occurred: failed to generate token: while signing jwt: rpc error: code = Unavailable desc = token signing failed: threshold not met
T-sameregion-optimistic@v2nb-c200,998,1791052748825519861,136375670,0,Internal error occurred: failed to generate token: while signing jwt: rpc error: code = Unavailable desc = token signing failed: threshold not met
T-sameregion-optimistic@v2nb-c200,997,1791052748823222387,138797348,0,Internal error occurred: failed to generate token: while signing jwt: rpc error: code = Unavailable desc = token signing failed: threshold not met
T-sameregion-optimistic@v2nb-c200,995,1791052748822979675,139040140,0,Internal error occurred: failed to generate token: while signing jwt: rpc error: code = Unavailable desc = token signing failed: threshold not met
T-sameregion-optimistic@v2nb-c200,994,1791052748822962907,139173335,0,Internal error occurred: failed to generate token: while signing jwt: rpc error: code = Unavailable desc = token signing failed: threshold not met
T-sameregion-optimistic@v2nb-c200,118,1791052747045522252,1982102264,1,
T-sameregion-optimistic@v2nb-c200,160,1791052747051051166,2031359568,1,
T-sameregion-optimistic@v2nb-c200,128,1791052747047787060,2063783958,0,Internal error occurred: failed to generate token: while signing jwt: rpc error: code = Unavailable desc = token signing failed: threshold not met
T-sameregion-optimistic@v2nb-c200,132,1791052747049319611,2062443665,0,Internal error occurred: failed to generate token: while signing jwt: rpc error: code = Unavailable desc = token signing failed: threshold not met
T-sameregion-optimistic@v2nb-c200,41,1791052747042095000,2069699256,0,Internal error occurred: failed to generate token: while signing jwt: rpc error: code = Unavailable desc = token signing failed: threshold not met
T-sameregion-optimistic@v2nb-c200,30,1791052747041834197,2090709007,0,Internal error occurred: failed to generate token: while signing jwt: rpc error: code = Unavailable desc = token signing failed: threshold not met
T-sameregion-optimistic@v2nb-c200,153,1791052747050741201,2081822844,1,
T-sameregion-optimistic@v2nb-c200,150,1791052747050613076,2086882855,0,Internal error occurred: failed to generate token: while signing jwt: rpc error: code = Unavailable desc = token signing failed: threshold not met
T-sameregion-optimistic@v2nb-c200,13,1791052747041495370,2096137021,0,Internal error occurred: failed to generate token: while signing jwt: rpc error: code = Unavailable desc = token signing failed: threshold not met
T-sameregion-optimistic@v2nb-c200,201,1791052747056522945,2081670314,0,Internal error occurred: failed to generate token: while signing jwt: rpc error: code = Unavailable desc = token signing failed: threshold not met
T-sameregion-optimistic@v2nb-c200,32,1791052747041874725,2096680092,0,Internal error occurred: failed to generate token: while signing jwt: rpc error: code = Unavailable desc = token signing failed: threshold not met
T-sameregion-optimistic@v2nb-c200,129,1791052747048810824,2089766287,0,Internal error occurred: failed to generate token: while signing jwt: rpc error: code = Unavailable desc = token signing failed: threshold not met
T-sameregion-optimistic@v2nb-c200,142,1791052747050271551,2088355690,0,Internal error occurred: failed to generate token: while signing jwt: rpc error: code = Unavailable desc = token signing failed: threshold not met
T-sameregion-optimistic@v2nb-c200,149,1791052747050593145,2088050707,0,Internal error occurred: failed to generate token: while signing jwt: rpc error: code = Unavailable desc = token signing failed: threshold not met
T-sameregion-optimistic@v2nb-c200,157,1791052747050893472,2087863387,0,Internal error occurred: failed to generate token: while signing jwt: rpc error: code = Unavailable desc = token signing failed: threshold not met
T-sameregion-optimistic@v2nb-c200,135,1791052747049761146,2096670368,0,Internal error occurred: failed to generate token: while signing jwt: rpc error: code = Unavailable desc = token signing failed: threshold not met
T-sameregion-optimistic@v2nb-c200,139,1791052747050139650,2098170656,0,Internal error occurred: failed to generate token: while signing jwt: rpc error: code = Unavailable desc = token signing failed: threshold not met
T-sameregion-optimistic@v2nb-c200,20,1791052747041634946,2106796580,0,Internal error occurred: failed to generate token: while signing jwt: rpc error: code = Unavailable desc = token signing failed: threshold not met
T-sameregion-optimistic@v2nb-c200,17,1791052747041580499,2106862919,0,Internal error occurred: failed to generate token: while signing jwt: rpc error: code = Unavailable desc = token signing failed: threshold not met
T-sameregion-optimistic@v2nb-c200,131,1791052747049143112,2099939682,0,Internal error occurred: failed to generate token: while signing jwt: rpc error: code = Unavailable desc = token signing failed: threshold not met
T-sameregion-optimistic@v2nb-c200,31,1791052747041872778,2109732810,0,Internal error occurred: failed to generate token: while signing jwt: rpc error: code = Unavailable desc = token signing failed: threshold not met
T-sameregion-optimistic@v2nb-c200,27,1791052747041792091,2109816401,0,Internal error occurred: failed to generate token: while signing jwt: rpc error: code = Unavailable desc = token signing failed: threshold not met
T-sameregion-optimistic@v2nb-c200,76,1791052747042837390,2108826980,0,Internal error occurred: failed to generate token: while signing jwt: rpc error: code = Unavailable desc = token signing failed: threshold not met
T-sameregion-optimistic@v2nb-c200,19,1791052747041633190,2111532994,0,Internal error occurred: failed to generate token: while signing jwt: rpc error: code = Unavailable desc = token signing failed: threshold not met
T-sameregion-optimistic@v2nb-c200,171,1791052747051525931,2101719059,0,Internal error occurred: failed to generate token: while signing jwt: rpc error: code = Unavailable desc = token signing failed: threshold not met
T-sameregion-optimistic@v2nb-c200,143,1791052747050314871,2103085215,0,Internal error occurred: failed to generate token: while signing jwt: rpc error: code = Unavailable desc = token signing failed: threshold not met
T-sameregion-optimistic@v2nb-c200,155,1791052747050820675,2102601361,0,Internal error occurred: failed to generate token: while signing jwt: rpc error: code = Unavailable desc = token signing failed: threshold not met
T-sameregion-optimistic@v2nb-c200,164,1791052747051210553,2102224336,0,Internal error occurred: failed to generate token: while signing jwt: rpc error: code = Unavailable desc = token signing failed: threshold not met
T-sameregion-optimistic@v2nb-c200,21,1791052747041672860,2118256486,0,Internal error occurred: failed to generate token: while signing jwt: rpc error: code = Unavailable desc = token signing failed: threshold not met
T-sameregion-optimistic@v2nb-c200,23,1791052747041711804,2126735914,0,Internal error occurred: failed to generate token: while signing jwt: rpc error: code = Unavailable desc = token signing failed: threshold not met
T-sameregion-optimistic@v2nb-c200,56,1791052747042439167,2133259962,0,Internal error occurred: failed to generate token: while signing jwt: rpc error: code = Unavailable desc = token signing failed: threshold not met
T-sameregion-optimistic@v2nb-c200,65,1791052747042632605,2133165860,0,Internal error occurred: failed to generate token: while signing jwt: rpc error: code = Unavailable desc = token signing failed: threshold not met
T-sameregion-optimistic@v2nb-c200,40,1791052747042069151,2133742223,0,Internal error occurred: failed to generate token: while signing jwt: rpc error: code = Unavailable desc = token signing failed: threshold not met
T-sameregion-optimistic@v2nb-c200,38,1791052747042030531,2141890165,0,Internal error occurred: failed to generate token: while signing jwt: rpc error: code = Unavailable desc = token signing failed: threshold not met
T-sameregion-optimistic@v2nb-c200,57,1791052747042475888,2141471649,0,Internal error occurred: failed to generate token: while signing jwt: rpc error: code = Unavailable desc = token signing failed: threshold not met
T-sameregion-optimistic@v2nb-c200,178,1791052747051875582,2179198549,0,Internal error occurred: failed to generate token: while signing jwt: rpc error: code = Unavailable desc = token signing failed: threshold not met
T-sameregion-optimistic@v2nb-c200,85,1791052747043058059,2188015732,0,Internal error occurred: failed to generate token: while signing jwt: rpc error: code = Unavailable desc = token signing failed: threshold not met
T-sameregion-optimistic@v2nb-c200,77,1791052747042872867,2203524562,0,Internal error occurred: failed to generate token: while signing jwt: rpc error: code = Unavailable desc = token signing failed: threshold not met
T-sameregion-optimistic@v2nb-c200,51,1791052747042324951,2204112044,0,Internal error occurred: failed to generate token: while signing jwt: rpc error: code = Unavailable desc = token signing failed: threshold not met
T-sameregion-optimistic@v2nb-c200,97,1791052747043345002,2203099074,0,Internal error occurred: failed to generate token: while signing jwt: rpc error: code = Unavailable desc = token signing failed: threshold not met
T-sameregion-optimistic@v2nb-c200,531,1791052747943267932,1484857335,0,Internal error occurred: failed to generate token: while signing jwt: rpc error: code = Unavailable desc = token signing failed: threshold not met
T-sameregion-optimistic@v2nb-c200,454,1791052747734759133,1808421165,1,
T-sameregion-optimistic@v2nb-c200,651,1791052748044273955,1570615773,0,Internal error occurred: failed to generate token: while signing jwt: rpc error: code = Unavailable desc = token signing failed: threshold not met
T-sameregion-optimistic@v2nb-c200,620,1791052747990839171,1718475048,0,Internal error occurred: failed to generate token: while signing jwt: rpc error: code = Unavailable desc = token signing failed: threshold not met
T-sameregion-optimistic@v2nb-c200,583,1791052747974846727,1773698284,1,
T-sameregion-optimistic@v2nb-c200,562,1791052747956855421,1807852731,1,
T-sameregion-optimistic@v2nb-c200,520,1791052747907917106,1914702107,0,Internal error occurred: failed to generate token: while signing jwt: rpc error: code = Unavailable desc = token signing failed: threshold not met
T-sameregion-optimistic@v2nb-c200,632,1791052748017336059,1839446421,1,
T-sameregion-optimistic@v2nb-c200,534,1791052747945978099,1932268836,0,Internal error occurred: failed to generate token: while signing jwt: rpc error: code = Unavailable desc = token signing failed: threshold not met
T-sameregion-optimistic@v2nb-c200,627,1791052748009390682,1907187373,1,
T-sameregion-optimistic@v2nb-c200,464,1791052747737462728,2195268368,1,
T-sameregion-optimistic@v2nb-c200,536,1791052747947370738,2015353954,0,Internal error occurred: failed to generate token: while signing jwt: rpc error: code = Unavailable desc = token signing failed: threshold not met
T-sameregion-optimistic@v2nb-c200,629,1791052748011969272,1951398177,0,Internal error occurred: failed to generate token: while signing jwt: rpc error: code = Unavailable desc = token signing failed: threshold not met
T-sameregion-optimistic@v2nb-c200,535,1791052747946080005,2017314159,0,Internal error occurred: failed to generate token: while signing jwt: rpc error: code = Unavailable desc = token signing failed: threshold not met
T-sameregion-optimistic@v2nb-c200,647,1791052748040519458,1922889840,0,Internal error occurred: failed to generate token: while signing jwt: rpc error: code = Unavailable desc = token signing failed: threshold not met
T-sameregion-optimistic@v2nb-c200,568,1791052747959724083,2003712423,0,Internal error occurred: failed to generate token: while signing jwt: rpc error: code = Unavailable desc = token signing failed: threshold not met
T-sameregion-optimistic@v2nb-c200,555,1791052747956281091,2007179497,0,Internal error occurred: failed to generate token: while signing jwt: rpc error: code = Unavailable desc = token signing failed: threshold not met
T-sameregion-optimistic@v2nb-c200,550,1791052747951554372,2011908233,0,Internal error occurred: failed to generate token: while signing jwt: rpc error: code = Unavailable desc = token signing failed: threshold not met
T-sameregion-optimistic@v2nb-c200,588,1791052747980607826,1982867682,0,Internal error occurred: failed to generate token: while signing jwt: rpc error: code = Unavailable desc = token signing failed: threshold not met
T-sameregion-optimistic@v2nb-c200,552,1791052747951659822,2011819027,0,Internal error occurred: failed to generate token: while signing jwt: rpc error: code = Unavailable desc = token signing failed: threshold not met
T-sameregion-optimistic@v2nb-c200,586,1791052747976479942,1987020368,0,Internal error occurred: failed to generate token: while signing jwt: rpc error: code = Unavailable desc = token signing failed: threshold not met
T-sameregion-optimistic@v2nb-c200,511,1791052747787688335,2175855971,0,Internal error occurred: failed to generate token: while signing jwt: rpc error: code = Unavailable desc = token signing failed: threshold not met
T-sameregion-optimistic@v2nb-c200,521,1791052747908102326,2060491952,0,Internal error occurred: failed to generate token: while signing jwt: rpc error: code = Unavailable desc = token signing failed: threshold not met
T-sameregion-optimistic@v2nb-c200,628,1791052748009417271,1959324777,0,Internal error occurred: failed to generate token: while signing jwt: rpc error: code = Unavailable desc = token signing failed: threshold not met
T-sameregion-optimistic@v2nb-c200,497,1791052747786547522,2182196884,0,Internal error occurred: failed to generate token: while signing jwt: rpc error: code = Unavailable desc = token signing failed: threshold not met
T-sameregion-optimistic@v2nb-c200,631,1791052748014742230,1954015596,0,Internal error occurred: failed to generate token: while signing jwt: rpc error: code = Unavailable desc = token signing failed: threshold not met
T-sameregion-optimistic@v2nb-c200,548,1791052747951339584,2019016752,0,Internal error occurred: failed to generate token: while signing jwt: rpc error: code = Unavailable desc = token signing failed: threshold not met
T-sameregion-optimistic@v2nb-c200,516,1791052747787996989,2196671829,0,Internal error occurred: failed to generate token: while signing jwt: rpc error: code = Unavailable desc = token signing failed: threshold not met
T-sameregion-optimistic@v2nb-c200,540,1791052747949558256,2049460804,0,Internal error occurred: failed to generate token: while signing jwt: rpc error: code = Unavailable desc = token signing failed: threshold not met
T-sameregion-optimistic@v2nb-c200,572,1791052747969674534,2035973974,0,Internal error occurred: failed to generate token: while signing jwt: rpc error: code = Unavailable desc = token signing failed: threshold not met
T-sameregion-optimistic@v2nb-c200,556,1791052747956287919,2050889934,0,Internal error occurred: failed to generate token: while signing jwt: rpc error: code = Unavailable desc = token signing failed: threshold not met
T-sameregion-optimistic@v2nb-c200,584,1791052747974990817,2032444138,0,Internal error occurred: failed to generate token: while signing jwt: rpc error: code = Unavailable desc = token signing failed: threshold not met
T-sameregion-optimistic@v2nb-c200,630,1791052748014361282,1994425328,0,Internal error occurred: failed to generate token: while signing jwt: rpc error: code = Unavailable desc = token signing failed: threshold not met
T-sameregion-optimistic@v2nb-c200,578,1791052747971178890,2044693768,0,Internal error occurred: failed to generate token: while signing jwt: rpc error: code = Unavailable desc = token signing failed: threshold not met
T-sameregion-optimistic@v2nb-c200,585,1791052747974992417,2041002781,0,Internal error occurred: failed to generate token: while signing jwt: rpc error: code = Unavailable desc = token signing failed: threshold not met
T-sameregion-optimistic@v2nb-c200,533,1791052747945978096,2070886234,0,Internal error occurred: failed to generate token: while signing jwt: rpc error: code = Unavailable desc = token signing failed: threshold not met
T-sameregion-optimistic@v2nb-c200,657,1791052748063682731,1955128860,0,Internal error occurred: failed to generate token: while signing jwt: rpc error: code = Unavailable desc = token signing failed: threshold not met
T-sameregion-optimistic@v2nb-c200,640,1791052748032878820,1986008277,0,Internal error occurred: failed to generate token: while signing jwt: rpc error: code = Unavailable desc = token signing failed: threshold not met
T-sameregion-optimistic@v2nb-c200,644,1791052748033257570,1985629555,0,Internal error occurred: failed to generate token: while signing jwt: rpc error: code = Unavailable desc = token signing failed: threshold not met
T-sameregion-optimistic@v2nb-c200,659,1791052748065707220,1954181019,0,Internal error occurred: failed to generate token: while signing jwt: rpc error: code = Unavailable desc = token signing failed: threshold not met
T-sameregion-optimistic@v2nb-c200,667,1791052748073842873,1946507029,0,Internal error occurred: failed to generate token: while signing jwt: rpc error: code = Unavailable desc = token signing failed: threshold not met
T-sameregion-optimistic@v2nb-c200,457,1791052747735285390,2291197488,1,
T-sameregion-optimistic@v2nb-c200,624,1791052748007379841,2026072390,0,Internal error occurred: failed to generate token: while signing jwt: rpc error: code = Unavailable desc = token signing failed: threshold not met
T-sameregion-optimistic@v2nb-c200,617,1791052747990738586,2042722674,0,Internal error occurred: failed to generate token: while signing jwt: rpc error: code = Unavailable desc = token signing failed: threshold not met
T-sameregion-optimistic@v2nb-c200,623,1791052747991493511,2041992237,0,Internal error occurred: failed to generate token: while signing jwt: rpc error: code = Unavailable desc = token signing failed: threshold not met
T-sameregion-optimistic@v2nb-c200,665,1791052748073116813,1967357170,0,Internal error occurred: failed to generate token: while signing jwt: rpc error: code = Unavailable desc = token signing failed: threshold not met
T-sameregion-optimistic@v2nb-c200,649,1791052748040712039,1999789805,0,Internal error occurred: failed to generate token: while signing jwt: rpc error: code = Unavailable desc = token signing failed: threshold not met
T-sameregion-optimistic@v2nb-c200,660,1791052748067804822,1972707296,0,Internal error occurred: failed to generate token: while signing jwt: rpc error: code = Unavailable desc = token signing failed: threshold not met
T-sameregion-optimistic@v2nb-c200,638,1791052748020829611,2023478966,0,Internal error occurred: failed to generate token: while signing jwt: rpc error: code = Unavailable desc = token signing failed: threshold not met
T-sameregion-optimistic@v2nb-c200,598,1791052747987674524,2068387449,0,Internal error occurred: failed to generate token: while signing jwt: rpc error: code = Unavailable desc = token signing failed: threshold not met
T-sameregion-optimistic@v2nb-c200,610,1791052747990389234,2084657873,0,Internal error occurred: failed to generate token: while signing jwt: rpc error: code = Unavailable desc = token signing failed: threshold not met
T-sameregion-optimistic@v2nb-c200,600,1791052747987871360,2094056592,0,Internal error occurred: failed to generate token: while signing jwt: rpc error: code = Unavailable desc = token signing failed: threshold not met
T-sameregion-optimistic@v2nb-c200,718,1791052748175230222,1909401440,0,Internal error occurred: failed to generate token: while signing jwt: rpc error: code = Unavailable desc = token signing failed: threshold not met
T-sameregion-optimistic@v2nb-c200,674,1791052748079790608,2007218735,0,Internal error occurred: failed to generate token: while signing jwt: rpc error: code = Unavailable desc = token signing failed: threshold not met
T-sameregion-optimistic@v2nb-c200,595,1791052747982963330,2130993549,0,Internal error occurred: failed to generate token: while signing jwt: rpc error: code = Unavailable desc = token signing failed: threshold not met
T-sameregion-optimistic@v2nb-c200,621,1791052747990951584,2127540967,0,Internal error occurred: failed to generate token: while signing jwt: rpc error: code = Unavailable desc = token signing failed: threshold not met
T-sameregion-optimistic@v2nb-c200,677,1791052748150451025,1968484380,0,Internal error occurred: failed to generate token: while signing jwt: rpc error: code = Unavailable desc = token signing failed: threshold not met
T-sameregion-optimistic@v2nb-c200,711,1791052748168342442,1950618745,0,Internal error occurred: failed to generate token: while signing jwt: rpc error: code = Unavailable desc = token signing failed: threshold not met
T-sameregion-optimistic@v2nb-c200,613,1791052747990543587,2128421121,0,Internal error occurred: failed to generate token: while signing jwt: rpc error: code = Unavailable desc = token signing failed: threshold not met
T-sameregion-optimistic@v2nb-c200,619,1791052747990799957,2128177603,0,Internal error occurred: failed to generate token: while signing jwt: rpc error: code = Unavailable desc = token signing failed: threshold not met
T-sameregion-optimistic@v2nb-c200,683,1791052748158329183,1960886497,0,Internal error occurred: failed to generate token: while signing jwt: rpc error: code = Unavailable desc = token signing failed: threshold not met
T-sameregion-optimistic@v2nb-c200,709,1791052748163929255,1955586514,1,
T-sameregion-optimistic@v2nb-c200,716,1791052748174463675,1948599910,0,Internal error occurred: failed to generate token: while signing jwt: rpc error: code = Unavailable desc = token signing failed: threshold not met
T-sameregion-optimistic@v2nb-c200,593,1791052747982884684,2155371164,0,Internal error occurred: failed to generate token: while signing jwt: rpc error: code = Unavailable desc = token signing failed: threshold not met
T-sameregion-optimistic@v2nb-c200,622,1791052747991024169,2171774902,1,
T-sameregion-optimistic@v2nb-c200,671,1791052748079609117,2106798984,0,Internal error occurred: failed to generate token: while signing jwt: rpc error: code = Unavailable desc = token signing failed: threshold not met
T-sameregion-optimistic@v2nb-c200,749,1791052748262547581,1956092759,0,Internal error occurred: failed to generate token: while signing jwt: rpc error: code = Unavailable desc = token signing failed: threshold not met
T-sameregion-optimistic@v2nb-c200,734,1791052748209990945,2008658646,0,Internal error occurred: failed to generate token: while signing jwt: rpc error: code = Unavailable desc = token signing failed: threshold not met
T-sameregion-optimistic@v2nb-c200,706,1791052748160773839,2058072424,0,Internal error occurred: failed to generate token: while signing jwt: rpc error: code = Unavailable desc = token signing failed: threshold not met
T-sameregion-optimistic@v2nb-c200,750,1791052748262528814,1956665861,0,Internal error occurred: failed to generate token: while signing jwt: rpc error: code = Unavailable desc = token signing failed: threshold not met
T-sameregion-optimistic@v2nb-c200,753,1791052748266010880,1957633824,0,Internal error occurred: failed to generate token: while signing jwt: rpc error: code = Unavailable desc = token signing failed: threshold not met
T-sameregion-optimistic@v2nb-c200,775,1791052748281948818,1941852341,0,Internal error occurred: failed to generate token: while signing jwt: rpc error: code = Unavailable desc = token signing failed: threshold not met
T-sameregion-optimistic@v2nb-c200,781,1791052748285871922,1938114351,0,Internal error occurred: failed to generate token: while signing jwt: rpc error: code = Unavailable desc = token signing failed: threshold not met
T-sameregion-optimistic@v2nb-c200,731,1791052748206928736,2017302542,0,Internal error occurred: failed to generate token: while signing jwt: rpc error: code = Unavailable desc = token signing failed: threshold not met
T-sameregion-optimistic@v2nb-c200,739,1791052748250061287,1974542247,0,Internal error occurred: failed to generate token: while signing jwt: rpc error: code = Unavailable desc = token signing failed: threshold not met
T-sameregion-optimistic@v2nb-c200,757,1791052748272083802,1953013928,0,Internal error occurred: failed to generate token: while signing jwt: rpc error: code = Unavailable desc = token signing failed: threshold not met
T-sameregion-optimistic@v2nb-c200,685,1791052748158469679,2066628730,0,Internal error occurred: failed to generate token: while signing jwt: rpc error: code = Unavailable desc = token signing failed: threshold not met
T-sameregion-optimistic@v2nb-c200,738,1791052748249823063,1975540803,0,Internal error occurred: failed to generate token: while signing jwt: rpc error: code = Unavailable desc = token signing failed: threshold not met
T-sameregion-optimistic@v2nb-c200,779,1791052748284729717,1940686318,0,Internal error occurred: failed to generate token: while signing jwt: rpc error: code = Unavailable desc = token signing failed: threshold not met
T-sameregion-optimistic@v2nb-c200,729,1791052748206373054,2024281963,0,Internal error occurred: failed to generate token: while signing jwt: rpc error: code = Unavailable desc = token signing failed: threshold not met
T-sameregion-optimistic@v2nb-c200,732,1791052748206986457,2025973604,1,
T-sameregion-optimistic@v2nb-c200,755,1791052748268874503,1971105780,0,Internal error occurred: failed to generate token: while signing jwt: rpc error: code = Unavailable desc = token signing failed: threshold not met
T-sameregion-optimistic@v2nb-c200,606,1791052747990189061,2249815954,0,Internal error occurred: failed to generate token: while signing jwt: rpc error: code = Unavailable desc = token signing failed: threshold not met
T-sameregion-optimistic@v2nb-c200,618,1791052747990787802,2249303242,0,Internal error occurred: failed to generate token: while signing jwt: rpc error: code = Unavailable desc = token signing failed: threshold not met
T-sameregion-optimistic@v2nb-c200,809,1791052748364782839,1942396784,0,Internal error occurred: failed to generate token: while signing jwt: rpc error: code = Unavailable desc = token signing failed: threshold not met
T-sameregion-optimistic@v2nb-c200,777,1791052748283299249,2040984435,0,Internal error occurred: failed to generate token: while signing jwt: rpc error: code = Unavailable desc = token signing failed: threshold not met
T-sameregion-optimistic@v2nb-c200,819,1791052748370277000,1954475280,0,Internal error occurred: failed to generate token: while signing jwt: rpc error: code = Unavailable desc = token signing failed: threshold not met
T-sameregion-optimistic@v2nb-c200,820,1791052748370927583,1969813237,0,Internal error occurred: failed to generate token: while signing jwt: rpc error: code = Unavailable desc = token signing failed: threshold not met
T-sameregion-optimistic@v2nb-c200,778,1791052748284486674,2057521618,0,Internal error occurred: failed to generate token: while signing jwt: rpc error: code = Unavailable desc = token signing failed: threshold not met
T-sameregion-optimistic@v2nb-c200,836,1791052748452371244,1908954891,0,Internal error occurred: failed to generate token: while signing jwt: rpc error: code = Unavailable desc = token signing failed: threshold not met
T-sameregion-optimistic@v2nb-c200,931,1791052748667233611,1769860059,0,Internal error occurred: failed to generate token: while signing jwt: rpc error: code = Unavailable desc = token signing failed: threshold not met
T-sameregion-optimistic@v2nb-c200,974,1791052748755012410,1775081746,0,Internal error occurred: failed to generate token: while signing jwt: rpc error: code = Unavailable desc = token signing failed: threshold not met
