label,seq,start_unix_ns,latency_ns,ok,error
T-sameregion-optimistic@v2nb-c10,9,1791052763037948581,62256870,0,Internal error occurred: failed to generate token: while signing jwt: rpc error: code = Unavailable desc = token signing failed: threshold not met
T-sameregion-optimistic@v2nb-c10,8,1791052763037862178,62657754,0,Internal error occurred: failed to generate token: while signing jwt: rpc error: code = Unavailable desc = token signing failed: threshold not met
T-sameregion-optimistic@v2nb-c10,4,1791052763037612750,62911444,0,Internal error occurred: failed to generate token: while signing jwt: rpc error: code = Unavailable desc = token signing failed: threshold not met
T-sameregion-optimistic@v2nb-c10,1,1791052763037470541,63303196,0,Internal error occurred: failed to generate token: while signing jwt: rpc error: code = Unavailable desc = token signing failed: threshold not met
T-sameregion-optimistic@v2nb-c10,2,1791052763037487065,63490154,0,Internal error occurred: failed to generate token: while signing jwt: rpc error: code = Unavailable desc = token signing failed: threshold not met
T-sameregion-optimistic@v2nb-c10,5,1791052763037649610,63346211,0,Internal error occurred: failed to generate token: while signing jwt: rpc error: code = Unavailable desc = token signing failed: threshold not met
T-sameregion-optimistic@v2nb-c10,7,1791052763037794917,63367938,0,Internal error occurred: failed to generate token: while signing jwt: rpc error: code = Unavailable desc = token signing failed: threshold not met
T-sameregion-optimistic@v2nb-c10,6,1791052763037721918,96546325,1,
T-sameregion-optimistic@v2nb-c10,14,1791052763100777106,61229538,0,Internal error occurred: failed to generate token: while signing jwt: rpc error: code = Unavailable desc = token signing failed: threshold not met
T-sameregion-optimistic@v2nb-c10,15,1791052763100980622,61237142,0,Internal error occurred: failed to generate token: while signing jwt: rpc error: code = Unavailable desc = token signing failed: threshold not met
T-sameregion-optimistic@v2nb-c10,16,1791052763100998140,61444321,0,Internal error occurred: failed to generate token: while signing jwt: rpc error: code = Unavailable desc = token signing failed: threshold not met
T-sameregion-optimistic@v2nb-c10,11,1791052763100216684,62325361,0,Internal error occurred: failed to generate token: while signing jwt: rpc error: code = Unavailable desc = token signing failed: threshold not met
T-sameregion-optimistic@v2nb-c10,12,1791052763100523414,62136488,0,Internal error occurred: failed to generate token: while signing jwt: rpc error: code = Unavailable desc = token signing failed: threshold not met
T-sameregion-optimistic@v2nb-c10,10,1791052763037996879,195307054,1,
T-sameregion-optimistic@v2nb-c10,3,1791052763037554382,207518485,1,
T-sameregion-optimistic@v2nb-c10,25,1791052763245077926,79146702,0,Internal error occurred: failed to generate token: while signing jwt: rpc error: code = Unavailable desc = token signing failed: threshold not met
T-sameregion-optimistic@v2nb-c10,26,1791052763324231706,16697093,0,Internal error occurred: failed to generate token: while signing jwt: rpc error: code = Unavailable desc = token signing failed: threshold not met
T-sameregion-optimistic@v2nb-c10,13,1791052763100526499,240425389,1,
T-sameregion-optimistic@v2nb-c10,17,1791052763101165831,280350103,1,
T-sameregion-optimistic@v2nb-c10,18,1791052763134273222,340373717,1,
T-sameregion-optimistic@v2nb-c10,19,1791052763162013141,383050068,1,
T-sameregion-optimistic@v2nb-c10,21,1791052763162445032,464253612,1,
T-sameregion-optimistic@v2nb-c10,20,1791052763162221313,542968150,1,
T-sameregion-optimistic@v2nb-c10,23,1791052763162661680,586394230,1,
T-sameregion-optimistic@v2nb-c10,33,1791052763705195437,55990344,0,Internal error occurred: failed to generate token: while signing jwt: rpc error: code = Unavailable desc = token signing failed: threshold not met
T-sameregion-optimistic@v2nb-c10,34,1791052763749060753,50721866,0,Internal error occurred: failed to generate token: while signing jwt: rpc error: code = Unavailable desc = token signing failed: threshold not met
T-sameregion-optimistic@v2nb-c10,22,1791052763162544272,662899336,1,
T-sameregion-optimistic@v2nb-c10,35,1791052763761190717,79257074,0,Internal error occurred: failed to generate token: while signing jwt: rpc error: code = Unavailable desc = token signing failed: threshold not met
T-sameregion-optimistic@v2nb-c10,36,1791052763799788847,40691610,0,Internal error occurred: failed to generate token: while signing jwt: rpc error: code = Unavailable desc = token signing failed: threshold not met
T-sameregion-optimistic@v2nb-c10,24,1791052763233308690,648908526,1,
T-sameregion-optimistic@v2nb-c10,37,1791052763825448059,74661772,0,Internal error occurred: failed to generate token: while signing jwt: rpc error: code = Unavailable desc = token signing failed: threshold not met
T-sameregion-optimistic@v2nb-c10,39,1791052763840485098,59713123,0,Internal error occurred: failed to generate token: while signing jwt: rpc error: code = Unavailable desc = token signing failed: threshold not met
T-sameregion-optimistic@v2nb-c10,27,1791052763340935212,635818187,1,
T-sameregion-optimistic@v2nb-c10,43,1791052763976759760,63928419,0,Internal error occurred: failed to generate token: while signing jwt: rpc error: code = Unavailable desc = token signing failed: threshold not met
T-sameregion-optimistic@v2nb-c10,28,1791052763340955206,711809597,1,
T-sameregion-optimistic@v2nb-c10,45,1791052764052772814,8335486,0,Internal error occurred: failed to generate token: while signing jwt: rpc error: code = Unavailable desc = token signing failed: threshold not met
T-sameregion-optimistic@v2nb-c10,46,1791052764061113649,3986871,0,Internal error occurred: failed to generate token: while signing jwt: rpc error: code = Unavailable desc = token signing failed: threshold not met
T-sameregion-optimistic@v2nb-c10,29,1791052763381522742,743624638,1,
T-sameregion-optimistic@v2nb-c10,30,1791052763474652533,745002398,1,
T-sameregion-optimistic@v2nb-c10,31,1791052763545068551,714321068,1,
T-sameregion-optimistic@v2nb-c10,50,1791052764259396097,40387027,0,Internal error occurred: failed to generate token: while signing jwt: rpc error: code = Unavailable desc = token signing failed: threshold not met
T-sameregion-optimistic@v2nb-c10,32,1791052763626704135,703268534,1,
T-sameregion-optimistic@v2nb-c10,52,1791052764329977224,10405102,0,Internal error occurred: failed to generate token: while signing jwt: rpc error: code = Unavailable desc = token signing failed: threshold not met
T-sameregion-optimistic@v2nb-c10,53,1791052764340388610,59579275,0,Internal error occurred: failed to generate token: while signing jwt: rpc error: code = Unavailable desc = token signing failed: threshold not met
T-sameregion-optimistic@v2nb-c10,38,1791052763840453617,583864718,1,
T-sameregion-optimistic@v2nb-c10,55,1791052764424324458,37301723,0,Internal error occurred: failed to generate token: while signing jwt: rpc error: code = Unavailable desc = token signing failed: threshold not met
T-sameregion-optimistic@v2nb-c10,54,1791052764399972167,61654007,0,Internal error occurred: failed to generate token: while signing jwt: rpc error: code = Unavailable desc = token signing failed: threshold not met
T-sameregion-optimistic@v2nb-c10,40,1791052763882222763,582260058,1,
T-sameregion-optimistic@v2nb-c10,41,1791052763900116395,582181340,1,
T-sameregion-optimistic@v2nb-c10,42,1791052763900201214,657392866,1,
T-sameregion-optimistic@v2nb-c10,44,1791052764040696874,591086657,1,
T-sameregion-optimistic@v2nb-c10,61,1791052764631789995,29591274,0,Internal error occurred: failed to generate token: while signing jwt: rpc error: code = Unavailable desc = token signing failed: threshold not met
T-sameregion-optimistic@v2nb-c10,47,1791052764065106723,660355232,1,
T-sameregion-optimistic@v2nb-c10,62,1791052764661386579,79127042,0,Internal error occurred: failed to generate token: while signing jwt: rpc error: code = Unavailable desc = token signing failed: threshold not met
T-sameregion-optimistic@v2nb-c10,63,1791052764725469406,74631603,0,Internal error occurred: failed to generate token: while signing jwt: rpc error: code = Unavailable desc = token signing failed: threshold not met
T-sameregion-optimistic@v2nb-c10,48,1791052764125152866,688923410,1,
T-sameregion-optimistic@v2nb-c10,64,1791052764740518576,77824102,0,Internal error occurred: failed to generate token: while signing jwt: rpc error: code = Unavailable desc = token signing failed: threshold not met
T-sameregion-optimistic@v2nb-c10,49,1791052764219659640,637035161,1,
T-sameregion-optimistic@v2nb-c10,66,1791052764814082730,46810585,0,Internal error occurred: failed to generate token: while signing jwt: rpc error: code = Unavailable desc = token signing failed: threshold not met
T-sameregion-optimistic@v2nb-c10,69,1791052764860898155,57637325,0,Internal error occurred: failed to generate token: while signing jwt: rpc error: code = Unavailable desc = token signing failed: threshold not met
T-sameregion-optimistic@v2nb-c10,68,1791052764856700293,61875064,0,Internal error occurred: failed to generate token: while signing jwt: rpc error: code = Unavailable desc = token signing failed: threshold not met
T-sameregion-optimistic@v2nb-c10,51,1791052764299789469,650768761,1,
T-sameregion-optimistic@v2nb-c10,57,1791052764461631244,601570786,1,
T-sameregion-optimistic@v2nb-c10,56,1791052764461654655,601818677,1,
T-sameregion-optimistic@v2nb-c10,73,1791052765063208397,60851949,0,Internal error occurred: failed to generate token: while signing jwt: rpc error: code = Unavailable desc = token signing failed: threshold not met
T-sameregion-optimistic@v2nb-c10,75,1791052765124066108,37218220,0,Internal error occurred: failed to generate token: while signing jwt: rpc error: code = Unavailable desc = token signing failed: threshold not met
T-sameregion-optimistic@v2nb-c10,58,1791052764464487787,709953586,1,
T-sameregion-optimistic@v2nb-c10,59,1791052764482309037,746733442,1,
T-sameregion-optimistic@v2nb-c10,78,1791052765229047673,70714900,0,Internal error occurred: failed to generate token: while signing jwt: rpc error: code = Unavailable desc = token signing failed: threshold not met
T-sameregion-optimistic@v2nb-c10,60,1791052764557599449,764926879,1,
T-sameregion-optimistic@v2nb-c10,65,1791052764800106051,539937462,1,
T-sameregion-optimistic@v2nb-c10,80,1791052765322531025,77552859,0,Internal error occurred: failed to generate token: while signing jwt: rpc error: code = Unavailable desc = token signing failed: threshold not met
T-sameregion-optimistic@v2nb-c10,67,1791052764818349552,593970203,1,
T-sameregion-optimistic@v2nb-c10,71,1791052764918579296,608578110,1,
T-sameregion-optimistic@v2nb-c10,70,1791052764918541583,631393340,1,
T-sameregion-optimistic@v2nb-c10,84,1791052765527176608,34142246,0,Internal error occurred: failed to generate token: while signing jwt: rpc error: code = Unavailable desc = token signing failed: threshold not met
T-sameregion-optimistic@v2nb-c10,72,1791052764950563652,632506897,1,
T-sameregion-optimistic@v2nb-c10,87,1791052765583075249,57483116,0,Internal error occurred: failed to generate token: while signing jwt: rpc error: code = Unavailable desc = token signing failed: threshold not met
T-sameregion-optimistic@v2nb-c10,74,1791052765063475844,596778123,1,
T-sameregion-optimistic@v2nb-c10,88,1791052765640564226,59236430,0,Internal error occurred: failed to generate token: while signing jwt: rpc error: code = Unavailable desc = token signing failed: threshold not met
T-sameregion-optimistic@v2nb-c10,76,1791052765161289451,593310368,1,
T-sameregion-optimistic@v2nb-c10,90,1791052765699805779,61168632,0,Internal error occurred: failed to generate token: while signing jwt: rpc error: code = Unavailable desc = token signing failed: threshold not met
T-sameregion-optimistic@v2nb-c10,92,1791052765760979448,62870510,0,Internal error occurred: failed to generate token: while signing jwt: rpc error: code = Unavailable desc = token signing failed: threshold not met
T-sameregion-optimistic@v2nb-c10,77,1791052765174448702,680040975,1,
T-sameregion-optimistic@v2nb-c10,93,1791052765823854762,36496913,0,Internal error occurred: failed to generate token: while signing jwt: rpc error: code = Unavailable desc = token signing failed: threshold not met
T-sameregion-optimistic@v2nb-c10,94,1791052765854495557,8152354,0,Internal error occurred: failed to generate token: while signing jwt: rpc error: code = Unavailable desc = token signing failed: threshold not met
T-sameregion-optimistic@v2nb-c10,79,1791052765299768695,581513035,1,
T-sameregion-optimistic@v2nb-c10,81,1791052765340048621,596285272,1,
T-sameregion-optimistic@v2nb-c10,96,1791052765862652696,78533112,0,Internal error occurred: failed to generate token: while signing jwt: rpc error: code = Unavailable desc = token signing failed: threshold not met
T-sameregion-optimistic@v2nb-c10,98,1791052765936339570,4922074,0,Internal error occurred: failed to generate token: while signing jwt: rpc error: code = Unavailable desc = token signing failed: threshold not met
T-sameregion-optimistic@v2nb-c10,99,1791052765941191176,82907087,0,Internal error occurred: failed to generate token: while signing jwt: rpc error: code = Unavailable desc = token signing failed: threshold not met
T-sameregion-optimistic@v2nb-c10,101,1791052766024104071,12921955,0,Internal error occurred: failed to generate token: while signing jwt: rpc error: code = Unavailable desc = token signing failed: threshold not met
T-sameregion-optimistic@v2nb-c10,82,1791052765400090918,648851530,1,
T-sameregion-optimistic@v2nb-c10,83,1791052765412324396,696095515,1,
T-sameregion-optimistic@v2nb-c10,103,1791052766048948051,74881383,0,Internal error occurred: failed to generate token: while signing jwt: rpc error: code = Unavailable desc = token signing failed: threshold not met
T-sameregion-optimistic@v2nb-c10,104,1791052766108426349,52876005,0,Internal error occurred: failed to generate token: while signing jwt: rpc error: code = Unavailable desc = token signing failed: threshold not met
T-sameregion-optimistic@v2nb-c10,85,1791052765549949788,632812621,1,
T-sameregion-optimistic@v2nb-c10,105,1791052766123837251,75834637,0,Internal error occurred: failed to generate token: while signing jwt: rpc error: code = Unavailable desc = token signing failed: threshold not met
T-sameregion-optimistic@v2nb-c10,107,1791052766182767599,40929115,0,Internal error occurred: failed to generate token: while signing jwt: rpc error: code = Unavailable desc = token signing failed: threshold not met
T-sameregion-optimistic@v2nb-c10,86,1791052765561324707,675979280,1,
T-sameregion-optimistic@v2nb-c10,109,1791052766223701180,37495660,0,Internal error occurred: failed to generate token: while signing jwt: rpc error: code = Unavailable desc = token signing failed: threshold not met
T-sameregion-optimistic@v2nb-c10,110,1791052766237308509,24057567,0,Internal error occurred: failed to generate token: while signing jwt: rpc error: code = Unavailable desc = token signing failed: threshold not met
T-sameregion-optimistic@v2nb-c10,89,1791052765660258888,673033885,1,
T-sameregion-optimistic@v2nb-c10,113,1791052766333300596,7493774,0,Internal error occurred: failed to generate token: while signing jwt: rpc error: code = Unavailable desc = token signing failed: threshold not met
T-sameregion-optimistic@v2nb-c10,112,1791052766261369336,79425927,0,Internal error occurred: failed to generate token: while signing jwt: rpc error: code = Unavailable desc = token signing failed: threshold not met
T-sameregion-optimistic@v2nb-c10,111,1791052766261201851,79662436,0,Internal error occurred: failed to generate token: while signing jwt: rpc error: code = Unavailable desc = token signing failed: threshold not met
T-sameregion-optimistic@v2nb-c10,115,1791052766340800008,83514199,0,Internal error occurred: failed to generate token: while signing jwt: rpc error: code = Unavailable desc = token signing failed: threshold not met
T-sameregion-optimistic@v2nb-c10,114,1791052766340800356,83554099,0,Internal error occurred: failed to generate token: while signing jwt: rpc error: code = Unavailable desc = token signing failed: threshold not met
T-sameregion-optimistic@v2nb-c10,91,1791052765754605624,671941512,1,
T-sameregion-optimistic@v2nb-c10,106,1791052766161307009,285029380,0,Internal error occurred: failed to generate token: while signing jwt: rpc error: code = Unavailable desc = token signing failed: threshold not met
T-sameregion-optimistic@v2nb-c10,95,1791052765860356085,622701028,1,
T-sameregion-optimistic@v2nb-c10,117,1791052766424320471,76418930,0,Internal error occurred: failed to generate token: while signing jwt: rpc error: code = Unavailable desc = token signing failed: threshold not met
T-sameregion-optimistic@v2nb-c10,119,1791052766426550853,74227711,0,Internal error occurred: failed to generate token: while signing jwt: rpc error: code = Unavailable desc = token signing failed: threshold not met
T-sameregion-optimistic@v2nb-c10,120,1791052766446341313,73132712,0,Internal error occurred: failed to generate token: while signing jwt: rpc error: code = Unavailable desc = token signing failed: threshold not met
T-sameregion-optimistic@v2nb-c10,121,1791052766483061732,58358208,0,Internal error occurred: failed to generate token: while signing jwt: rpc error: code = Unavailable desc = token signing failed: threshold not met
T-sameregion-optimistic@v2nb-c10,97,1791052765881287178,672305001,1,
T-sameregion-optimistic@v2nb-c10,122,1791052766500745408,61101404,0,Internal error occurred: failed to generate token: while signing jwt: rpc error: code = Unavailable desc = token signing failed: threshold not met
T-sameregion-optimistic@v2nb-c10,123,1791052766500781581,61073031,0,Internal error occurred: failed to generate token: while signing jwt: rpc error: code = Unavailable desc = token signing failed: threshold not met
T-sameregion-optimistic@v2nb-c10,124,1791052766519479622,80744202,0,Internal error occurred: failed to generate token: while signing jwt: rpc error: code = Unavailable desc = token signing failed: threshold not met
T-sameregion-optimistic@v2nb-c10,126,1791052766553598868,70820059,0,Internal error occurred: failed to generate token: while signing jwt: rpc error: code = Unavailable desc = token signing failed: threshold not met
T-sameregion-optimistic@v2nb-c10,127,1791052766561852076,62574169,0,Internal error occurred: failed to generate token: while signing jwt: rpc error: code = Unavailable desc = token signing failed: threshold not met
T-sameregion-optimistic@v2nb-c10,130,1791052766624424674,36581644,0,Internal error occurred: failed to generate token: while signing jwt: rpc error: code = Unavailable desc = token signing failed: threshold not met
T-sameregion-optimistic@v2nb-c10,100,1791052765941264989,730439986,1,
T-sameregion-optimistic@v2nb-c10,102,1791052766037030476,700914754,1,
T-sameregion-optimistic@v2nb-c10,133,1791052766671711833,68904765,0,Internal error occurred: failed to generate token: while signing jwt: rpc error: code = Unavailable desc = token signing failed: threshold not met
T-sameregion-optimistic@v2nb-c10,108,1791052766199676775,584873490,1,
T-sameregion-optimistic@v2nb-c10,136,1791052766784555585,55980902,0,Internal error occurred: failed to generate token: while signing jwt: rpc error: code = Unavailable desc = token signing failed: threshold not met
T-sameregion-optimistic@v2nb-c10,116,1791052766340866144,516157317,1,
T-sameregion-optimistic@v2nb-c10,137,1791052766840541334,77953621,0,Internal error occurred: failed to generate token: while signing jwt: rpc error: code = Unavailable desc = token signing failed: threshold not met
T-sameregion-optimistic@v2nb-c10,118,1791052766424357274,516689142,1,
T-sameregion-optimistic@v2nb-c10,125,1791052766541425614,504218975,1,
T-sameregion-optimistic@v2nb-c10,128,1791052766561858054,542420765,1,
T-sameregion-optimistic@v2nb-c10,129,1791052766600232666,556217106,1,
T-sameregion-optimistic@v2nb-c10,131,1791052766624428754,589616672,1,
T-sameregion-optimistic@v2nb-c10,144,1791052767214050402,9188856,0,Internal error occurred: failed to generate token: while signing jwt: rpc error: code = Unavailable desc = token signing failed: threshold not met
T-sameregion-optimistic@v2nb-c10,132,1791052766661012516,613041042,1,
T-sameregion-optimistic@v2nb-c10,146,1791052767274060264,66611750,0,Internal error occurred: failed to generate token: while signing jwt: rpc error: code = Unavailable desc = token signing failed: threshold not met
T-sameregion-optimistic@v2nb-c10,134,1791052766737950847,627060227,1,
T-sameregion-optimistic@v2nb-c10,147,1791052767340676897,83332378,0,Internal error occurred: failed to generate token: while signing jwt: rpc error: code = Unavailable desc = token signing failed: threshold not met
T-sameregion-optimistic@v2nb-c10,135,1791052766740621541,683551147,1,
T-sameregion-optimistic@v2nb-c10,148,1791052767365017951,59345393,0,Internal error occurred: failed to generate token: while signing jwt: rpc error: code = Unavailable desc = token signing failed: threshold not met
T-sameregion-optimistic@v2nb-c10,151,1791052767424366768,37171608,0,Internal error occurred: failed to generate token: while signing jwt: rpc error: code = Unavailable desc = token signing failed: threshold not met
T-sameregion-optimistic@v2nb-c10,138,1791052766857030463,623405284,1,
T-sameregion-optimistic@v2nb-c10,152,1791052767461544763,62376626,0,Internal error occurred: failed to generate token: while signing jwt: rpc error: code = Unavailable desc = token signing failed: threshold not met
T-sameregion-optimistic@v2nb-c10,139,1791052766918501076,655988543,1,
T-sameregion-optimistic@v2nb-c10,140,1791052766941051472,688559609,1,
T-sameregion-optimistic@v2nb-c10,156,1791052767629616973,11231399,0,Internal error occurred: failed to generate token: while signing jwt: rpc error: code = Unavailable desc = token signing failed: threshold not met
T-sameregion-optimistic@v2nb-c10,141,1791052767045652012,638826672,1,
T-sameregion-optimistic@v2nb-c10,158,1791052767684484155,39173830,0,Internal error occurred: failed to generate token: while signing jwt: rpc error: code = Unavailable desc = token signing failed: threshold not met
T-sameregion-optimistic@v2nb-c10,159,1791052767723665139,16723588,0,Internal error occurred: failed to generate token: while signing jwt: rpc error: code = Unavailable desc = token signing failed: threshold not met
T-sameregion-optimistic@v2nb-c10,142,1791052767104285777,648887101,1,
T-sameregion-optimistic@v2nb-c10,161,1791052767753178588,65652375,0,Internal error occurred: failed to generate token: while signing jwt: rpc error: code = Unavailable desc = token signing failed: threshold not met
T-sameregion-optimistic@v2nb-c10,143,1791052767156454911,694533146,1,
T-sameregion-optimistic@v2nb-c10,162,1791052767818837287,80699151,0,Internal error occurred: failed to generate token: while signing jwt: rpc error: code = Unavailable desc = token signing failed: threshold not met
T-sameregion-optimistic@v2nb-c10,163,1791052767850993297,48758490,0,Internal error occurred: failed to generate token: while signing jwt: rpc error: code = Unavailable desc = token signing failed: threshold not met
T-sameregion-optimistic@v2nb-c10,145,1791052767223245938,707419413,1,
T-sameregion-optimistic@v2nb-c10,166,1791052767930674716,31146010,0,Internal error occurred: failed to generate token: while signing jwt: rpc error: code = Unavailable desc = token signing failed: threshold not met
T-sameregion-optimistic@v2nb-c10,165,1791052767899756609,62071359,0,Internal error occurred: failed to generate token: while signing jwt: rpc error: code = Unavailable desc = token signing failed: threshold not met
T-sameregion-optimistic@v2nb-c10,149,1791052767424041410,558118657,1,
T-sameregion-optimistic@v2nb-c10,150,1791052767424176449,601144123,1,
T-sameregion-optimistic@v2nb-c10,167,1791052767961826590,79061432,0,Internal error occurred: failed to generate token: while signing jwt: rpc error: code = Unavailable desc = token signing failed: threshold not met
T-sameregion-optimistic@v2nb-c10,169,1791052767982166477,58839748,0,Internal error occurred: failed to generate token: while signing jwt: rpc error: code = Unavailable desc = token signing failed: threshold not met
T-sameregion-optimistic@v2nb-c10,168,1791052767961831044,79245245,0,Internal error occurred: failed to generate token: while signing jwt: rpc error: code = Unavailable desc = token signing failed: threshold not met
T-sameregion-optimistic@v2nb-c10,170,1791052768025327958,36375028,0,Internal error occurred: failed to generate token: while signing jwt: rpc error: code = Unavailable desc = token signing failed: threshold not met
T-sameregion-optimistic@v2nb-c10,172,1791052768041009636,78259591,0,Internal error occurred: failed to generate token: while signing jwt: rpc error: code = Unavailable desc = token signing failed: threshold not met
T-sameregion-optimistic@v2nb-c10,153,1791052767480441304,640671634,1,
T-sameregion-optimistic@v2nb-c10,154,1791052767523928212,679467814,1,
T-sameregion-optimistic@v2nb-c10,155,1791052767574494769,657136081,1,
T-sameregion-optimistic@v2nb-c10,157,1791052767640870754,642333640,1,
T-sameregion-optimistic@v2nb-c10,160,1791052767740396272,638435115,1,
T-sameregion-optimistic@v2nb-c10,164,1791052767899542136,550646906,1,
T-sameregion-optimistic@v2nb-c10,180,1791052768378839349,83449122,0,Internal error occurred: failed to generate token: while signing jwt: rpc error: code = Unavailable desc = token signing failed: threshold not met
T-sameregion-optimistic@v2nb-c10,171,1791052768040894370,503443763,1,
T-sameregion-optimistic@v2nb-c10,183,1791052768544343359,17277057,0,Internal error occurred: failed to generate token: while signing jwt: rpc error: code = Unavailable desc = token signing failed: threshold not met
T-sameregion-optimistic@v2nb-c10,173,1791052768041078620,520983277,1,
T-sameregion-optimistic@v2nb-c10,184,1791052768561626313,57156956,0,Internal error occurred: failed to generate token: while signing jwt: rpc error: code = Unavailable desc = token signing failed: threshold not met
T-sameregion-optimistic@v2nb-c10,174,1791052768061708195,561905785,1,
T-sameregion-optimistic@v2nb-c10,186,1791052768618793654,42292804,0,Internal error occurred: failed to generate token: while signing jwt: rpc error: code = Unavailable desc = token signing failed: threshold not met
T-sameregion-optimistic@v2nb-c10,175,1791052768119275850,600349459,1,
T-sameregion-optimistic@v2nb-c10,176,1791052768121118851,648665788,1,
T-sameregion-optimistic@v2nb-c10,177,1791052768203400939,626195666,1,
T-sameregion-optimistic@v2nb-c10,190,1791052768769790022,71043282,0,Internal error occurred: failed to generate token: while signing jwt: rpc error: code = Unavailable desc = token signing failed: threshold not met
T-sameregion-optimistic@v2nb-c10,191,1791052768829686258,70274034,0,Internal error occurred: failed to generate token: while signing jwt: rpc error: code = Unavailable desc = token signing failed: threshold not met
T-sameregion-optimistic@v2nb-c10,178,1791052768231637393,681479005,1,
T-sameregion-optimistic@v2nb-c10,193,1791052768899965897,43157116,0,Internal error occurred: failed to generate token: while signing jwt: rpc error: code = Unavailable desc = token signing failed: threshold not met
T-sameregion-optimistic@v2nb-c10,179,1791052768283211035,678025773,1,
T-sameregion-optimistic@v2nb-c10,181,1791052768450195891,585184353,1,
T-sameregion-optimistic@v2nb-c10,196,1791052768961243675,79013233,0,Internal error occurred: failed to generate token: while signing jwt: rpc error: code = Unavailable desc = token signing failed: threshold not met
T-sameregion-optimistic@v2nb-c10,182,1791052768462306729,666195347,1,
T-sameregion-optimistic@v2nb-c10,185,1791052768562064738,653208529,1,
T-sameregion-optimistic@v2nb-c10,187,1791052768623620514,649577402,1,
T-sameregion-optimistic@v2nb-c10,188,1791052768661093039,672045002,1,
T-sameregion-optimistic@v2nb-c10,202,1791052769333144040,66833391,0,Internal error occurred: failed to generate token: while signing jwt: rpc error: code = Unavailable desc = token signing failed: threshold not met
T-sameregion-optimistic@v2nb-c10,189,1791052768719630870,695931588,1,
T-sameregion-optimistic@v2nb-c10,204,1791052769415569292,45708476,0,Internal error occurred: failed to generate token: while signing jwt: rpc error: code = Unavailable desc = token signing failed: threshold not met
T-sameregion-optimistic@v2nb-c10,192,1791052768840839173,636047062,1,
T-sameregion-optimistic@v2nb-c10,205,1791052769461282572,57546156,0,Internal error occurred: failed to generate token: while signing jwt: rpc error: code = Unavailable desc = token signing failed: threshold not met
T-sameregion-optimistic@v2nb-c10,206,1791052769476891491,42146662,0,Internal error occurred: failed to generate token: while signing jwt: rpc error: code = Unavailable desc = token signing failed: threshold not met
T-sameregion-optimistic@v2nb-c10,194,1791052768913634697,638892962,1,
T-sameregion-optimistic@v2nb-c10,208,1791052769519041743,81361227,0,Internal error occurred: failed to generate token: while signing jwt: rpc error: code = Unavailable desc = token signing failed: threshold not met
T-sameregion-optimistic@v2nb-c10,207,1791052769518834707,81658197,0,Internal error occurred: failed to generate token: while signing jwt: rpc error: code = Unavailable desc = token signing failed: threshold not met
T-sameregion-optimistic@v2nb-c10,195,1791052768943180597,688869591,1,
T-sameregion-optimistic@v2nb-c10,197,1791052769035385682,677690528,1,
T-sameregion-optimistic@v2nb-c10,213,1791052769713080643,10321277,0,Internal error occurred: failed to generate token: while signing jwt: rpc error: code = Unavailable desc = token signing failed: threshold not met
T-sameregion-optimistic@v2nb-c10,214,1791052769723406809,17038519,0,Internal error occurred: failed to generate token: while signing jwt: rpc error: code = Unavailable desc = token signing failed: threshold not met
T-sameregion-optimistic@v2nb-c10,198,1791052769040263685,735072257,1,
T-sameregion-optimistic@v2nb-c10,215,1791052769740449865,78623560,0,Internal error occurred: failed to generate token: while signing jwt: rpc error: code = Unavailable desc = token signing failed: threshold not met
T-sameregion-optimistic@v2nb-c10,199,1791052769128507166,709649748,1,
T-sameregion-optimistic@v2nb-c10,218,1791052769838161670,4712862,0,Internal error occurred: failed to generate token: while signing jwt: rpc error: code = Unavailable desc = token signing failed: threshold not met
T-sameregion-optimistic@v2nb-c10,200,1791052769215278485,715928133,1,
T-sameregion-optimistic@v2nb-c10,201,1791052769273203319,739621643,1,
T-sameregion-optimistic@v2nb-c10,203,1791052769399982118,676472073,1,
T-sameregion-optimistic@v2nb-c10,209,1791052769552534393,583780717,1,
T-sameregion-optimistic@v2nb-c10,222,1791052770076463992,64398863,0,Internal error occurred: failed to generate token: while signing jwt: rpc error: code = Unavailable desc = token signing failed: threshold not met
T-sameregion-optimistic@v2nb-c10,223,1791052770136321080,5918189,0,Internal error occurred: failed to generate token: while signing jwt: rpc error: code = Unavailable desc = token signing failed: threshold not met
T-sameregion-optimistic@v2nb-c10,224,1791052770140869578,21058885,0,Internal error occurred: failed to generate token: while signing jwt: rpc error: code = Unavailable desc = token signing failed: threshold not met
T-sameregion-optimistic@v2nb-c10,225,1791052770142409519,57363285,0,Internal error occurred: failed to generate token: while signing jwt: rpc error: code = Unavailable desc = token signing failed: threshold not met
T-sameregion-optimistic@v2nb-c10,211,1791052769600495890,616209403,1,
T-sameregion-optimistic@v2nb-c10,226,1791052770161934278,79437985,0,Internal error occurred: failed to generate token: while signing jwt: rpc error: code = Unavailable desc = token signing failed: threshold not met
T-sameregion-optimistic@v2nb-c10,227,1791052770199779014,41593179,0,Internal error occurred: failed to generate token: while signing jwt: rpc error: code = Unavailable desc = token signing failed: threshold not met
T-sameregion-optimistic@v2nb-c10,228,1791052770216710158,44355577,0,Internal error occurred: failed to generate token: while signing jwt: rpc error: code = Unavailable desc = token signing failed: threshold not met
T-sameregion-optimistic@v2nb-c10,229,1791052770241378167,63116136,0,Internal error occurred: failed to generate token: while signing jwt: rpc error: code = Unavailable desc = token signing failed: threshold not met
T-sameregion-optimistic@v2nb-c10,210,1791052769600409245,724346408,1,
T-sameregion-optimistic@v2nb-c10,212,1791052769632057107,709644902,1,
T-sameregion-optimistic@v2nb-c10,216,1791052769775340438,671247531,1,
T-sameregion-optimistic@v2nb-c10,217,1791052769819080291,665995288,1,
T-sameregion-optimistic@v2nb-c10,219,1791052769842879006,714828923,1,
T-sameregion-optimistic@v2nb-c10,237,1791052770557721544,4887656,0,Internal error occurred: failed to generate token: while signing jwt: rpc error: code = Unavailable desc = token signing failed: threshold not met
T-sameregion-optimistic@v2nb-c10,220,1791052769931211937,710408584,1,
T-sameregion-optimistic@v2nb-c10,221,1791052770012830958,722188021,1,
T-sameregion-optimistic@v2nb-c10,230,1791052770241398591,522460412,1,
T-sameregion-optimistic@v2nb-c10,241,1791052770763864215,77117209,0,Internal error occurred: failed to generate token: while signing jwt: rpc error: code = Unavailable desc = token signing failed: threshold not met
T-sameregion-optimistic@v2nb-c10,231,1791052770261070170,597098605,1,
T-sameregion-optimistic@v2nb-c10,243,1791052770858174672,82429025,0,Internal error occurred: failed to generate token: while signing jwt: rpc error: code = Unavailable desc = token signing failed: threshold not met
T-sameregion-optimistic@v2nb-c10,232,1791052770304499789,670264307,1,
T-sameregion-optimistic@v2nb-c10,245,1791052770974771727,25825039,0,Internal error occurred: failed to generate token: while signing jwt: rpc error: code = Unavailable desc = token signing failed: threshold not met
T-sameregion-optimistic@v2nb-c10,244,1791052770940608739,59999942,0,Internal error occurred: failed to generate token: while signing jwt: rpc error: code = Unavailable desc = token signing failed: threshold not met
T-sameregion-optimistic@v2nb-c10,233,1791052770324760887,679922073,1,
T-sameregion-optimistic@v2nb-c10,247,1791052771000611217,42009444,0,Internal error occurred: failed to generate token: while signing jwt: rpc error: code = Unavailable desc = token signing failed: threshold not met
T-sameregion-optimistic@v2nb-c10,246,1791052771000602780,42230661,0,Internal error occurred: failed to generate token: while signing jwt: rpc error: code = Unavailable desc = token signing failed: threshold not met
T-sameregion-optimistic@v2nb-c10,234,1791052770341708733,722931654,1,
T-sameregion-optimistic@v2nb-c10,235,1791052770446592745,712138282,1,
T-sameregion-optimistic@v2nb-c10,236,1791052770485082395,692166693,1,
T-sameregion-optimistic@v2nb-c10,253,1791052771177253727,41905386,0,Internal error occurred: failed to generate token: while signing jwt: rpc error: code = Unavailable desc = token signing failed: threshold not met
T-sameregion-optimistic@v2nb-c10,238,1791052770562616098,707367160,1,
T-sameregion-optimistic@v2nb-c10,239,1791052770641625414,688596043,1,
T-sameregion-optimistic@v2nb-c10,240,1791052770735024410,647172915,1,
T-sameregion-optimistic@v2nb-c10,242,1791052770840988226,616439631,1,
T-sameregion-optimistic@v2nb-c10,258,1791052771457439877,4396563,0,Internal error occurred: failed to generate token: while signing jwt: rpc error: code = Unavailable desc = token signing failed: threshold not met
T-sameregion-optimistic@v2nb-c10,259,1791052771461841156,3744759,0,Internal error occurred: failed to generate token: while signing jwt: rpc error: code = Unavailable desc = token signing failed: threshold not met
T-sameregion-optimistic@v2nb-c10,260,1791052771465590419,58482614,0,Internal error occurred: failed to generate token: while signing jwt: rpc error: code = Unavailable desc = token signing failed: threshold not met
T-sameregion-optimistic@v2nb-c10,248,1791052771004687846,546086748,1,
T-sameregion-optimistic@v2nb-c10,261,1791052771524083102,76003634,0,Internal error occurred: failed to generate token: while signing jwt: rpc error: code = Unavailable desc = token signing failed: threshold not met
T-sameregion-optimistic@v2nb-c10,249,1791052771042627324,587153250,1,
T-sameregion-optimistic@v2nb-c10,263,1791052771600091957,61110474,0,Internal error occurred: failed to generate token: while signing jwt: rpc error: code = Unavailable desc = token signing failed: threshold not met
T-sameregion-optimistic@v2nb-c10,250,1791052771042837197,619182232,1,
T-sameregion-optimistic@v2nb-c10,265,1791052771661207419,62558173,0,Internal error occurred: failed to generate token: while signing jwt: rpc error: code = Unavailable desc = token signing failed: threshold not met
T-sameregion-optimistic@v2nb-c10,266,1791052771662022902,61844549,0,Internal error occurred: failed to generate token: while signing jwt: rpc error: code = Unavailable desc = token signing failed: threshold not met
T-sameregion-optimistic@v2nb-c10,267,1791052771723772225,6415043,0,Internal error occurred: failed to generate token: while signing jwt: rpc error: code = Unavailable desc = token signing failed: threshold not met
T-sameregion-optimistic@v2nb-c10,251,1791052771064646187,676180207,1,
T-sameregion-optimistic@v2nb-c10,269,1791052771730193313,69555598,0,Internal error occurred: failed to generate token: while signing jwt: rpc error: code = Unavailable desc = token signing failed: threshold not met
T-sameregion-optimistic@v2nb-c10,270,1791052771740831330,77762313,0,Internal error occurred: failed to generate token: while signing jwt: rpc error: code = Unavailable desc = token signing failed: threshold not met
T-sameregion-optimistic@v2nb-c10,252,1791052771158736124,677968741,1,
T-sameregion-optimistic@v2nb-c10,273,1791052771836710243,24339261,0,Internal error occurred: failed to generate token: while signing jwt: rpc error: code = Unavailable desc = token signing failed: threshold not met
T-sameregion-optimistic@v2nb-c10,271,1791052771799754874,61295571,0,Internal error occurred: failed to generate token: while signing jwt: rpc error: code = Unavailable desc = token signing failed: threshold not met
T-sameregion-optimistic@v2nb-c10,275,1791052771861054626,39254275,0,Internal error occurred: failed to generate token: while signing jwt: rpc error: code = Unavailable desc = token signing failed: threshold not met
T-sameregion-optimistic@v2nb-c10,254,1791052771219164166,702202575,1,
T-sameregion-optimistic@v2nb-c10,276,1791052771900313968,41251984,0,Internal error occurred: failed to generate token: while signing jwt: rpc error: code = Unavailable desc = token signing failed: threshold not met
T-sameregion-optimistic@v2nb-c10,277,1791052771921373065,20254998,0,Internal error occurred: failed to generate token: while signing jwt: rpc error: code = Unavailable desc = token signing failed: threshold not met
T-sameregion-optimistic@v2nb-c10,255,1791052771269988829,747428290,1,
T-sameregion-optimistic@v2nb-c10,279,1791052771941630759,84596144,0,Internal error occurred: failed to generate token: while signing jwt: rpc error: code = Unavailable desc = token signing failed: threshold not met
T-sameregion-optimistic@v2nb-c10,280,1791052772017421989,11198577,0,Internal error occurred: failed to generate token: while signing jwt: rpc error: code = Unavailable desc = token signing failed: threshold not met
T-sameregion-optimistic@v2nb-c10,281,1791052772026231825,14570874,0,Internal error occurred: failed to generate token: while signing jwt: rpc error: code = Unavailable desc = token signing failed: threshold not met
T-sameregion-optimistic@v2nb-c10,256,1791052771330228657,711383083,1,
T-sameregion-optimistic@v2nb-c10,257,1791052771382203102,754055791,1,
T-sameregion-optimistic@v2nb-c10,262,1791052771550779628,618524761,1,
T-sameregion-optimistic@v2nb-c10,264,1791052771629786558,634824526,1,
T-sameregion-optimistic@v2nb-c10,268,1791052771723870168,592227211,1,
T-sameregion-optimistic@v2nb-c10,272,1791052771818599940,554893607,1,
T-sameregion-optimistic@v2nb-c10,289,1791052772373498201,50779397,0,Internal error occurred: failed to generate token: while signing jwt: rpc error: code = Unavailable desc = token signing failed: threshold not met
T-sameregion-optimistic@v2nb-c10,274,1791052771861054630,596554543,1,
T-sameregion-optimistic@v2nb-c10,290,1791052772424283874,75426442,0,Internal error occurred: failed to generate token: while signing jwt: rpc error: code = Unavailable desc = token signing failed: threshold not met
T-sameregion-optimistic@v2nb-c10,291,1791052772457616249,42094062,0,Internal error occurred: failed to generate token: while signing jwt: rpc error: code = Unavailable desc = token signing failed: threshold not met
T-sameregion-optimistic@v2nb-c10,278,1791052771941571217,580599605,1,
T-sameregion-optimistic@v2nb-c10,292,1791052772499715552,41076582,0,Internal error occurred: failed to generate token: while signing jwt: rpc error: code = Unavailable desc = token signing failed: threshold not met
T-sameregion-optimistic@v2nb-c10,294,1791052772522177111,38978757,0,Internal error occurred: failed to generate token: while signing jwt: rpc error: code = Unavailable desc = token signing failed: threshold not met
T-sameregion-optimistic@v2nb-c10,282,1791052772028624921,585135637,1,
T-sameregion-optimistic@v2nb-c10,297,1791052772613768543,47399868,0,Internal error occurred: failed to generate token: while signing jwt: rpc error: code = Unavailable desc = token signing failed: threshold not met
T-sameregion-optimistic@v2nb-c10,284,1791052772041615508,666316900,1,
T-sameregion-optimistic@v2nb-c10,283,1791052772040808444,693694948,1,
T-sameregion-optimistic@v2nb-c10,299,1791052772707938799,53257807,0,Internal error occurred: failed to generate token: while signing jwt: rpc error: code = Unavailable desc = token signing failed: threshold not met
T-sameregion-optimistic@v2nb-c10,285,1791052772136266398,647465484,1,
T-sameregion-optimistic@v2nb-c10,301,1791052772761201780,39037229,0,Internal error occurred: failed to generate token: while signing jwt: rpc error: code = Unavailable desc = token signing failed: threshold not met
T-sameregion-optimistic@v2nb-c10,286,1791052772169309771,683326939,1,
T-sameregion-optimistic@v2nb-c10,302,1791052772783737633,77774099,0,Internal error occurred: failed to generate token: while signing jwt: rpc error: code = Unavailable desc = token signing failed: threshold not met
T-sameregion-optimistic@v2nb-c10,305,1791052772861516564,62570679,0,Internal error occurred: failed to generate token: while signing jwt: rpc error: code = Unavailable desc = token signing failed: threshold not met
T-sameregion-optimistic@v2nb-c10,304,1791052772852641389,71451948,0,Internal error occurred: failed to generate token: while signing jwt: rpc error: code = Unavailable desc = token signing failed: threshold not met
T-sameregion-optimistic@v2nb-c10,287,1791052772264616236,675864729,1,
T-sameregion-optimistic@v2nb-c10,307,1791052772924096301,76121876,0,Internal error occurred: failed to generate token: while signing jwt: rpc error: code = Unavailable desc = token signing failed: threshold not met
T-sameregion-optimistic@v2nb-c10,308,1791052772940486077,59812562,0,Internal error occurred: failed to generate token: while signing jwt: rpc error: code = Unavailable desc = token signing failed: threshold not met
T-sameregion-optimistic@v2nb-c10,288,1791052772316101681,718308508,1,
T-sameregion-optimistic@v2nb-c10,309,1791052773000224939,60776686,0,Internal error occurred: failed to generate token: while signing jwt: rpc error: code = Unavailable desc = token signing failed: threshold not met
T-sameregion-optimistic@v2nb-c10,312,1791052773061008395,39058233,0,Internal error occurred: failed to generate token: while signing jwt: rpc error: code = Unavailable desc = token signing failed: threshold not met
T-sameregion-optimistic@v2nb-c10,293,1791052772499715618,628512134,1,
T-sameregion-optimistic@v2nb-c10,295,1791052772540802926,618294679,1,
T-sameregion-optimistic@v2nb-c10,314,1791052773128234962,71541354,0,Internal error occurred: failed to generate token: while signing jwt: rpc error: code = Unavailable desc = token signing failed: threshold not met
T-sameregion-optimistic@v2nb-c10,296,1791052772561160470,653519710,1,
T-sameregion-optimistic@v2nb-c10,315,1791052773159103435,64142214,0,Internal error occurred: failed to generate token: while signing jwt: rpc error: code = Unavailable desc = token signing failed: threshold not met
T-sameregion-optimistic@v2nb-c10,298,1791052772661173917,612344754,1,
T-sameregion-optimistic@v2nb-c10,300,1791052772734509719,633189151,1,
T-sameregion-optimistic@v2nb-c10,303,1791052772800260776,620826646,1,
T-sameregion-optimistic@v2nb-c10,306,1791052772924093672,553887110,1,
T-sameregion-optimistic@v2nb-c10,310,1791052773000302661,571036721,1,
T-sameregion-optimistic@v2nb-c10,311,1791052773034416631,597048857,1,
T-sameregion-optimistic@v2nb-c10,313,1791052773100071468,582275487,1,
T-sameregion-optimistic@v2nb-c10,325,1791052773682351929,42538150,0,Internal error occurred: failed to generate token: while signing jwt: rpc error: code = Unavailable desc = token signing failed: threshold not met
T-sameregion-optimistic@v2nb-c10,316,1791052773199780751,575241903,1,
T-sameregion-optimistic@v2nb-c10,317,1791052773214685061,635962917,1,
T-sameregion-optimistic@v2nb-c10,318,1791052773223252905,709923834,1,
T-sameregion-optimistic@v2nb-c10,319,1791052773273523656,706947842,1,
T-sameregion-optimistic@v2nb-c10,320,1791052773367713864,738940895,1,
T-sameregion-optimistic@v2nb-c10,321,1791052773421092809,716459303,1,
T-sameregion-optimistic@v2nb-c10,322,1791052773478064331,753540046,1,
T-sameregion-optimistic@v2nb-c10,323,1791052773571345008,710391212,1,
T-sameregion-optimistic@v2nb-c10,324,1791052773631470464,725133169,1,
T-sameregion-optimistic@v2nb-c10,334,1791052774281742969,81103581,0,Internal error occurred: failed to generate token: while signing jwt: rpc error: code = Unavailable desc = token signing failed: threshold not met
T-sameregion-optimistic@v2nb-c10,336,1791052774362851989,36821252,0,Internal error occurred: failed to generate token: while signing jwt: rpc error: code = Unavailable desc = token signing failed: threshold not met
T-sameregion-optimistic@v2nb-c10,335,1791052774356609541,43080231,0,Internal error occurred: failed to generate token: while signing jwt: rpc error: code = Unavailable desc = token signing failed: threshold not met
T-sameregion-optimistic@v2nb-c10,326,1791052773724897420,723821503,1,
T-sameregion-optimistic@v2nb-c10,337,1791052774399680127,61615110,0,Internal error occurred: failed to generate token: while signing jwt: rpc error: code = Unavailable desc = token signing failed: threshold not met
T-sameregion-optimistic@v2nb-c10,327,1791052773775028266,754122319,1,
T-sameregion-optimistic@v2nb-c10,328,1791052773850654887,729164126,1,
T-sameregion-optimistic@v2nb-c10,329,1791052773933181348,720186671,1,
T-sameregion-optimistic@v2nb-c10,343,1791052774653374281,4394946,0,Internal error occurred: failed to generate token: while signing jwt: rpc error: code = Unavailable desc = token signing failed: threshold not met
T-sameregion-optimistic@v2nb-c10,330,1791052773980478258,757096322,1,
T-sameregion-optimistic@v2nb-c10,345,1791052774737579461,81960284,0,Internal error occurred: failed to generate token: while signing jwt: rpc error: code = Unavailable desc = token signing failed: threshold not met
T-sameregion-optimistic@v2nb-c10,331,1791052774106661069,724654887,1,
T-sameregion-optimistic@v2nb-c10,332,1791052774137557523,739637562,1,
T-sameregion-optimistic@v2nb-c10,348,1791052774877199954,22845684,0,Internal error occurred: failed to generate token: while signing jwt: rpc error: code = Unavailable desc = token signing failed: threshold not met
T-sameregion-optimistic@v2nb-c10,347,1791052774831320775,68751600,0,Internal error occurred: failed to generate token: while signing jwt: rpc error: code = Unavailable desc = token signing failed: threshold not met
T-sameregion-optimistic@v2nb-c10,346,1791052774819544217,80501442,0,Internal error occurred: failed to generate token: while signing jwt: rpc error: code = Unavailable desc = token signing failed: threshold not met
T-sameregion-optimistic@v2nb-c10,350,1791052774900074927,40454448,0,Internal error occurred: failed to generate token: while signing jwt: rpc error: code = Unavailable desc = token signing failed: threshold not met
T-sameregion-optimistic@v2nb-c10,349,1791052774900062911,40466492,0,Internal error occurred: failed to generate token: while signing jwt: rpc error: code = Unavailable desc = token signing failed: threshold not met
T-sameregion-optimistic@v2nb-c10,351,1791052774900104535,40641817,0,Internal error occurred: failed to generate token: while signing jwt: rpc error: code = Unavailable desc = token signing failed: threshold not met
T-sameregion-optimistic@v2nb-c10,354,1791052774940748863,20207623,0,Internal error occurred: failed to generate token: while signing jwt: rpc error: code = Unavailable desc = token signing failed: threshold not met
T-sameregion-optimistic@v2nb-c10,352,1791052774940534643,20422163,0,Internal error occurred: failed to generate token: while signing jwt: rpc error: code = Unavailable desc = token signing failed: threshold not met
T-sameregion-optimistic@v2nb-c10,333,1791052774231609537,740669896,1,
T-sameregion-optimistic@v2nb-c10,338,1791052774399693121,637680702,1,
T-sameregion-optimistic@v2nb-c10,339,1791052774448723898,684142868,1,
T-sameregion-optimistic@v2nb-c10,340,1791052774461299971,719660178,1,
T-sameregion-optimistic@v2nb-c10,341,1791052774529156317,746139687,1,
T-sameregion-optimistic@v2nb-c10,342,1791052774579824791,757023524,1,
T-sameregion-optimistic@v2nb-c10,361,1791052775275301694,64748585,0,Internal error occurred: failed to generate token: while signing jwt: rpc error: code = Unavailable desc = token signing failed: threshold not met
T-sameregion-optimistic@v2nb-c10,362,1791052775336853673,23803015,0,Internal error occurred: failed to generate token: while signing jwt: rpc error: code = Unavailable desc = token signing failed: threshold not met
T-sameregion-optimistic@v2nb-c10,363,1791052775340055862,20600861,0,Internal error occurred: failed to generate token: while signing jwt: rpc error: code = Unavailable desc = token signing failed: threshold not met
T-sameregion-optimistic@v2nb-c10,344,1791052774657773833,770677636,1,
T-sameregion-optimistic@v2nb-c10,364,1791052775360662574,79743521,0,Internal error occurred: failed to generate token: while signing jwt: rpc error: code = Unavailable desc = token signing failed: threshold not met
T-sameregion-optimistic@v2nb-c10,366,1791052775428456221,32716759,0,Internal error occurred: failed to generate token: while signing jwt: rpc error: code = Unavailable desc = token signing failed: threshold not met
T-sameregion-optimistic@v2nb-c10,353,1791052774940534641,538825984,1,
T-sameregion-optimistic@v2nb-c10,368,1791052775461179515,62878829,0,Internal error occurred: failed to generate token: while signing jwt: rpc error: code = Unavailable desc = token signing failed: threshold not met
T-sameregion-optimistic@v2nb-c10,369,1791052775479365571,61004964,0,Internal error occurred: failed to generate token: while signing jwt: rpc error: code = Unavailable desc = token signing failed: threshold not met
T-sameregion-optimistic@v2nb-c10,356,1791052774960962907,612488423,1,
T-sameregion-optimistic@v2nb-c10,355,1791052774960962909,665152812,1,
T-sameregion-optimistic@v2nb-c10,373,1791052775626121118,15036087,0,Internal error occurred: failed to generate token: while signing jwt: rpc error: code = Unavailable desc = token signing failed: threshold not met
T-sameregion-optimistic@v2nb-c10,357,1791052774972285867,756370463,1,
T-sameregion-optimistic@v2nb-c10,375,1791052775728661946,32409117,0,Internal error occurred: failed to generate token: while signing jwt: rpc error: code = Unavailable desc = token signing failed: threshold not met
T-sameregion-optimistic@v2nb-c10,358,1791052775037379456,742263455,1,
T-sameregion-optimistic@v2nb-c10,359,1791052775132872301,706714432,1,
T-sameregion-optimistic@v2nb-c10,360,1791052775180966685,678066562,1,
T-sameregion-optimistic@v2nb-c10,365,1791052775360662578,591657735,1,
T-sameregion-optimistic@v2nb-c10,367,1791052775440412507,568016618,1,
T-sameregion-optimistic@v2nb-c10,370,1791052775524063971,538674992,1,
T-sameregion-optimistic@v2nb-c10,371,1791052775540374901,596289147,1,
T-sameregion-optimistic@v2nb-c10,372,1791052775573456557,656295078,1,
T-sameregion-optimistic@v2nb-c10,384,1791052776229760005,70198427,0,Internal error occurred: failed to generate token: while signing jwt: rpc error: code = Unavailable desc = token signing failed: threshold not met
T-sameregion-optimistic@v2nb-c10,374,1791052775641163296,665901760,1,
T-sameregion-optimistic@v2nb-c10,376,1791052775761089401,580032473,1,
T-sameregion-optimistic@v2nb-c10,387,1791052776341128678,20399557,0,Internal error occurred: failed to generate token: while signing jwt: rpc error: code = Unavailable desc = token signing failed: threshold not met
T-sameregion-optimistic@v2nb-c10,388,1791052776361534198,38558126,0,Internal error occurred: failed to generate token: while signing jwt: rpc error: code = Unavailable desc = token signing failed: threshold not met
T-sameregion-optimistic@v2nb-c10,377,1791052775779658443,648942548,1,
T-sameregion-optimistic@v2nb-c10,378,1791052775839592012,646574857,1,
T-sameregion-optimistic@v2nb-c10,379,1791052775859038268,718997771,1,
T-sameregion-optimistic@v2nb-c10,392,1791052776578041595,62310456,0,Internal error occurred: failed to generate token: while signing jwt: rpc error: code = Unavailable desc = token signing failed: threshold not met
T-sameregion-optimistic@v2nb-c10,380,1791052775952327131,692719338,1,
T-sameregion-optimistic@v2nb-c10,394,1791052776645052489,54905840,0,Internal error occurred: failed to generate token: while signing jwt: rpc error: code = Unavailable desc = token signing failed: threshold not met
T-sameregion-optimistic@v2nb-c10,381,1791052776008434147,719137611,1,
T-sameregion-optimistic@v2nb-c10,382,1791052776062744376,719849548,1,
T-sameregion-optimistic@v2nb-c10,396,1791052776727576627,72186521,0,Internal error occurred: failed to generate token: while signing jwt: rpc error: code = Unavailable desc = token signing failed: threshold not met
T-sameregion-optimistic@v2nb-c10,383,1791052776136669555,740160111,1,
T-sameregion-optimistic@v2nb-c10,385,1791052776299963518,638286398,1,
T-sameregion-optimistic@v2nb-c10,386,1791052776307070446,723858593,1,
T-sameregion-optimistic@v2nb-c10,389,1791052776400097311,681101981,1,
T-sameregion-optimistic@v2nb-c10,401,1791052777030935561,69022867,0,Internal error occurred: failed to generate token: while signing jwt: rpc error: code = Unavailable desc = token signing failed: threshold not met
T-sameregion-optimistic@v2nb-c10,403,1791052777099963100,61129130,0,Internal error occurred: failed to generate token: while signing jwt: rpc error: code = Unavailable desc = token signing failed: threshold not met
T-sameregion-optimistic@v2nb-c10,390,1791052776428605735,745312125,1,
T-sameregion-optimistic@v2nb-c10,405,1791052777173924993,50018722,0,Internal error occurred: failed to generate token: while signing jwt: rpc error: code = Unavailable desc = token signing failed: threshold not met
T-sameregion-optimistic@v2nb-c10,404,1791052777161096717,62846911,0,Internal error occurred: failed to generate token: while signing jwt: rpc error: code = Unavailable desc = token signing failed: threshold not met
T-sameregion-optimistic@v2nb-c10,391,1791052776486172116,750369249,1,
T-sameregion-optimistic@v2nb-c10,407,1791052777223948891,37933781,0,Internal error occurred: failed to generate token: while signing jwt: rpc error: code = Unavailable desc = token signing failed: threshold not met
T-sameregion-optimistic@v2nb-c10,393,1791052776640356328,685902871,1,
T-sameregion-optimistic@v2nb-c10,395,1791052776699963593,681331688,1,
T-sameregion-optimistic@v2nb-c10,410,1791052777326263414,73621486,0,Internal error occurred: failed to generate token: while signing jwt: rpc error: code = Unavailable desc = token signing failed: threshold not met
T-sameregion-optimistic@v2nb-c10,397,1791052776782599380,690797289,1,
T-sameregion-optimistic@v2nb-c10,398,1791052776799769866,735365565,1,
T-sameregion-optimistic@v2nb-c10,414,1791052777535140687,4812879,0,Internal error occurred: failed to generate token: while signing jwt: rpc error: code = Unavailable desc = token signing failed: threshold not met
T-sameregion-optimistic@v2nb-c10,415,1791052777539958337,78560721,0,Internal error occurred: failed to generate token: while signing jwt: rpc error: code = Unavailable desc = token signing failed: threshold not met
T-sameregion-optimistic@v2nb-c10,399,1791052776876835393,748783263,1,
T-sameregion-optimistic@v2nb-c10,417,1791052777625624007,14696513,0,Internal error occurred: failed to generate token: while signing jwt: rpc error: code = Unavailable desc = token signing failed: threshold not met
T-sameregion-optimistic@v2nb-c10,400,1791052776938257189,740897566,1,
T-sameregion-optimistic@v2nb-c10,402,1791052777081203996,667899685,1,
T-sameregion-optimistic@v2nb-c10,420,1791052777749118670,11833295,0,Internal error occurred: failed to generate token: while signing jwt: rpc error: code = Unavailable desc = token signing failed: threshold not met
T-sameregion-optimistic@v2nb-c10,419,1791052777679159922,81857756,0,Internal error occurred: failed to generate token: while signing jwt: rpc error: code = Unavailable desc = token signing failed: threshold not met
T-sameregion-optimistic@v2nb-c10,406,1791052777223948895,610522395,1,
T-sameregion-optimistic@v2nb-c10,421,1791052777760956679,79322716,0,Internal error occurred: failed to generate token: while signing jwt: rpc error: code = Unavailable desc = token signing failed: threshold not met
T-sameregion-optimistic@v2nb-c10,424,1791052777840285353,59307673,0,Internal error occurred: failed to generate token: while signing jwt: rpc error: code = Unavailable desc = token signing failed: threshold not met
T-sameregion-optimistic@v2nb-c10,423,1791052777834477946,65115134,0,Internal error occurred: failed to generate token: while signing jwt: rpc error: code = Unavailable desc = token signing failed: threshold not met
T-sameregion-optimistic@v2nb-c10,408,1791052777236546724,675931685,1,
T-sameregion-optimistic@v2nb-c10,426,1791052777899598068,61117127,0,Internal error occurred: failed to generate token: while signing jwt: rpc error: code = Unavailable desc = token signing failed: threshold not met
T-sameregion-optimistic@v2nb-c10,427,1791052777912483594,48231625,0,Internal error occurred: failed to generate token: while signing jwt: rpc error: code = Unavailable desc = token signing failed: threshold not met
T-sameregion-optimistic@v2nb-c10,409,1791052777261887645,715669720,1,
T-sameregion-optimistic@v2nb-c10,430,1791052777977563445,62964866,0,Internal error occurred: failed to generate token: while signing jwt: rpc error: code = Unavailable desc = token signing failed: threshold not met
T-sameregion-optimistic@v2nb-c10,411,1791052777381300287,667006495,1,
T-sameregion-optimistic@v2nb-c10,412,1791052777399889998,734981813,1,
T-sameregion-optimistic@v2nb-c10,413,1791052777473412305,736656398,1,
T-sameregion-optimistic@v2nb-c10,416,1791052777618524925,658551070,1,
T-sameregion-optimistic@v2nb-c10,418,1791052777640326944,699056972,1,
T-sameregion-optimistic@v2nb-c10,436,1791052778339389154,4648991,0,Internal error occurred: failed to generate token: while signing jwt: rpc error: code = Unavailable desc = token signing failed: threshold not met
T-sameregion-optimistic@v2nb-c10,437,1791052778344043081,17119110,0,Internal error occurred: failed to generate token: while signing jwt: rpc error: code = Unavailable desc = token signing failed: threshold not met
T-sameregion-optimistic@v2nb-c10,422,1791052777761021381,670256772,1,
T-sameregion-optimistic@v2nb-c10,425,1791052777899598078,582651816,1,
T-sameregion-optimistic@v2nb-c10,428,1791052777960722209,640644876,1,
T-sameregion-optimistic@v2nb-c10,429,1791052777960801954,659690414,1,
T-sameregion-optimistic@v2nb-c10,431,1791052778040532899,700775764,1,
T-sameregion-optimistic@v2nb-c10,432,1791052778048326777,710333198,1,
T-sameregion-optimistic@v2nb-c10,444,1791052778758664826,60405728,0,Internal error occurred: failed to generate token: while signing jwt: rpc error: code = Unavailable desc = token signing failed: threshold not met
T-sameregion-optimistic@v2nb-c10,433,1791052778134877364,704580640,1,
T-sameregion-optimistic@v2nb-c10,446,1791052778839462783,4724129,0,Internal error occurred: failed to generate token: while signing jwt: rpc error: code = Unavailable desc = token signing failed: threshold not met
T-sameregion-optimistic@v2nb-c10,434,1791052778210073382,724019589,1,
T-sameregion-optimistic@v2nb-c10,448,1791052778934098274,65755402,0,Internal error occurred: failed to generate token: while signing jwt: rpc error: code = Unavailable desc = token signing failed: threshold not met
T-sameregion-optimistic@v2nb-c10,435,1791052778277100906,739221759,1,
T-sameregion-optimistic@v2nb-c10,438,1791052778361168226,699026946,1,
T-sameregion-optimistic@v2nb-c10,451,1791052779060201505,40061090,0,Internal error occurred: failed to generate token: while signing jwt: rpc error: code = Unavailable desc = token signing failed: threshold not met
T-sameregion-optimistic@v2nb-c10,439,1791052778431283067,712765436,1,
T-sameregion-optimistic@v2nb-c10,452,1791052779100269061,60995261,0,Internal error occurred: failed to generate token: while signing jwt: rpc error: code = Unavailable desc = token signing failed: threshold not met
T-sameregion-optimistic@v2nb-c10,440,1791052778482255524,750288625,1,
T-sameregion-optimistic@v2nb-c10,441,1791052778601372482,725974347,1,
T-sameregion-optimistic@v2nb-c10,456,1791052779327352183,72258247,0,Internal error occurred: failed to generate token: while signing jwt: rpc error: code = Unavailable desc = token signing failed: threshold not met
T-sameregion-optimistic@v2nb-c10,442,1791052778620498478,789651347,1,
T-sameregion-optimistic@v2nb-c10,458,1791052779410154793,30677517,0,Internal error occurred: failed to generate token: while signing jwt: rpc error: code = Unavailable desc = token signing failed: threshold not met
T-sameregion-optimistic@v2nb-c10,443,1791052778741314258,700740233,1,
T-sameregion-optimistic@v2nb-c10,459,1791052779440837519,78418070,0,Internal error occurred: failed to generate token: while signing jwt: rpc error: code = Unavailable desc = token signing failed: threshold not met
T-sameregion-optimistic@v2nb-c10,445,1791052778819075238,712285094,1,
T-sameregion-optimistic@v2nb-c10,461,1791052779519262969,20937291,0,Internal error occurred: failed to generate token: while signing jwt: rpc error: code = Unavailable desc = token signing failed: threshold not met
T-sameregion-optimistic@v2nb-c10,462,1791052779531366121,68621735,0,Internal error occurred: failed to generate token: while signing jwt: rpc error: code = Unavailable desc = token signing failed: threshold not met
T-sameregion-optimistic@v2nb-c10,447,1791052778844193196,783016325,1,
T-sameregion-optimistic@v2nb-c10,465,1791052779627214759,72563109,0,Internal error occurred: failed to generate token: while signing jwt: rpc error: code = Unavailable desc = token signing failed: threshold not met
T-sameregion-optimistic@v2nb-c10,449,1791052778999872666,709179140,1,
T-sameregion-optimistic@v2nb-c10,467,1791052779709056814,15564376,0,Internal error occurred: failed to generate token: while signing jwt: rpc error: code = Unavailable desc = token signing failed: threshold not met
T-sameregion-optimistic@v2nb-c10,466,1791052779699784574,24848821,0,Internal error occurred: failed to generate token: while signing jwt: rpc error: code = Unavailable desc = token signing failed: threshold not met
T-sameregion-optimistic@v2nb-c10,450,1791052779016328491,724227315,1,
T-sameregion-optimistic@v2nb-c10,468,1791052779724627237,16117391,0,Internal error occurred: failed to generate token: while signing jwt: rpc error: code = Unavailable desc = token signing failed: threshold not met
T-sameregion-optimistic@v2nb-c10,469,1791052779724637139,75445465,0,Internal error occurred: failed to generate token: while signing jwt: rpc error: code = Unavailable desc = token signing failed: threshold not met
T-sameregion-optimistic@v2nb-c10,470,1791052779740560268,84198435,0,Internal error occurred: failed to generate token: while signing jwt: rpc error: code = Unavailable desc = token signing failed: threshold not met
T-sameregion-optimistic@v2nb-c10,453,1791052779144053320,688969218,1,
T-sameregion-optimistic@v2nb-c10,472,1791052779800088324,40338909,0,Internal error occurred: failed to generate token: while signing jwt: rpc error: code = Unavailable desc = token signing failed: threshold not met
T-sameregion-optimistic@v2nb-c10,454,1791052779161269436,764381508,1,
T-sameregion-optimistic@v2nb-c10,455,1791052779232550034,725075468,1,
T-sameregion-optimistic@v2nb-c10,457,1791052779399614980,641003208,1,
T-sameregion-optimistic@v2nb-c10,460,1791052779442058257,686493172,1,
T-sameregion-optimistic@v2nb-c10,463,1791052779540207000,682372937,1,
T-sameregion-optimistic@v2nb-c10,464,1791052779599995898,644942143,1,
T-sameregion-optimistic@v2nb-c10,480,1791052780222584990,77380739,0,Internal error occurred: failed to generate token: while signing jwt: rpc error: code = Unavailable desc = token signing failed: threshold not met
T-sameregion-optimistic@v2nb-c10,471,1791052779740748207,592739968,1,
T-sameregion-optimistic@v2nb-c10,473,1791052779824764967,601775322,1,
T-sameregion-optimistic@v2nb-c10,484,1791052780426546575,34943102,0,Internal error occurred: failed to generate token: while signing jwt: rpc error: code = Unavailable desc = token signing failed: threshold not met
T-sameregion-optimistic@v2nb-c10,474,1791052779833027748,693934169,1,
T-sameregion-optimistic@v2nb-c10,475,1791052779840432324,697654387,1,
T-sameregion-optimistic@v2nb-c10,486,1791052780526968165,13310497,0,Internal error occurred: failed to generate token: while signing jwt: rpc error: code = Unavailable desc = token signing failed: threshold not met
T-sameregion-optimistic@v2nb-c10,476,1791052779925656742,695306370,1,
T-sameregion-optimistic@v2nb-c10,477,1791052779957630584,757058599,1,
T-sameregion-optimistic@v2nb-c10,478,1791052780040624439,710037865,1,
T-sameregion-optimistic@v2nb-c10,490,1791052780714694398,46255240,0,Internal error occurred: failed to generate token: while signing jwt: rpc error: code = Unavailable desc = token signing failed: threshold not met
T-sameregion-optimistic@v2nb-c10,491,1791052780750669067,73310074,0,Internal error occurred: failed to generate token: while signing jwt: rpc error: code = Unavailable desc = token signing failed: threshold not met
T-sameregion-optimistic@v2nb-c10,479,1791052780128557261,712854111,1,
T-sameregion-optimistic@v2nb-c10,481,1791052780244945211,690581733,1,
T-sameregion-optimistic@v2nb-c10,482,1791052780299971301,714576418,1,
T-sameregion-optimistic@v2nb-c10,496,1791052781014552258,25776696,0,Internal error occurred: failed to generate token: while signing jwt: rpc error: code = Unavailable desc = token signing failed: threshold not met
T-sameregion-optimistic@v2nb-c10,483,1791052780333496190,720455527,1,
T-sameregion-optimistic@v2nb-c10,485,1791052780461495006,679839928,1,
T-sameregion-optimistic@v2nb-c10,487,1791052780538093112,698734080,1,
T-sameregion-optimistic@v2nb-c10,488,1791052780540284483,771428966,1,
T-sameregion-optimistic@v2nb-c10,489,1791052780620984561,740806027,1,
T-sameregion-optimistic@v2nb-c10,492,1791052780760954110,677775558,1,
T-sameregion-optimistic@v2nb-c10,493,1791052780823984769,692811862,1,
T-sameregion-optimistic@v2nb-c10,504,1791052781516802138,4661126,0,Internal error occurred: failed to generate token: while signing jwt: rpc error: code = Unavailable desc = token signing failed: threshold not met
T-sameregion-optimistic@v2nb-c10,505,1791052781521467876,3924939,0,Internal error occurred: failed to generate token: while signing jwt: rpc error: code = Unavailable desc = token signing failed: threshold not met
T-sameregion-optimistic@v2nb-c10,506,1791052781525398535,15271835,0,Internal error occurred: failed to generate token: while signing jwt: rpc error: code = Unavailable desc = token signing failed: threshold not met
T-sameregion-optimistic@v2nb-c10,494,1791052780841416114,769023737,1,
T-sameregion-optimistic@v2nb-c10,508,1791052781610444802,53110069,0,Internal error occurred: failed to generate token: while signing jwt: rpc error: code = Unavailable desc = token signing failed: threshold not met
T-sameregion-optimistic@v2nb-c10,495,1791052780935531724,728130028,1,
T-sameregion-optimistic@v2nb-c10,497,1791052781040334419,695755856,1,
T-sameregion-optimistic@v2nb-c10,510,1791052781663665036,76793920,0,Internal error occurred: failed to generate token: while signing jwt: rpc error: code = Unavailable desc = token signing failed: threshold not met
T-sameregion-optimistic@v2nb-c10,498,1791052781053960921,775704074,1,
T-sameregion-optimistic@v2nb-c10,513,1791052781829669665,10410380,0,Internal error occurred: failed to generate token: while signing jwt: rpc error: code = Unavailable desc = token signing failed: threshold not met
T-sameregion-optimistic@v2nb-c10,514,1791052781840085590,21091809,0,Internal error occurred: failed to generate token: while signing jwt: rpc error: code = Unavailable desc = token signing failed: threshold not met
T-sameregion-optimistic@v2nb-c10,499,1791052781141345087,767205794,1,
T-sameregion-optimistic@v2nb-c10,515,1791052781861182765,79589834,0,Internal error occurred: failed to generate token: while signing jwt: rpc error: code = Unavailable desc = token signing failed: threshold not met
T-sameregion-optimistic@v2nb-c10,500,1791052781236833201,717199560,1,
T-sameregion-optimistic@v2nb-c10,518,1791052781954037699,65352366,0,Internal error occurred: failed to generate token: while signing jwt: rpc error: code = Unavailable desc = token signing failed: threshold not met
T-sameregion-optimistic@v2nb-c10,501,1791052781311719269,724578134,1,
T-sameregion-optimistic@v2nb-c10,502,1791052781361795449,753252953,1,
T-sameregion-optimistic@v2nb-c10,507,1791052781540675397,625774371,1,
T-sameregion-optimistic@v2nb-c10,503,1791052781438734958,767343684,0,Internal error occurred: failed to generate token: while signing jwt: rpc error: code = Unavailable desc = token signing failed: threshold not met
T-sameregion-optimistic@v2nb-c10,522,1791052782166634307,73761171,0,Internal error occurred: failed to generate token: while signing jwt: rpc error: code = Unavailable desc = token signing failed: threshold not met
T-sameregion-optimistic@v2nb-c10,511,1791052781736095307,509656101,1,
T-sameregion-optimistic@v2nb-c10,523,1791052782206099846,55230189,0,Internal error occurred: failed to generate token: while signing jwt: rpc error: code = Unavailable desc = token signing failed: threshold not met
T-sameregion-optimistic@v2nb-c10,524,1791052782240401700,20944329,0,Internal error occurred: failed to generate token: while signing jwt: rpc error: code = Unavailable desc = token signing failed: threshold not met
T-sameregion-optimistic@v2nb-c10,509,1791052781663561534,636908290,0,Internal error occurred: failed to generate token: while signing jwt: rpc error: code = Unavailable desc = token signing failed: threshold not met
T-sameregion-optimistic@v2nb-c10,525,1791052782245757430,55109079,0,Internal error occurred: failed to generate token: while signing jwt: rpc error: code = Unavailable desc = token signing failed: threshold not met
T-sameregion-optimistic@v2nb-c10,512,1791052781740463727,578609217,0,Internal error occurred: failed to generate token: while signing jwt: rpc error: code = Unavailable desc = token signing failed: threshold not met
T-sameregion-optimistic@v2nb-c10,526,1791052782261336122,57757024,0,Internal error occurred: failed to generate token: while signing jwt: rpc error: code = Unavailable desc = token signing failed: threshold not met
T-sameregion-optimistic@v2nb-c10,516,1791052781908555632,427468931,1,
T-sameregion-optimistic@v2nb-c10,527,1791052782261348656,82650274,0,Internal error occurred: failed to generate token: while signing jwt: rpc error: code = Unavailable desc = token signing failed: threshold not met
T-sameregion-optimistic@v2nb-c10,529,1791052782300870836,61276971,0,Internal error occurred: failed to generate token: while signing jwt: rpc error: code = Unavailable desc = token signing failed: threshold not met
T-sameregion-optimistic@v2nb-c10,528,1791052782300476176,61681859,0,Internal error occurred: failed to generate token: while signing jwt: rpc error: code = Unavailable desc = token signing failed: threshold not met
T-sameregion-optimistic@v2nb-c10,517,1791052781940777912,490332377,1,
T-sameregion-optimistic@v2nb-c10,519,1791052782019396073,505704550,1,
T-sameregion-optimistic@v2nb-c10,520,1791052782036303847,508390960,1,
T-sameregion-optimistic@v2nb-c10,521,1791052782115054829,523012862,1,
T-sameregion-optimistic@v2nb-c10,531,1791052782319096279,437478783,1,
T-sameregion-optimistic@v2nb-c10,530,1791052782319080935,502357368,1,
T-sameregion-optimistic@v2nb-c10,541,1791052782821445693,4560531,0,Internal error occurred: failed to generate token: while signing jwt: rpc error: code = Unavailable desc = token signing failed: threshold not met
T-sameregion-optimistic@v2nb-c10,532,1791052782336029921,506490154,1,
T-sameregion-optimistic@v2nb-c10,533,1791052782344008661,590584125,1,
T-sameregion-optimistic@v2nb-c10,544,1791052782934601883,65408089,0,Internal error occurred: failed to generate token: while signing jwt: rpc error: code = Unavailable desc = token signing failed: threshold not met
T-sameregion-optimistic@v2nb-c10,545,1791052783000015856,5345816,0,Internal error occurred: failed to generate token: while signing jwt: rpc error: code = Unavailable desc = token signing failed: threshold not met
T-sameregion-optimistic@v2nb-c10,546,1791052783005366832,19181431,0,Internal error occurred: failed to generate token: while signing jwt: rpc error: code = Unavailable desc = token signing failed: threshold not met
T-sameregion-optimistic@v2nb-c10,534,1791052782362154087,666786331,1,
T-sameregion-optimistic@v2nb-c10,547,1791052783024554090,75137233,0,Internal error occurred: failed to generate token: while signing jwt: rpc error: code = Unavailable desc = token signing failed: threshold not met
T-sameregion-optimistic@v2nb-c10,536,1791052782431116188,691106018,1,
T-sameregion-optimistic@v2nb-c10,535,1791052782362161055,760785744,1,
T-sameregion-optimistic@v2nb-c10,537,1791052782525106548,710331005,1,
T-sameregion-optimistic@v2nb-c10,538,1791052782544701038,784141752,1,
T-sameregion-optimistic@v2nb-c10,539,1791052782638073524,721753590,1,
T-sameregion-optimistic@v2nb-c10,540,1791052782756582835,682701280,1,
T-sameregion-optimistic@v2nb-c10,542,1791052782826011499,706326486,1,
T-sameregion-optimistic@v2nb-c10,543,1791052782842526931,764005467,1,
T-sameregion-optimistic@v2nb-c10,548,1791052783028946637,613661652,1,
T-sameregion-optimistic@v2nb-c10,558,1791052783642613920,76018481,0,Internal error occurred: failed to generate token: while signing jwt: rpc error: code = Unavailable desc = token signing failed: threshold not met
T-sameregion-optimistic@v2nb-c10,549,1791052783099696557,636804411,1,
T-sameregion-optimistic@v2nb-c10,559,1791052783718637330,43171276,0,Internal error occurred: failed to generate token: while signing jwt: rpc error: code = Unavailable desc = token signing failed: threshold not met
T-sameregion-optimistic@v2nb-c10,550,1791052783122227553,706371941,1,
T-sameregion-optimistic@v2nb-c10,551,1791052783122950365,780135643,1,
T-sameregion-optimistic@v2nb-c10,552,1791052783235443470,685173343,1,
T-sameregion-optimistic@v2nb-c10,553,1791052783328847662,628866061,1,
T-sameregion-optimistic@v2nb-c10,554,1791052783359833727,690678117,1,
T-sameregion-optimistic@v2nb-c10,566,1791052784050615245,10183703,0,Internal error occurred: failed to generate token: while signing jwt: rpc error: code = Unavailable desc = token signing failed: threshold not met
T-sameregion-optimistic@v2nb-c10,555,1791052783439288595,705359350,1,
T-sameregion-optimistic@v2nb-c10,556,1791052783532343846,685154720,1,
T-sameregion-optimistic@v2nb-c10,557,1791052783606537935,649632704,1,
T-sameregion-optimistic@v2nb-c10,570,1791052784256177568,4927574,0,Internal error occurred: failed to generate token: while signing jwt: rpc error: code = Unavailable desc = token signing failed: threshold not met
T-sameregion-optimistic@v2nb-c10,571,1791052784261111148,62885780,0,Internal error occurred: failed to generate token: while signing jwt: rpc error: code = Unavailable desc = token signing failed: threshold not met
T-sameregion-optimistic@v2nb-c10,560,1791052783736506257,612812723,1,
T-sameregion-optimistic@v2nb-c10,573,1791052784349324075,74640411,0,Internal error occurred: failed to generate token: while signing jwt: rpc error: code = Unavailable desc = token signing failed: threshold not met
T-sameregion-optimistic@v2nb-c10,561,1791052783761813232,662632427,1,
T-sameregion-optimistic@v2nb-c10,562,1791052783828605911,615669018,1,
T-sameregion-optimistic@v2nb-c10,575,1791052784424449718,37209201,0,Internal error occurred: failed to generate token: while signing jwt: rpc error: code = Unavailable desc = token signing failed: threshold not met
T-sameregion-optimistic@v2nb-c10,576,1791052784444279800,55743047,0,Internal error occurred: failed to generate token: while signing jwt: rpc error: code = Unavailable desc = token signing failed: threshold not met
T-sameregion-optimistic@v2nb-c10,577,1791052784461663381,62881141,0,Internal error occurred: failed to generate token: while signing jwt: rpc error: code = Unavailable desc = token signing failed: threshold not met
T-sameregion-optimistic@v2nb-c10,563,1791052783903091615,633777511,1,
T-sameregion-optimistic@v2nb-c10,579,1791052784524550547,76062893,0,Internal error occurred: failed to generate token: while signing jwt: rpc error: code = Unavailable desc = token signing failed: threshold not met
T-sameregion-optimistic@v2nb-c10,580,1791052784536876233,81931237,0,Internal error occurred: failed to generate token: while signing jwt: rpc error: code = Unavailable desc = token signing failed: threshold not met
T-sameregion-optimistic@v2nb-c10,564,1791052783920621755,710990924,1,
T-sameregion-optimistic@v2nb-c10,581,1791052784600618934,60461459,0,Internal error occurred: failed to generate token: while signing jwt: rpc error: code = Unavailable desc = token signing failed: threshold not met
T-sameregion-optimistic@v2nb-c10,565,1791052783957720656,767992405,1,
T-sameregion-optimistic@v2nb-c10,567,1791052784060805753,685948958,1,
T-sameregion-optimistic@v2nb-c10,568,1791052784144654973,695838316,1,
T-sameregion-optimistic@v2nb-c10,569,1791052784217504785,715581646,1,
T-sameregion-optimistic@v2nb-c10,572,1791052784324003222,698506690,1,
T-sameregion-optimistic@v2nb-c10,589,1791052785022517898,7309981,0,Internal error occurred: failed to generate token: while signing jwt: rpc error: code = Unavailable desc = token signing failed: threshold not met
T-sameregion-optimistic@v2nb-c10,590,1791052785029835374,10634632,0,Internal error occurred: failed to generate token: while signing jwt: rpc error: code = Unavailable desc = token signing failed: threshold not met
T-sameregion-optimistic@v2nb-c10,574,1791052784423969034,620603722,1,
T-sameregion-optimistic@v2nb-c10,591,1791052785040544883,59977873,0,Internal error occurred: failed to generate token: while signing jwt: rpc error: code = Unavailable desc = token signing failed: threshold not met
T-sameregion-optimistic@v2nb-c10,592,1791052785044578791,55945733,0,Internal error occurred: failed to generate token: while signing jwt: rpc error: code = Unavailable desc = token signing failed: threshold not met
T-sameregion-optimistic@v2nb-c10,594,1791052785100527746,26882895,0,Internal error occurred: failed to generate token: while signing jwt: rpc error: code = Unavailable desc = token signing failed: threshold not met
T-sameregion-optimistic@v2nb-c10,578,1791052784500028137,638451207,1,
T-sameregion-optimistic@v2nb-c10,582,1791052784618812623,633808443,1,
T-sameregion-optimistic@v2nb-c10,583,1791052784631618339,691609712,1,
T-sameregion-optimistic@v2nb-c10,584,1791052784661085329,684342371,1,
T-sameregion-optimistic@v2nb-c10,599,1791052785345433939,54914584,0,Internal error occurred: failed to generate token: while signing jwt: rpc error: code = Unavailable desc = token signing failed: threshold not met
T-sameregion-optimistic@v2nb-c10,585,1791052784725719465,712103713,1,
T-sameregion-optimistic@v2nb-c10,601,1791052785437830808,23777778,0,Internal error occurred: failed to generate token: while signing jwt: rpc error: code = Unavailable desc = token signing failed: threshold not met
T-sameregion-optimistic@v2nb-c10,602,1791052785461615346,5408170,0,Internal error occurred: failed to generate token: while signing jwt: rpc error: code = Unavailable desc = token signing failed: threshold not met
T-sameregion-optimistic@v2nb-c10,586,1791052784746763103,784882212,1,
T-sameregion-optimistic@v2nb-c10,604,1791052785531651937,68135897,0,Internal error occurred: failed to generate token: while signing jwt: rpc error: code = Unavailable desc = token signing failed: threshold not met
T-sameregion-optimistic@v2nb-c10,587,1791052784840500569,781915924,1,
T-sameregion-optimistic@v2nb-c10,605,1791052785599793058,24034872,0,Internal error occurred: failed to generate token: while signing jwt: rpc error: code = Unavailable desc = token signing failed: threshold not met
T-sameregion-optimistic@v2nb-c10,588,1791052784933091219,711510743,1,
T-sameregion-optimistic@v2nb-c10,608,1791052785644607114,18166411,0,Internal error occurred: failed to generate token: while signing jwt: rpc error: code = Unavailable desc = token signing failed: threshold not met
T-sameregion-optimistic@v2nb-c10,609,1791052785662780846,61083960,0,Internal error occurred: failed to generate token: while signing jwt: rpc error: code = Unavailable desc = token signing failed: threshold not met
T-sameregion-optimistic@v2nb-c10,593,1791052785100527749,636653329,1,
T-sameregion-optimistic@v2nb-c10,595,1791052785127416747,704213636,1,
T-sameregion-optimistic@v2nb-c10,612,1791052785831635736,68408194,0,Internal error occurred: failed to generate token: while signing jwt: rpc error: code = Unavailable desc = token signing failed: threshold not met
T-sameregion-optimistic@v2nb-c10,596,1791052785138675018,780886140,1,
T-sameregion-optimistic@v2nb-c10,597,1791052785252626855,685482989,1,
T-sameregion-optimistic@v2nb-c10,598,1791052785323232854,697099857,1,
T-sameregion-optimistic@v2nb-c10,600,1791052785400354351,712406556,1,
T-sameregion-optimistic@v2nb-c10,603,1791052785467028417,686273481,1,
T-sameregion-optimistic@v2nb-c10,607,1791052785623833286,611637116,1,
T-sameregion-optimistic@v2nb-c10,606,1791052785622422227,693869546,1,
T-sameregion-optimistic@v2nb-c10,610,1791052785723869336,686507717,1,
T-sameregion-optimistic@v2nb-c10,611,1791052785737185976,701195901,1,
T-sameregion-optimistic@v2nb-c10,613,1791052785900049381,619752806,1,
T-sameregion-optimistic@v2nb-c10,614,1791052785919567225,696083092,1,
T-sameregion-optimistic@v2nb-c10,615,1791052785938114836,700053539,1,
T-sameregion-optimistic@v2nb-c10,625,1791052786638173652,80559625,0,Internal error occurred: failed to generate token: while signing jwt: rpc error: code = Unavailable desc = token signing failed: threshold not met
T-sameregion-optimistic@v2nb-c10,616,1791052786020338084,709712727,1,
T-sameregion-optimistic@v2nb-c10,617,1791052786112766430,661234089,1,
T-sameregion-optimistic@v2nb-c10,618,1791052786153307363,689871460,1,
T-sameregion-optimistic@v2nb-c10,619,1791052786235527493,676181536,1,
T-sameregion-optimistic@v2nb-c10,620,1791052786316298121,661892241,1,
T-sameregion-optimistic@v2nb-c10,621,1791052786410382442,637208798,1,
T-sameregion-optimistic@v2nb-c10,622,1791052786438387157,702261094,1,
T-sameregion-optimistic@v2nb-c10,623,1791052786519808124,690729429,1,
T-sameregion-optimistic@v2nb-c10,624,1791052786615657449,659682774,1,
T-sameregion-optimistic@v2nb-c10,635,1791052787275345546,43210027,0,Internal error occurred: failed to generate token: while signing jwt: rpc error: code = Unavailable desc = token signing failed: threshold not met
T-sameregion-optimistic@v2nb-c10,626,1791052786718737638,625802425,1,
T-sameregion-optimistic@v2nb-c10,636,1791052787318560644,42297441,0,Internal error occurred: failed to generate token: while signing jwt: rpc error: code = Unavailable desc = token signing failed: threshold not met
T-sameregion-optimistic@v2nb-c10,627,1791052786730055722,693082697,1,
T-sameregion-optimistic@v2nb-c10,628,1791052786774006164,705025986,1,
T-sameregion-optimistic@v2nb-c10,629,1791052786843183357,729395790,1,
T-sameregion-optimistic@v2nb-c10,630,1791052786911714943,707880364,0,Internal error occurred: failed to generate token: while signing jwt: rpc error: code = Unavailable desc = token signing failed: threshold not met
T-sameregion-optimistic@v2nb-c10,631,1791052786978195424,669904488,1,
T-sameregion-optimistic@v2nb-c10,643,1791052787648105317,76120709,0,Internal error occurred: failed to generate token: while signing jwt: rpc error: code = Unavailable desc = token signing failed: threshold not met
T-sameregion-optimistic@v2nb-c10,632,1791052787047605072,689019758,1,
T-sameregion-optimistic@v2nb-c10,633,1791052787140653880,680163712,1,
T-sameregion-optimistic@v2nb-c10,634,1791052787210542752,642301097,1,
T-sameregion-optimistic@v2nb-c10,637,1791052787344546071,601709741,1,
T-sameregion-optimistic@v2nb-c10,638,1791052787360862916,669188708,1,
T-sameregion-optimistic@v2nb-c10,639,1791052787423143385,697623669,1,
T-sameregion-optimistic@v2nb-c10,640,1791052787479036939,670914384,1,
T-sameregion-optimistic@v2nb-c10,641,1791052787572583682,664787426,1,
T-sameregion-optimistic@v2nb-c10,642,1791052787619600521,707567025,1,
T-sameregion-optimistic@v2nb-c10,644,1791052787724233182,651517270,1,
T-sameregion-optimistic@v2nb-c10,654,1791052788375755494,47923604,0,Internal error occurred: failed to generate token: while signing jwt: rpc error: code = Unavailable desc = token signing failed: threshold not met
T-sameregion-optimistic@v2nb-c10,645,1791052787736629883,709835396,1,
T-sameregion-optimistic@v2nb-c10,646,1791052787820823360,721382867,1,
T-sameregion-optimistic@v2nb-c10,647,1791052787852848554,768856996,1,
T-sameregion-optimistic@v2nb-c10,648,1791052787946260538,707029536,1,
T-sameregion-optimistic@v2nb-c10,649,1791052788030139525,716511339,1,
T-sameregion-optimistic@v2nb-c10,650,1791052788120771908,707561291,1,
T-sameregion-optimistic@v2nb-c10,651,1791052788149957969,766806181,1,
T-sameregion-optimistic@v2nb-c10,662,1791052788916769473,6563724,0,Internal error occurred: failed to generate token: while signing jwt: rpc error: code = Unavailable desc = token signing failed: threshold not met
T-sameregion-optimistic@v2nb-c10,652,1791052788237377551,713597670,1,
T-sameregion-optimistic@v2nb-c10,653,1791052788327173118,717082397,1,
T-sameregion-optimistic@v2nb-c10,655,1791052788423684301,698732906,1,
T-sameregion-optimistic@v2nb-c10,666,1791052789122423209,18243748,0,Internal error occurred: failed to generate token: while signing jwt: rpc error: code = Unavailable desc = token signing failed: threshold not met
T-sameregion-optimistic@v2nb-c10,656,1791052788446470638,729254942,1,
T-sameregion-optimistic@v2nb-c10,657,1791052788542211709,714166997,1,
T-sameregion-optimistic@v2nb-c10,658,1791052788621710998,726885920,1,
T-sameregion-optimistic@v2nb-c10,659,1791052788653295053,771497176,1,
T-sameregion-optimistic@v2nb-c10,660,1791052788746656124,714034467,1,
T-sameregion-optimistic@v2nb-c10,661,1791052788828340882,724030931,1,
T-sameregion-optimistic@v2nb-c10,663,1791052788923338711,704453245,1,
T-sameregion-optimistic@v2nb-c10,664,1791052788950980979,764683580,1,
T-sameregion-optimistic@v2nb-c10,675,1791052789715680254,24760716,0,Internal error occurred: failed to generate token: while signing jwt: rpc error: code = Unavailable desc = token signing failed: threshold not met
T-sameregion-optimistic@v2nb-c10,665,1791052789044263624,712764210,1,
T-sameregion-optimistic@v2nb-c10,667,1791052789140672433,713291700,1,
T-sameregion-optimistic@v2nb-c10,668,1791052789175732848,749511295,1,
T-sameregion-optimistic@v2nb-c10,669,1791052789256399805,706569204,1,
T-sameregion-optimistic@v2nb-c10,670,1791052789348604781,709171068,1,
T-sameregion-optimistic@v2nb-c10,671,1791052789424797112,726512178,1,
T-sameregion-optimistic@v2nb-c10,672,1791052789460696937,763999825,1,
T-sameregion-optimistic@v2nb-c10,673,1791052789552377419,710695945,1,
T-sameregion-optimistic@v2nb-c10,674,1791052789627798138,729277438,1,
T-sameregion-optimistic@v2nb-c10,676,1791052789740447887,688217693,1,
T-sameregion-optimistic@v2nb-c10,677,1791052789757032566,764657398,1,
T-sameregion-optimistic@v2nb-c10,678,1791052789853973458,708309111,1,
T-sameregion-optimistic@v2nb-c10,687,1791052790521695504,78019559,0,Internal error occurred: failed to generate token: while signing jwt: rpc error: code = Unavailable desc = token signing failed: threshold not met
T-sameregion-optimistic@v2nb-c10,679,1791052789925249269,729765201,1,
T-sameregion-optimistic@v2nb-c10,680,1791052789962975691,763550001,1,
T-sameregion-optimistic@v2nb-c10,681,1791052790057780988,753625780,1,
T-sameregion-optimistic@v2nb-c10,682,1791052790151314593,709137494,1,
T-sameregion-optimistic@v2nb-c10,683,1791052790224701597,708407460,1,
T-sameregion-optimistic@v2nb-c10,684,1791052790263078361,760725490,1,
T-sameregion-optimistic@v2nb-c10,685,1791052790357081127,706632672,1,
T-sameregion-optimistic@v2nb-c10,696,1791052791063720559,76997662,0,Internal error occurred: failed to generate token: while signing jwt: rpc error: code = Unavailable desc = token signing failed: threshold not met
T-sameregion-optimistic@v2nb-c10,686,1791052790428670809,729003690,1,
T-sameregion-optimistic@v2nb-c10,688,1791052790562287850,664404097,1,
T-sameregion-optimistic@v2nb-c10,689,1791052790599721182,721033269,1,
T-sameregion-optimistic@v2nb-c10,690,1791052790655020719,707923856,1,
T-sameregion-optimistic@v2nb-c10,701,1791052791362950224,77411993,0,Internal error occurred: failed to generate token: while signing jwt: rpc error: code = Unavailable desc = token signing failed: threshold not met
T-sameregion-optimistic@v2nb-c10,691,1791052790726531798,728948781,1,
T-sameregion-optimistic@v2nb-c10,703,1791052791455485223,63524177,0,Internal error occurred: failed to generate token: while signing jwt: rpc error: code = Unavailable desc = token signing failed: threshold not met
T-sameregion-optimistic@v2nb-c10,692,1791052790811412407,714480892,1,
T-sameregion-optimistic@v2nb-c10,705,1791052791525929498,14758364,0,Internal error occurred: failed to generate token: while signing jwt: rpc error: code = Unavailable desc = token signing failed: threshold not met
T-sameregion-optimistic@v2nb-c10,704,1791052791519014858,21725054,0,Internal error occurred: failed to generate token: while signing jwt: rpc error: code = Unavailable desc = token signing failed: threshold not met
T-sameregion-optimistic@v2nb-c10,693,1791052790860457027,750116184,1,
T-sameregion-optimistic@v2nb-c10,707,1791052791540742506,82995598,0,Internal error occurred: failed to generate token: while signing jwt: rpc error: code = Unavailable desc = token signing failed: threshold not met
T-sameregion-optimistic@v2nb-c10,694,1791052790933114379,734938311,1,
T-sameregion-optimistic@v2nb-c10,710,1791052791668060677,55940318,0,Internal error occurred: failed to generate token: while signing jwt: rpc error: code = Unavailable desc = token signing failed: threshold not met
T-sameregion-optimistic@v2nb-c10,695,1791052791023811291,706201600,1,
T-sameregion-optimistic@v2nb-c10,697,1791052791140723150,683151449,1,
T-sameregion-optimistic@v2nb-c10,698,1791052791157678538,751834775,1,
T-sameregion-optimistic@v2nb-c10,714,1791052791909519093,14084495,0,Internal error occurred: failed to generate token: while signing jwt: rpc error: code = Unavailable desc = token signing failed: threshold not met
T-sameregion-optimistic@v2nb-c10,699,1791052791226697355,735649747,1,
T-sameregion-optimistic@v2nb-c10,715,1791052791923611101,76095884,0,Internal error occurred: failed to generate token: while signing jwt: rpc error: code = Unavailable desc = token signing failed: threshold not met
T-sameregion-optimistic@v2nb-c10,700,1791052791320759696,708367622,1,
T-sameregion-optimistic@v2nb-c10,717,1791052791999711187,62012018,0,Internal error occurred: failed to generate token: while signing jwt: rpc error: code = Unavailable desc = token signing failed: threshold not met
T-sameregion-optimistic@v2nb-c10,702,1791052791440367226,682878110,1,
T-sameregion-optimistic@v2nb-c10,720,1791052792123251768,85273876,0,Internal error occurred: failed to generate token: while signing jwt: rpc error: code = Unavailable desc = token signing failed: threshold not met
T-sameregion-optimistic@v2nb-c10,706,1791052791540694883,670940801,1,
T-sameregion-optimistic@v2nb-c10,708,1791052791610578586,657066785,1,
T-sameregion-optimistic@v2nb-c10,709,1791052791623743061,705768400,1,
T-sameregion-optimistic@v2nb-c10,724,1791052792329520697,70672645,0,Internal error occurred: failed to generate token: while signing jwt: rpc error: code = Unavailable desc = token signing failed: threshold not met
T-sameregion-optimistic@v2nb-c10,711,1791052791724006062,692384464,1,
T-sameregion-optimistic@v2nb-c10,712,1791052791730019030,739393263,1,
T-sameregion-optimistic@v2nb-c10,727,1791052792469416591,54759401,0,Internal error occurred: failed to generate token: while signing jwt: rpc error: code = Unavailable desc = token signing failed: threshold not met
T-sameregion-optimistic@v2nb-c10,713,1791052791823879374,727374551,1,
T-sameregion-optimistic@v2nb-c10,716,1791052791962353454,665453567,1,
T-sameregion-optimistic@v2nb-c10,718,1791052792029133305,683695649,1,
T-sameregion-optimistic@v2nb-c10,719,1791052792061730110,694986391,1,
T-sameregion-optimistic@v2nb-c10,721,1791052792208532566,624204376,1,
T-sameregion-optimistic@v2nb-c10,722,1791052792211641078,715246943,1,
T-sameregion-optimistic@v2nb-c10,723,1791052792267652110,742553609,1,
T-sameregion-optimistic@v2nb-c10,725,1791052792400200358,655375983,1,
T-sameregion-optimistic@v2nb-c10,726,1791052792416396997,719048107,1,
T-sameregion-optimistic@v2nb-c10,737,1791052793135450672,26480333,0,Internal error occurred: failed to generate token: while signing jwt: rpc error: code = Unavailable desc = token signing failed: threshold not met
T-sameregion-optimistic@v2nb-c10,728,1791052792524183286,700390378,1,
T-sameregion-optimistic@v2nb-c10,729,1791052792551259801,713527518,1,
T-sameregion-optimistic@v2nb-c10,730,1791052792627814408,730342907,1,
T-sameregion-optimistic@v2nb-c10,731,1791052792712834709,715499234,1,
T-sameregion-optimistic@v2nb-c10,732,1791052792756722211,764067927,1,
T-sameregion-optimistic@v2nb-c10,733,1791052792832743566,735298142,1,
T-sameregion-optimistic@v2nb-c10,744,1791052793568046834,56376894,0,Internal error occurred: failed to generate token: while signing jwt: rpc error: code = Unavailable desc = token signing failed: threshold not met
T-sameregion-optimistic@v2nb-c10,734,1791052792926894640,718771444,1,
T-sameregion-optimistic@v2nb-c10,746,1791052793645670933,54185426,0,Internal error occurred: failed to generate token: while signing jwt: rpc error: code = Unavailable desc = token signing failed: threshold not met
T-sameregion-optimistic@v2nb-c10,735,1791052793010211768,715635765,1,
T-sameregion-optimistic@v2nb-c10,748,1791052793725853671,75720238,0,Internal error occurred: failed to generate token: while signing jwt: rpc error: code = Unavailable desc = token signing failed: threshold not met
T-sameregion-optimistic@v2nb-c10,736,1791052793055583143,763953153,1,
T-sameregion-optimistic@v2nb-c10,738,1791052793161937468,704566237,1,
T-sameregion-optimistic@v2nb-c10,751,1791052793866510437,57662937,0,Internal error occurred: failed to generate token: while signing jwt: rpc error: code = Unavailable desc = token signing failed: threshold not met
T-sameregion-optimistic@v2nb-c10,739,1791052793224578629,717539419,1,
T-sameregion-optimistic@v2nb-c10,740,1791052793264795837,764759251,1,
T-sameregion-optimistic@v2nb-c10,741,1791052793358162985,752927125,1,
T-sameregion-optimistic@v2nb-c10,742,1791052793428354423,728198871,1,
T-sameregion-optimistic@v2nb-c10,756,1791052794156559131,67530121,0,Internal error occurred: failed to generate token: while signing jwt: rpc error: code = Unavailable desc = token signing failed: threshold not met
T-sameregion-optimistic@v2nb-c10,743,1791052793520795349,718749879,1,
T-sameregion-optimistic@v2nb-c10,745,1791052793624428700,698855260,1,
T-sameregion-optimistic@v2nb-c10,747,1791052793699861276,667674133,1,
T-sameregion-optimistic@v2nb-c10,749,1791052793801579579,653655250,1,
T-sameregion-optimistic@v2nb-c10,761,1791052794455240706,68839147,0,Internal error occurred: failed to generate token: while signing jwt: rpc error: code = Unavailable desc = token signing failed: threshold not met
T-sameregion-optimistic@v2nb-c10,750,1791052793819541196,706626986,1,
T-sameregion-optimistic@v2nb-c10,752,1791052793924178639,696207588,1,
T-sameregion-optimistic@v2nb-c10,753,1791052793942123323,764995231,1,
T-sameregion-optimistic@v2nb-c10,754,1791052794029564227,715505482,1,
T-sameregion-optimistic@v2nb-c10,755,1791052794111097106,714351235,1,
T-sameregion-optimistic@v2nb-c10,767,1791052794825453632,35873795,0,Internal error occurred: failed to generate token: while signing jwt: rpc error: code = Unavailable desc = token signing failed: threshold not met
T-sameregion-optimistic@v2nb-c10,757,1791052794224095666,695129456,1,
T-sameregion-optimistic@v2nb-c10,758,1791052794239549942,723875696,1,
T-sameregion-optimistic@v2nb-c10,759,1791052794323290385,713968161,1,
T-sameregion-optimistic@v2nb-c10,770,1791052794963431553,76543150,0,Internal error occurred: failed to generate token: while signing jwt: rpc error: code = Unavailable desc = token signing failed: threshold not met
T-sameregion-optimistic@v2nb-c10,760,1791052794367541521,764705446,1,
T-sameregion-optimistic@v2nb-c10,762,1791052794524085994,701277728,1,
T-sameregion-optimistic@v2nb-c10,763,1791052794526173728,720236885,1,
T-sameregion-optimistic@v2nb-c10,764,1791052794620391225,715567450,1,
T-sameregion-optimistic@v2nb-c10,765,1791052794707123613,723260587,1,
T-sameregion-optimistic@v2nb-c10,766,1791052794745076209,777637034,1,
T-sameregion-optimistic@v2nb-c10,768,1791052794861332456,681455176,1,
T-sameregion-optimistic@v2nb-c10,769,1791052794919231266,713162703,1,
T-sameregion-optimistic@v2nb-c10,780,1791052795632399435,67898782,0,Internal error occurred: failed to generate token: while signing jwt: rpc error: code = Unavailable desc = token signing failed: threshold not met
T-sameregion-optimistic@v2nb-c10,771,1791052795037263952,689602094,1,
T-sameregion-optimistic@v2nb-c10,772,1791052795039980023,729235131,1,
T-sameregion-optimistic@v2nb-c10,773,1791052795132252627,708189477,1,
T-sameregion-optimistic@v2nb-c10,784,1791052795840447502,59247119,0,Internal error occurred: failed to generate token: while signing jwt: rpc error: code = Unavailable desc = token signing failed: threshold not met
T-sameregion-optimistic@v2nb-c10,774,1791052795225369603,705363351,1,
T-sameregion-optimistic@v2nb-c10,786,1791052795930737840,68819124,0,Internal error occurred: failed to generate token: while signing jwt: rpc error: code = Unavailable desc = token signing failed: threshold not met
T-sameregion-optimistic@v2nb-c10,775,1791052795246415357,777138754,1,
T-sameregion-optimistic@v2nb-c10,776,1791052795335963995,724862292,1,
T-sameregion-optimistic@v2nb-c10,777,1791052795430391499,705088476,1,
T-sameregion-optimistic@v2nb-c10,790,1791052796135484882,25928101,0,Internal error occurred: failed to generate token: while signing jwt: rpc error: code = Unavailable desc = token signing failed: threshold not met
T-sameregion-optimistic@v2nb-c10,791,1791052796161417976,38466842,0,Internal error occurred: failed to generate token: while signing jwt: rpc error: code = Unavailable desc = token signing failed: threshold not met
T-sameregion-optimistic@v2nb-c10,778,1791052795522718539,706108345,1,
T-sameregion-optimistic@v2nb-c10,779,1791052795542793417,780751880,1,
T-sameregion-optimistic@v2nb-c10,781,1791052795700304839,645110054,1,
T-sameregion-optimistic@v2nb-c10,782,1791052795726872724,706680348,1,
T-sameregion-optimistic@v2nb-c10,783,1791052795769220337,757166969,1,
T-sameregion-optimistic@v2nb-c10,785,1791052795899699517,703268950,1,
T-sameregion-optimistic@v2nb-c10,787,1791052795999561320,641132679,1,
T-sameregion-optimistic@v2nb-c10,788,1791052796023560421,707146868,1,
T-sameregion-optimistic@v2nb-c10,789,1791052796060831974,762362864,1,
T-sameregion-optimistic@v2nb-c10,792,1791052796199889296,667552232,1,
T-sameregion-optimistic@v2nb-c10,793,1791052796228832410,705769052,1,
T-sameregion-optimistic@v2nb-c10,794,1791052796323550995,711778664,1,
T-sameregion-optimistic@v2nb-c10,804,1791052797035334748,64641805,0,Internal error occurred: failed to generate token: while signing jwt: rpc error: code = Unavailable desc = token signing failed: threshold not met
T-sameregion-optimistic@v2nb-c10,795,1791052796345419007,776691431,1,
T-sameregion-optimistic@v2nb-c10,796,1791052796433558807,712310155,1,
T-sameregion-optimistic@v2nb-c10,797,1791052796526395337,707671084,1,
T-sameregion-optimistic@v2nb-c10,798,1791052796602972997,723545563,1,
T-sameregion-optimistic@v2nb-c10,799,1791052796640700206,782107427,1,
T-sameregion-optimistic@v2nb-c10,800,1791052796730713201,708797635,1,
T-sameregion-optimistic@v2nb-c10,801,1791052796823202350,689930837,1,
T-sameregion-optimistic@v2nb-c10,802,1791052796867446822,739026926,1,
T-sameregion-optimistic@v2nb-c10,803,1791052796934606060,731053616,1,
T-sameregion-optimistic@v2nb-c10,805,1791052797099981465,618405348,1,
T-sameregion-optimistic@v2nb-c10,814,1791052797665665440,57530821,0,Internal error occurred: failed to generate token: while signing jwt: rpc error: code = Unavailable desc = token signing failed: threshold not met
T-sameregion-optimistic@v2nb-c10,815,1791052797718407869,22145708,0,Internal error occurred: failed to generate token: while signing jwt: rpc error: code = Unavailable desc = token signing failed: threshold not met
T-sameregion-optimistic@v2nb-c10,806,1791052797122115998,688480899,1,
T-sameregion-optimistic@v2nb-c10,818,1791052797810601811,50817789,0,Internal error occurred: failed to generate token: while signing jwt: rpc error: code = Unavailable desc = token signing failed: threshold not met
T-sameregion-optimistic@v2nb-c10,807,1791052797145874443,759564929,1,
T-sameregion-optimistic@v2nb-c10,808,1791052797234071929,710731744,1,
T-sameregion-optimistic@v2nb-c10,809,1791052797326524031,688477766,1,
T-sameregion-optimistic@v2nb-c10,822,1791052798015009192,46386200,0,Internal error occurred: failed to generate token: while signing jwt: rpc error: code = Unavailable desc = token signing failed: threshold not met
T-sameregion-optimistic@v2nb-c10,810,1791052797422813121,686815539,1,
T-sameregion-optimistic@v2nb-c10,823,1791052798061402528,79070833,0,Internal error occurred: failed to generate token: while signing jwt: rpc error: code = Unavailable desc = token signing failed: threshold not met
T-sameregion-optimistic@v2nb-c10,824,1791052798109635046,51751073,0,Internal error occurred: failed to generate token: while signing jwt: rpc error: code = Unavailable desc = token signing failed: threshold not met
T-sameregion-optimistic@v2nb-c10,825,1791052798140479162,20964506,0,Internal error occurred: failed to generate token: while signing jwt: rpc error: code = Unavailable desc = token signing failed: threshold not met
T-sameregion-optimistic@v2nb-c10,811,1791052797439516771,762923159,1,
T-sameregion-optimistic@v2nb-c10,828,1791052798202445652,38138031,0,Internal error occurred: failed to generate token: while signing jwt: rpc error: code = Unavailable desc = token signing failed: threshold not met
T-sameregion-optimistic@v2nb-c10,826,1791052798161392496,79191237,0,Internal error occurred: failed to generate token: while signing jwt: rpc error: code = Unavailable desc = token signing failed: threshold not met
T-sameregion-optimistic@v2nb-c10,812,1791052797513139387,730485095,1,
T-sameregion-optimistic@v2nb-c10,829,1791052798240588776,59625802,0,Internal error occurred: failed to generate token: while signing jwt: rpc error: code = Unavailable desc = token signing failed: threshold not met
T-sameregion-optimistic@v2nb-c10,813,1791052797606478811,709483697,1,
T-sameregion-optimistic@v2nb-c10,816,1791052797723201006,703216432,1,
T-sameregion-optimistic@v2nb-c10,817,1791052797740557930,762478768,1,
T-sameregion-optimistic@v2nb-c10,819,1791052797861423916,680361996,1,
T-sameregion-optimistic@v2nb-c10,820,1791052797905444144,707556080,1,
T-sameregion-optimistic@v2nb-c10,821,1791052797944810328,761573441,1,
T-sameregion-optimistic@v2nb-c10,827,1791052798161446513,587126871,1,
T-sameregion-optimistic@v2nb-c10,830,1791052798240588785,593384043,1,
T-sameregion-optimistic@v2nb-c10,831,1791052798243629405,667432053,1,
T-sameregion-optimistic@v2nb-c10,832,1791052798300230798,702871385,1,
T-sameregion-optimistic@v2nb-c10,833,1791052798315967961,729147966,1,
T-sameregion-optimistic@v2nb-c10,834,1791052798426423827,688113912,1,
T-sameregion-optimistic@v2nb-c10,835,1791052798503042177,704299206,1,
T-sameregion-optimistic@v2nb-c10,845,1791052799207346631,54594221,0,Internal error occurred: failed to generate token: while signing jwt: rpc error: code = Unavailable desc = token signing failed: threshold not met
T-sameregion-optimistic@v2nb-c10,836,1791052798541791127,724289926,1,
T-sameregion-optimistic@v2nb-c10,846,1791052799261945827,61932976,0,Internal error occurred: failed to generate token: while signing jwt: rpc error: code = Unavailable desc = token signing failed: threshold not met
T-sameregion-optimistic@v2nb-c10,847,1791052799266085857,57794569,0,Internal error occurred: failed to generate token: while signing jwt: rpc error: code = Unavailable desc = token signing failed: threshold not met
T-sameregion-optimistic@v2nb-c10,837,1791052798613007444,721313843,1,
T-sameregion-optimistic@v2nb-c10,838,1791052798706388948,723022742,1,
T-sameregion-optimistic@v2nb-c10,839,1791052798748579877,757361713,1,
T-sameregion-optimistic@v2nb-c10,840,1791052798833978622,723536383,1,
T-sameregion-optimistic@v2nb-c10,841,1791052798911068387,722584245,1,
T-sameregion-optimistic@v2nb-c10,842,1791052799003106787,726743002,1,
T-sameregion-optimistic@v2nb-c10,843,1791052799045121076,760351624,1,
T-sameregion-optimistic@v2nb-c10,844,1791052799114542598,725055881,1,
T-sameregion-optimistic@v2nb-c10,848,1791052799323884281,611235766,1,
T-sameregion-optimistic@v2nb-c10,849,1791052799323884611,813753563,1,
T-sameregion-optimistic@v2nb-c10,850,1791052799334326840,878304213,1,
T-sameregion-optimistic@v2nb-c10,859,1791052800137644149,75075842,0,Internal error occurred: failed to generate token: while signing jwt: rpc error: code = Unavailable desc = token signing failed: threshold not met
T-sameregion-optimistic@v2nb-c10,851,1791052799429417777,875974244,1,
T-sameregion-optimistic@v2nb-c10,852,1791052799505948853,816979454,1,
T-sameregion-optimistic@v2nb-c10,853,1791052799557521127,859460348,1,
T-sameregion-optimistic@v2nb-c10,854,1791052799633659349,878709663,1,
T-sameregion-optimistic@v2nb-c10,855,1791052799729854182,829291603,1,
T-sameregion-optimistic@v2nb-c10,856,1791052799805477644,830021919,1,
T-sameregion-optimistic@v2nb-c10,857,1791052799839604469,889450540,1,
T-sameregion-optimistic@v2nb-c10,858,1791052799935125779,873688653,1,
T-sameregion-optimistic@v2nb-c10,860,1791052800212636528,656394920,1,
T-sameregion-optimistic@v2nb-c10,861,1791052800212723474,704768783,1,
T-sameregion-optimistic@v2nb-c10,862,1791052800305398708,721593249,1,
T-sameregion-optimistic@v2nb-c10,863,1791052800322934781,745400003,1,
T-sameregion-optimistic@v2nb-c10,873,1791052801068341700,33824951,0,Internal error occurred: failed to generate token: while signing jwt: rpc error: code = Unavailable desc = token signing failed: threshold not met
T-sameregion-optimistic@v2nb-c10,864,1791052800417010010,732766502,1,
T-sameregion-optimistic@v2nb-c10,875,1791052801149782541,82715390,0,Internal error occurred: failed to generate token: while signing jwt: rpc error: code = Unavailable desc = token signing failed: threshold not met
T-sameregion-optimistic@v2nb-c10,865,1791052800512377223,799470561,1,
T-sameregion-optimistic@v2nb-c10,866,1791052800559153749,872063078,1,
T-sameregion-optimistic@v2nb-c10,867,1791052800635505300,915240243,1,
T-sameregion-optimistic@v2nb-c10,868,1791052800729062523,917377202,1,
T-sameregion-optimistic@v2nb-c10,880,1791052801646447700,78018144,0,Internal error occurred: failed to generate token: while signing jwt: rpc error: code = Unavailable desc = token signing failed: threshold not met
T-sameregion-optimistic@v2nb-c10,869,1791052800808828592,1005413658,1,
T-sameregion-optimistic@v2nb-c10,870,1791052800869036194,1055792738,1,
T-sameregion-optimistic@v2nb-c10,871,1791052800917497945,1117151111,1,
T-sameregion-optimistic@v2nb-c10,884,1791052802034653980,90213142,0,Internal error occurred: failed to generate token: while signing jwt: rpc error: code = Unavailable desc = token signing failed: threshold not met
T-sameregion-optimistic@v2nb-c10,872,1791052801026998533,1140221558,1,
T-sameregion-optimistic@v2nb-c10,874,1791052801102173079,1228215389,1,
T-sameregion-optimistic@v2nb-c10,876,1791052801232504298,1192068641,1,
T-sameregion-optimistic@v2nb-c10,877,1791052801311853972,1129188609,1,
T-sameregion-optimistic@v2nb-c10,878,1791052801431223885,1102983510,1,
T-sameregion-optimistic@v2nb-c10,879,1791052801550752077,1078758816,1,
T-sameregion-optimistic@v2nb-c10,881,1791052801724472686,921148459,1,
T-sameregion-optimistic@v2nb-c10,891,1791052802629518451,72835588,0,Internal error occurred: failed to generate token: while signing jwt: rpc error: code = Unavailable desc = token signing failed: threshold not met
T-sameregion-optimistic@v2nb-c10,892,1791052802645627473,73624128,0,Internal error occurred: failed to generate token: while signing jwt: rpc error: code = Unavailable desc = token signing failed: threshold not met
T-sameregion-optimistic@v2nb-c10,882,1791052801814248380,927861192,1,
T-sameregion-optimistic@v2nb-c10,883,1791052801924838758,910016379,1,
T-sameregion-optimistic@v2nb-c10,885,1791052802124873953,802618440,1,
T-sameregion-optimistic@v2nb-c10,886,1791052802167225749,782732231,1,
T-sameregion-optimistic@v2nb-c10,887,1791052802330394710,708000202,1,
T-sameregion-optimistic@v2nb-c10,888,1791052802424597554,706391341,1,
T-sameregion-optimistic@v2nb-c10,889,1791052802441048470,708202334,1,
T-sameregion-optimistic@v2nb-c10,901,1791052803149333239,69465023,0,Internal error occurred: failed to generate token: while signing jwt: rpc error: code = Unavailable desc = token signing failed: threshold not met
T-sameregion-optimistic@v2nb-c10,902,1791052803218804123,22940355,0,Internal error occurred: failed to generate token: while signing jwt: rpc error: code = Unavailable desc = token signing failed: threshold not met
T-sameregion-optimistic@v2nb-c10,890,1791052802534212828,707593512,1,
T-sameregion-optimistic@v2nb-c10,903,1791052803241750710,81950634,0,Internal error occurred: failed to generate token: while signing jwt: rpc error: code = Unavailable desc = token signing failed: threshold not met
T-sameregion-optimistic@v2nb-c10,893,1791052802702363280,635340160,1,
T-sameregion-optimistic@v2nb-c10,894,1791052802719331263,644990233,1,
T-sameregion-optimistic@v2nb-c10,895,1791052802742188218,696930161,1,
T-sameregion-optimistic@v2nb-c10,908,1791052803439126572,79662662,0,Internal error occurred: failed to generate token: while signing jwt: rpc error: code = Unavailable desc = token signing failed: threshold not met
T-sameregion-optimistic@v2nb-c10,896,1791052802834860758,698916925,1,
T-sameregion-optimistic@v2nb-c10,909,1791052803518795879,42420133,0,Internal error occurred: failed to generate token: while signing jwt: rpc error: code = Unavailable desc = token signing failed: threshold not met
T-sameregion-optimistic@v2nb-c10,897,1791052802927498274,675683679,1,
T-sameregion-optimistic@v2nb-c10,898,1791052802949963781,707871122,1,
T-sameregion-optimistic@v2nb-c10,899,1791052803038401189,699635039,1,
T-sameregion-optimistic@v2nb-c10,900,1791052803130995336,701113925,1,
T-sameregion-optimistic@v2nb-c10,904,1791052803241809682,659159897,1,
T-sameregion-optimistic@v2nb-c10,905,1791052803323706946,617925533,1,
T-sameregion-optimistic@v2nb-c10,906,1791052803337710547,697271514,1,
T-sameregion-optimistic@v2nb-c10,907,1791052803364328998,741634036,1,
T-sameregion-optimistic@v2nb-c10,910,1791052803533782416,621901580,1,
T-sameregion-optimistic@v2nb-c10,920,1791052804155691610,44328699,0,Internal error occurred: failed to generate token: while signing jwt: rpc error: code = Unavailable desc = token signing failed: threshold not met
T-sameregion-optimistic@v2nb-c10,911,1791052803561223185,688394781,1,
T-sameregion-optimistic@v2nb-c10,912,1791052803603188160,733965270,1,
T-sameregion-optimistic@v2nb-c10,913,1791052803657840947,746242506,1,
T-sameregion-optimistic@v2nb-c10,914,1791052803738041441,715616855,1,
T-sameregion-optimistic@v2nb-c10,925,1791052804453663400,70190891,0,Internal error occurred: failed to generate token: while signing jwt: rpc error: code = Unavailable desc = token signing failed: threshold not met
T-sameregion-optimistic@v2nb-c10,915,1791052803832122471,708538111,1,
T-sameregion-optimistic@v2nb-c10,916,1791052803900974735,739413361,1,
T-sameregion-optimistic@v2nb-c10,917,1791052803941639167,716758257,1,
T-sameregion-optimistic@v2nb-c10,918,1791052804034988295,716785905,1,
T-sameregion-optimistic@v2nb-c10,919,1791052804105969684,731952069,1,
T-sameregion-optimistic@v2nb-c10,921,1791052804200025735,702558894,1,
T-sameregion-optimistic@v2nb-c10,922,1791052804249626619,706866191,1,
T-sameregion-optimistic@v2nb-c10,923,1791052804337161095,705376673,1,
T-sameregion-optimistic@v2nb-c10,924,1791052804404089921,730902657,1,
T-sameregion-optimistic@v2nb-c10,926,1791052804523860495,679441824,1,
T-sameregion-optimistic@v2nb-c10,927,1791052804540667090,713201941,1,
T-sameregion-optimistic@v2nb-c10,936,1791052805203308842,58531155,0,Internal error occurred: failed to generate token: while signing jwt: rpc error: code = Unavailable desc = token signing failed: threshold not met
T-sameregion-optimistic@v2nb-c10,928,1791052804640395220,706990597,1,
T-sameregion-optimistic@v2nb-c10,929,1791052804658403184,779343151,1,
T-sameregion-optimistic@v2nb-c10,930,1791052804751780229,781220067,1,
T-sameregion-optimistic@v2nb-c10,931,1791052804837991435,726769006,1,
T-sameregion-optimistic@v2nb-c10,932,1791052804902589503,740590840,1,
T-sameregion-optimistic@v2nb-c10,943,1791052805643186757,75620186,0,Internal error occurred: failed to generate token: while signing jwt: rpc error: code = Unavailable desc = token signing failed: threshold not met
T-sameregion-optimistic@v2nb-c10,933,1791052804956499573,779934073,1,
T-sameregion-optimistic@v2nb-c10,934,1791052805042566836,786045887,1,
T-sameregion-optimistic@v2nb-c10,935,1791052805134997942,727090830,1,
T-sameregion-optimistic@v2nb-c10,938,1791052805261845050,680991192,1,
T-sameregion-optimistic@v2nb-c10,937,1791052805253879224,702679682,1,
T-sameregion-optimistic@v2nb-c10,939,1791052805347392353,703024613,1,
T-sameregion-optimistic@v2nb-c10,940,1791052805437752663,706909770,1,
T-sameregion-optimistic@v2nb-c10,941,1791052805533006678,674245348,1,
T-sameregion-optimistic@v2nb-c10,942,1791052805564775586,690407548,1,
T-sameregion-optimistic@v2nb-c10,944,1791052805718812638,613251055,1,
T-sameregion-optimistic@v2nb-c10,945,1791052805736441797,687712485,1,
T-sameregion-optimistic@v2nb-c10,946,1791052805828617017,615115164,1,
T-sameregion-optimistic@v2nb-c10,947,1791052805862093945,676785961,1,
T-sameregion-optimistic@v2nb-c10,948,1791052805942840789,684631929,1,
T-sameregion-optimistic@v2nb-c10,949,1791052805956564095,754558356,1,
T-sameregion-optimistic@v2nb-c10,950,1791052806050435961,696485107,1,
T-sameregion-optimistic@v2nb-c10,951,1791052806144694498,692669288,1,
T-sameregion-optimistic@v2nb-c10,952,1791052806207259385,708519735,1,
T-sameregion-optimistic@v2nb-c10,953,1791052806255189125,704255959,1,
T-sameregion-optimistic@v2nb-c10,954,1791052806332070538,710543690,1,
T-sameregion-optimistic@v2nb-c10,955,1791052806424161813,704485617,1,
T-sameregion-optimistic@v2nb-c10,956,1791052806443739595,779791140,1,
T-sameregion-optimistic@v2nb-c10,957,1791052806538887162,721762011,1,
T-sameregion-optimistic@v2nb-c10,966,1791052807223535526,37467603,0,Internal error occurred: failed to generate token: while signing jwt: rpc error: code = Unavailable desc = token signing failed: threshold not met
T-sameregion-optimistic@v2nb-c10,958,1791052806627593625,714535163,1,
T-sameregion-optimistic@v2nb-c10,959,1791052806711129214,714664769,1,
T-sameregion-optimistic@v2nb-c10,960,1791052806746928020,772849033,1,
T-sameregion-optimistic@v2nb-c10,961,1791052806837390168,709112196,1,
T-sameregion-optimistic@v2nb-c10,962,1791052806915784775,713314481,1,
T-sameregion-optimistic@v2nb-c10,963,1791052806959452586,763552793,1,
T-sameregion-optimistic@v2nb-c10,964,1791052807042619923,720043848,1,
T-sameregion-optimistic@v2nb-c10,965,1791052807128652928,713944468,1,
T-sameregion-optimistic@v2nb-c10,968,1791052807261006827,669012175,1,
T-sameregion-optimistic@v2nb-c10,967,1791052807260655179,692743400,1,
T-sameregion-optimistic@v2nb-c10,969,1791052807342134070,698402460,1,
T-sameregion-optimistic@v2nb-c10,970,1791052807425799753,700582091,1,
T-sameregion-optimistic@v2nb-c10,971,1791052807519782858,644727715,1,
T-sameregion-optimistic@v2nb-c10,972,1791052807546507795,706100275,1,
T-sameregion-optimistic@v2nb-c10,973,1791052807629104420,708954080,1,
T-sameregion-optimistic@v2nb-c10,974,1791052807723012073,646793542,1,
T-sameregion-optimistic@v2nb-c10,975,1791052807762668717,692675648,1,
T-sameregion-optimistic@v2nb-c10,976,1791052807842603524,689420463,1,
T-sameregion-optimistic@v2nb-c10,977,1791052807930034756,695290801,1,
T-sameregion-optimistic@v2nb-c10,978,1791052807953405809,705804443,1,
T-sameregion-optimistic@v2nb-c10,979,1791052808040542817,695666099,1,
T-sameregion-optimistic@v2nb-c10,980,1791052808126390729,703687044,1,
T-sameregion-optimistic@v2nb-c10,981,1791052808164516490,705953446,1,
T-sameregion-optimistic@v2nb-c10,982,1791052808252612614,704686396,1,
T-sameregion-optimistic@v2nb-c10,983,1791052808338063008,711327761,1,
T-sameregion-optimistic@v2nb-c10,984,1791052808369810312,758620521,1,
T-sameregion-optimistic@v2nb-c10,985,1791052808455351184,712220289,1,
T-sameregion-optimistic@v2nb-c10,986,1791052808532031166,722188229,1,
T-sameregion-optimistic@v2nb-c10,987,1791052808625332123,706730605,1,
T-sameregion-optimistic@v2nb-c10,988,1791052808659216539,766006607,1,
T-sameregion-optimistic@v2nb-c10,989,1791052808736216542,726476272,1,
T-sameregion-optimistic@v2nb-c10,990,1791052808830082592,704785294,1,
T-sameregion-optimistic@v2nb-c10,991,1791052808870476354,758275070,1,
T-sameregion-optimistic@v2nb-c10,992,1791052808957305225,742992395,1,
T-sameregion-optimistic@v2nb-c10,993,1791052809049396829,691650045,1,
T-sameregion-optimistic@v2nb-c10,994,1791052809128437445,706160291,1,
T-sameregion-optimistic@v2nb-c10,995,1791052809167579212,758691611,1,
T-sameregion-optimistic@v2nb-c10,996,1791052809254238251,708361504,1,
T-sameregion-optimistic@v2nb-c10,997,1791052809332067448,708934621,1,
T-sameregion-optimistic@v2nb-c10,998,1791052809425228798,705032198,1,
T-sameregion-optimistic@v2nb-c10,999,1791052809462699406,738522073,1,
T-sameregion-optimistic@v2nb-c10,1000,1791052809534873304,705381307,1,
