label,seq,start_unix_ns,latency_ns,ok,error
T-sameregion-optimistic@n48-c100,3,1791053175007033089,159006636,1,
T-sameregion-optimistic@n48-c100,81,1791053175011251401,257350540,0,Internal error occurred: failed to generate token: while signing jwt: rpc error: code = Unavailable desc = token signing failed: threshold not met
T-sameregion-optimistic@n48-c100,4,1791053175007090114,263454928,1,
T-sameregion-optimistic@n48-c100,103,1791053175270551147,6024886,0,Internal error occurred: failed to generate token: while signing jwt: rpc error: code = Unavailable desc = token signing failed: threshold not met
T-sameregion-optimistic@n48-c100,5,1791053175007138065,298092337,1,
T-sameregion-optimistic@n48-c100,104,1791053175276582315,69033394,0,Internal error occurred: failed to generate token: while signing jwt: rpc error: code = Unavailable desc = token signing failed: threshold not met
T-sameregion-optimistic@n48-c100,46,1791053175009549175,436862284,1,
T-sameregion-optimistic@n48-c100,28,1791053175008260954,438886395,1,
T-sameregion-optimistic@n48-c100,30,1791053175008361001,596938070,1,
T-sameregion-optimistic@n48-c100,8,1791053175007281545,743361409,1,
T-sameregion-optimistic@n48-c100,6,1791053175007182043,753243810,1,
T-sameregion-optimistic@n48-c100,1,1791053175006777012,946194104,1,
T-sameregion-optimistic@n48-c100,7,1791053175007235098,959536960,1,
T-sameregion-optimistic@n48-c100,37,1791053175008793594,1054636709,1,
T-sameregion-optimistic@n48-c100,16,1791053175007623253,1148843232,1,
T-sameregion-optimistic@n48-c100,23,1791053175007948333,1259687990,1,
T-sameregion-optimistic@n48-c100,17,1791053175007660006,1353108170,1,
T-sameregion-optimistic@n48-c100,13,1791053175007497219,1357317849,1,
T-sameregion-optimistic@n48-c100,35,1791053175008703757,1467724387,1,
T-sameregion-optimistic@n48-c100,48,1791053175009632628,1537022420,0,Internal error occurred: failed to generate token: while signing jwt: rpc error: code = Unavailable desc = token signing failed: threshold not met
T-sameregion-optimistic@n48-c100,11,1791053175007410017,1561891105,1,
T-sameregion-optimistic@n48-c100,44,1791053175009409224,1568842464,1,
T-sameregion-optimistic@n48-c100,32,1791053175008436133,1658524547,1,
T-sameregion-optimistic@n48-c100,38,1791053175008842463,1680717377,1,
T-sameregion-optimistic@n48-c100,54,1791053175009949212,1741036609,0,Internal error occurred: failed to generate token: while signing jwt: rpc error: code = Unavailable desc = token signing failed: threshold not met
T-sameregion-optimistic@n48-c100,15,1791053175007569639,1753506899,1,
T-sameregion-optimistic@n48-c100,70,1791053175010712866,1757322037,0,Internal error occurred: failed to generate token: while signing jwt: rpc error: code = Unavailable desc = token signing failed: threshold not met
T-sameregion-optimistic@n48-c100,33,1791053175008601912,1776373977,1,
T-sameregion-optimistic@n48-c100,20,1791053175007787051,1848257410,1,
T-sameregion-optimistic@n48-c100,60,1791053175010248377,1852250446,0,Internal error occurred: failed to generate token: while signing jwt: rpc error: code = Unavailable desc = token signing failed: threshold not met
T-sameregion-optimistic@n48-c100,25,1791053175008028102,1865775768,1,
T-sameregion-optimistic@n48-c100,22,1791053175007883281,1988108897,0,Internal error occurred: failed to generate token: while signing jwt: rpc error: code = Unavailable desc = token signing failed: threshold not met
T-sameregion-optimistic@n48-c100,67,1791053175010576150,1990006479,0,Internal error occurred: failed to generate token: while signing jwt: rpc error: code = Unavailable desc = token signing failed: threshold not met
T-sameregion-optimistic@n48-c100,71,1791053175010755065,2009026403,0,Internal error occurred: failed to generate token: while signing jwt: rpc error: code = Unavailable desc = token signing failed: threshold not met
T-sameregion-optimistic@n48-c100,86,1791053175013403876,2008365490,0,Internal error occurred: failed to generate token: while signing jwt: rpc error: code = Unavailable desc = token signing failed: threshold not met
T-sameregion-optimistic@n48-c100,45,1791053175009466598,2015366628,0,Internal error occurred: failed to generate token: while signing jwt: rpc error: code = Unavailable desc = token signing failed: threshold not met
T-sameregion-optimistic@n48-c100,98,1791053175014266447,2010677978,0,Internal error occurred: failed to generate token: while signing jwt: rpc error: code = Unavailable desc = token signing failed: threshold not met
T-sameregion-optimistic@n48-c100,77,1791053175011065893,2013952659,0,Internal error occurred: failed to generate token: while signing jwt: rpc error: code = Unavailable desc = token signing failed: threshold not met
T-sameregion-optimistic@n48-c100,80,1791053175011204339,2013889437,0,Internal error occurred: failed to generate token: while signing jwt: rpc error: code = Unavailable desc = token signing failed: threshold not met
T-sameregion-optimistic@n48-c100,85,1791053175013300845,2011889804,0,Internal error occurred: failed to generate token: while signing jwt: rpc error: code = Unavailable desc = token signing failed: threshold not met
T-sameregion-optimistic@n48-c100,63,1791053175010387223,2043187168,0,Internal error occurred: failed to generate token: while signing jwt: rpc error: code = Unavailable desc = token signing failed: threshold not met
T-sameregion-optimistic@n48-c100,73,1791053175010863004,2048630172,0,Internal error occurred: failed to generate token: while signing jwt: rpc error: code = Unavailable desc = token signing failed: threshold not met
T-sameregion-optimistic@n48-c100,10,1791053175007369861,2054721642,0,Internal error occurred: failed to generate token: while signing jwt: rpc error: code = Unavailable desc = token signing failed: threshold not met
T-sameregion-optimistic@n48-c100,24,1791053175007992304,2057796601,0,Internal error occurred: failed to generate token: while signing jwt: rpc error: code = Unavailable desc = token signing failed: threshold not met
T-sameregion-optimistic@n48-c100,9,1791053175007317823,2058495435,0,Internal error occurred: failed to generate token: while signing jwt: rpc error: code = Unavailable desc = token signing failed: threshold not met
T-sameregion-optimistic@n48-c100,21,1791053175007828998,2058031064,0,Internal error occurred: failed to generate token: while signing jwt: rpc error: code = Unavailable desc = token signing failed: threshold not met
T-sameregion-optimistic@n48-c100,19,1791053175007744920,2058186455,0,Internal error occurred: failed to generate token: while signing jwt: rpc error: code = Unavailable desc = token signing failed: threshold not met
T-sameregion-optimistic@n48-c100,68,1791053175010618146,2055547542,0,Internal error occurred: failed to generate token: while signing jwt: rpc error: code = Unavailable desc = token signing failed: threshold not met
T-sameregion-optimistic@n48-c100,12,1791053175007452940,2064531301,0,Internal error occurred: failed to generate token: while signing jwt: rpc error: code = Unavailable desc = token signing failed: threshold not met
T-sameregion-optimistic@n48-c100,14,1791053175007526961,2065540486,0,Internal error occurred: failed to generate token: while signing jwt: rpc error: code = Unavailable desc = token signing failed: threshold not met
T-sameregion-optimistic@n48-c100,52,1791053175009850876,2065159692,0,Internal error occurred: failed to generate token: while signing jwt: rpc error: code = Unavailable desc = token signing failed: threshold not met
T-sameregion-optimistic@n48-c100,96,1791053175014147643,2060943955,0,Internal error occurred: failed to generate token: while signing jwt: rpc error: code = Unavailable desc = token signing failed: threshold not met
T-sameregion-optimistic@n48-c100,36,1791053175008741477,2073237033,0,Internal error occurred: failed to generate token: while signing jwt: rpc error: code = Unavailable desc = token signing failed: threshold not met
T-sameregion-optimistic@n48-c100,34,1791053175008657348,2073321698,0,Internal error occurred: failed to generate token: while signing jwt: rpc error: code = Unavailable desc = token signing failed: threshold not met
T-sameregion-optimistic@n48-c100,18,1791053175007706228,2075935039,0,Internal error occurred: failed to generate token: while signing jwt: rpc error: code = Unavailable desc = token signing failed: threshold not met
T-sameregion-optimistic@n48-c100,40,1791053175008969615,2074744857,0,Internal error occurred: failed to generate token: while signing jwt: rpc error: code = Unavailable desc = token signing failed: threshold not met
T-sameregion-optimistic@n48-c100,39,1791053175008894286,2076792007,0,Internal error occurred: failed to generate token: while signing jwt: rpc error: code = Unavailable desc = token signing failed: threshold not met
T-sameregion-optimistic@n48-c100,31,1791053175008392887,2077365318,0,Internal error occurred: failed to generate token: while signing jwt: rpc error: code = Unavailable desc = token signing failed: threshold not met
T-sameregion-optimistic@n48-c100,27,1791053175008234787,2077803298,0,Internal error occurred: failed to generate token: while signing jwt: rpc error: code = Unavailable desc = token signing failed: threshold not met
T-sameregion-optimistic@n48-c100,47,1791053175009583693,2078258630,0,Internal error occurred: failed to generate token: while signing jwt: rpc error: code = Unavailable desc = token signing failed: threshold not met
T-sameregion-optimistic@n48-c100,49,1791053175009692570,2079271543,0,Internal error occurred: failed to generate token: while signing jwt: rpc error: code = Unavailable desc = token signing failed: threshold not met
T-sameregion-optimistic@n48-c100,61,1791053175010292031,2078971418,0,Internal error occurred: failed to generate token: while signing jwt: rpc error: code = Unavailable desc = token signing failed: threshold not met
T-sameregion-optimistic@n48-c100,51,1791053175009770209,2081342336,0,Internal error occurred: failed to generate token: while signing jwt: rpc error: code = Unavailable desc = token signing failed: threshold not met
T-sameregion-optimistic@n48-c100,58,1791053175010137187,2081449217,0,Internal error occurred: failed to generate token: while signing jwt: rpc error: code = Unavailable desc = token signing failed: threshold not met
T-sameregion-optimistic@n48-c100,41,1791053175009024933,2084149013,0,Internal error occurred: failed to generate token: while signing jwt: rpc error: code = Unavailable desc = token signing failed: threshold not met
T-sameregion-optimistic@n48-c100,94,1791053175014050165,2080872045,0,Internal error occurred: failed to generate token: while signing jwt: rpc error: code = Unavailable desc = token signing failed: threshold not met
T-sameregion-optimistic@n48-c100,53,1791053175009885754,2085048414,0,Internal error occurred: failed to generate token: while signing jwt: rpc error: code = Unavailable desc = token signing failed: threshold not met
T-sameregion-optimistic@n48-c100,57,1791053175010094739,2084896126,0,Internal error occurred: failed to generate token: while signing jwt: rpc error: code = Unavailable desc = token signing failed: threshold not met
T-sameregion-optimistic@n48-c100,66,1791053175010534048,2084586282,0,Internal error occurred: failed to generate token: while signing jwt: rpc error: code = Unavailable desc = token signing failed: threshold not met
T-sameregion-optimistic@n48-c100,55,1791053175010001237,2085142106,0,Internal error occurred: failed to generate token: while signing jwt: rpc error: code = Unavailable desc = token signing failed: threshold not met
T-sameregion-optimistic@n48-c100,65,1791053175010485816,2087675569,0,Internal error occurred: failed to generate token: while signing jwt: rpc error: code = Unavailable desc = token signing failed: threshold not met
T-sameregion-optimistic@n48-c100,26,1791053175008074236,2090087108,0,Internal error occurred: failed to generate token: while signing jwt: rpc error: code = Unavailable desc = token signing failed: threshold not met
T-sameregion-optimistic@n48-c100,29,1791053175008316785,2090046703,0,Internal error occurred: failed to generate token: while signing jwt: rpc error: code = Unavailable desc = token signing failed: threshold not met
T-sameregion-optimistic@n48-c100,43,1791053175009144205,2089240950,0,Internal error occurred: failed to generate token: while signing jwt: rpc error: code = Unavailable desc = token signing failed: threshold not met
T-sameregion-optimistic@n48-c100,84,1791053175011442511,2089197496,0,Internal error occurred: failed to generate token: while signing jwt: rpc error: code = Unavailable desc = token signing failed: threshold not met
T-sameregion-optimistic@n48-c100,99,1791053175014344725,2086313455,0,Internal error occurred: failed to generate token: while signing jwt: rpc error: code = Unavailable desc = token signing failed: threshold not met
T-sameregion-optimistic@n48-c100,76,1791053175011010634,2090638249,0,Internal error occurred: failed to generate token: while signing jwt: rpc error: code = Unavailable desc = token signing failed: threshold not met
T-sameregion-optimistic@n48-c100,91,1791053175013862849,2089858421,0,Internal error occurred: failed to generate token: while signing jwt: rpc error: code = Unavailable desc = token signing failed: threshold not met
T-sameregion-optimistic@n48-c100,64,1791053175010425465,2093304282,0,Internal error occurred: failed to generate token: while signing jwt: rpc error: code = Unavailable desc = token signing failed: threshold not met
T-sameregion-optimistic@n48-c100,92,1791053175013928835,2089876199,0,Internal error occurred: failed to generate token: while signing jwt: rpc error: code = Unavailable desc = token signing failed: threshold not met
T-sameregion-optimistic@n48-c100,87,1791053175013532576,2090834590,0,Internal error occurred: failed to generate token: while signing jwt: rpc error: code = Unavailable desc = token signing failed: threshold not met
T-sameregion-optimistic@n48-c100,72,1791053175010806765,2098757230,0,Internal error occurred: failed to generate token: while signing jwt: rpc error: code = Unavailable desc = token signing failed: threshold not met
T-sameregion-optimistic@n48-c100,62,1791053175010344297,2099351305,0,Internal error occurred: failed to generate token: while signing jwt: rpc error: code = Unavailable desc = token signing failed: threshold not met
T-sameregion-optimistic@n48-c100,42,1791053175009066039,2100712602,0,Internal error occurred: failed to generate token: while signing jwt: rpc error: code = Unavailable desc = token signing failed: threshold not met
T-sameregion-optimistic@n48-c100,95,1791053175014108173,2095699586,0,Internal error occurred: failed to generate token: while signing jwt: rpc error: code = Unavailable desc = token signing failed: threshold not met
T-sameregion-optimistic@n48-c100,59,1791053175010198230,2099722907,0,Internal error occurred: failed to generate token: while signing jwt: rpc error: code = Unavailable desc = token signing failed: threshold not met
T-sameregion-optimistic@n48-c100,50,1791053175009735420,2100291297,0,Internal error occurred: failed to generate token: while signing jwt: rpc error: code = Unavailable desc = token signing failed: threshold not met
T-sameregion-optimistic@n48-c100,89,1791053175013691520,2096428346,0,Internal error occurred: failed to generate token: while signing jwt: rpc error: code = Unavailable desc = token signing failed: threshold not met
T-sameregion-optimistic@n48-c100,78,1791053175011122285,2099001698,0,Internal error occurred: failed to generate token: while signing jwt: rpc error: code = Unavailable desc = token signing failed: threshold not met
T-sameregion-optimistic@n48-c100,69,1791053175010666730,2099593027,0,Internal error occurred: failed to generate token: while signing jwt: rpc error: code = Unavailable desc = token signing failed: threshold not met
T-sameregion-optimistic@n48-c100,90,1791053175013805972,2096475332,0,Internal error occurred: failed to generate token: while signing jwt: rpc error: code = Unavailable desc = token signing failed: threshold not met
T-sameregion-optimistic@n48-c100,97,1791053175014220867,2096133234,0,Internal error occurred: failed to generate token: while signing jwt: rpc error: code = Unavailable desc = token signing failed: threshold not met
T-sameregion-optimistic@n48-c100,93,1791053175013980012,2096411969,0,Internal error occurred: failed to generate token: while signing jwt: rpc error: code = Unavailable desc = token signing failed: threshold not met
T-sameregion-optimistic@n48-c100,75,1791053175010981890,2100078166,0,Internal error occurred: failed to generate token: while signing jwt: rpc error: code = Unavailable desc = token signing failed: threshold not met
T-sameregion-optimistic@n48-c100,74,1791053175010923515,2100523235,0,Internal error occurred: failed to generate token: while signing jwt: rpc error: code = Unavailable desc = token signing failed: threshold not met
T-sameregion-optimistic@n48-c100,56,1791053175010043771,2101457001,0,Internal error occurred: failed to generate token: while signing jwt: rpc error: code = Unavailable desc = token signing failed: threshold not met
T-sameregion-optimistic@n48-c100,88,1791053175013608857,2101669197,0,Internal error occurred: failed to generate token: while signing jwt: rpc error: code = Unavailable desc = token signing failed: threshold not met
T-sameregion-optimistic@n48-c100,82,1791053175011367037,2103911027,0,Internal error occurred: failed to generate token: while signing jwt: rpc error: code = Unavailable desc = token signing failed: threshold not met
T-sameregion-optimistic@n48-c100,100,1791053175014405618,2100932622,0,Internal error occurred: failed to generate token: while signing jwt: rpc error: code = Unavailable desc = token signing failed: threshold not met
T-sameregion-optimistic@n48-c100,79,1791053175011167737,2104586104,0,Internal error occurred: failed to generate token: while signing jwt: rpc error: code = Unavailable desc = token signing failed: threshold not met
T-sameregion-optimistic@n48-c100,2,1791053175006790169,2108963168,0,Internal error occurred: failed to generate token: while signing jwt: rpc error: code = Unavailable desc = token signing failed: threshold not met
T-sameregion-optimistic@n48-c100,83,1791053175011401596,2107532102,0,Internal error occurred: failed to generate token: while signing jwt: rpc error: code = Unavailable desc = token signing failed: threshold not met
T-sameregion-optimistic@n48-c100,101,1791053175166043979,2001260336,0,Internal error occurred: failed to generate token: while signing jwt: rpc error: code = Unavailable desc = token signing failed: threshold not met
T-sameregion-optimistic@n48-c100,105,1791053175305234928,1961370130,0,Internal error occurred: failed to generate token: while signing jwt: rpc error: code = Unavailable desc = token signing failed: threshold not met
T-sameregion-optimistic@n48-c100,166,1791053177094926387,171989615,0,Internal error occurred: failed to generate token: while signing jwt: rpc error: code = Unavailable desc = token signing failed: threshold not met
T-sameregion-optimistic@n48-c100,202,1791053177118942537,147997271,0,Internal error occurred: failed to generate token: while signing jwt: rpc error: code = Unavailable desc = token signing failed: threshold not met
T-sameregion-optimistic@n48-c100,102,1791053175268607402,1999965174,1,
T-sameregion-optimistic@n48-c100,205,1791053177266920408,33359616,0,Internal error occurred: failed to generate token: while signing jwt: rpc error: code = Unavailable desc = token signing failed: threshold not met
T-sameregion-optimistic@n48-c100,206,1791053177266942408,33347778,0,Internal error occurred: failed to generate token: while signing jwt: rpc error: code = Unavailable desc = token signing failed: threshold not met
T-sameregion-optimistic@n48-c100,106,1791053175345620809,1985695623,0,Internal error occurred: failed to generate token: while signing jwt: rpc error: code = Unavailable desc = token signing failed: threshold not met
T-sameregion-optimistic@n48-c100,209,1791053177300292731,66802443,0,Internal error occurred: failed to generate token: while signing jwt: rpc error: code = Unavailable desc = token signing failed: threshold not met
T-sameregion-optimistic@n48-c100,108,1791053175447150692,1920511196,1,
T-sameregion-optimistic@n48-c100,212,1791053177367667071,78170914,0,Internal error occurred: failed to generate token: while signing jwt: rpc error: code = Unavailable desc = token signing failed: threshold not met
T-sameregion-optimistic@n48-c100,109,1791053175605305429,1840553367,1,
T-sameregion-optimistic@n48-c100,107,1791053175446417876,2001316935,0,Internal error occurred: failed to generate token: while signing jwt: rpc error: code = Unavailable desc = token signing failed: threshold not met
T-sameregion-optimistic@n48-c100,110,1791053175750649579,1727461826,1,
T-sameregion-optimistic@n48-c100,111,1791053175760433388,1799397321,1,
T-sameregion-optimistic@n48-c100,112,1791053175952975770,1678646586,1,
T-sameregion-optimistic@n48-c100,113,1791053175966778131,1759482735,1,
T-sameregion-optimistic@n48-c100,114,1791053176063436009,1699113342,1,
T-sameregion-optimistic@n48-c100,115,1791053176156471625,1702319210,1,
T-sameregion-optimistic@n48-c100,116,1791053176267641399,1661602538,1,
T-sameregion-optimistic@n48-c100,117,1791053176360774823,1619755771,1,
T-sameregion-optimistic@n48-c100,118,1791053176364819891,1699444099,1,
T-sameregion-optimistic@n48-c100,119,1791053176476433540,1681859609,1,
T-sameregion-optimistic@n48-c100,120,1791053176546659967,1679020941,1,
T-sameregion-optimistic@n48-c100,121,1791053176569306283,1698986263,1,
T-sameregion-optimistic@n48-c100,122,1791053176578257098,1784173743,1,
T-sameregion-optimistic@n48-c100,123,1791053176666966335,1764331358,1,
T-sameregion-optimistic@n48-c100,124,1791053176689564666,1835219403,1,
T-sameregion-optimistic@n48-c100,125,1791053176750991072,1822621521,1,
T-sameregion-optimistic@n48-c100,126,1791053176761082137,1899307590,1,
T-sameregion-optimistic@n48-c100,127,1791053176768041037,1962873810,1,
T-sameregion-optimistic@n48-c100,128,1791053176784983311,1984952550,1,
T-sameregion-optimistic@n48-c100,129,1791053176856050407,1924217526,1,
T-sameregion-optimistic@n48-c100,130,1791053176862505788,2004855677,0,Internal error occurred: failed to generate token: while signing jwt: rpc error: code = Unavailable desc = token signing failed: threshold not met
T-sameregion-optimistic@n48-c100,131,1791053176873809012,2006794238,0,Internal error occurred: failed to generate token: while signing jwt: rpc error: code = Unavailable desc = token signing failed: threshold not met
T-sameregion-optimistic@n48-c100,132,1791053176995997259,1960961955,0,Internal error occurred: failed to generate token: while signing jwt: rpc error: code = Unavailable desc = token signing failed: threshold not met
T-sameregion-optimistic@n48-c100,133,1791053177000588792,1968394088,0,Internal error occurred: failed to generate token: while signing jwt: rpc error: code = Unavailable desc = token signing failed: threshold not met
T-sameregion-optimistic@n48-c100,135,1791053177021774223,2005515686,0,Internal error occurred: failed to generate token: while signing jwt: rpc error: code = Unavailable desc = token signing failed: threshold not met
T-sameregion-optimistic@n48-c100,134,1791053177019786014,2007507194,0,Internal error occurred: failed to generate token: while signing jwt: rpc error: code = Unavailable desc = token signing failed: threshold not met
T-sameregion-optimistic@n48-c100,140,1791053177025193553,2005415574,0,Internal error occurred: failed to generate token: while signing jwt: rpc error: code = Unavailable desc = token signing failed: threshold not met
T-sameregion-optimistic@n48-c100,139,1791053177025097394,2005767895,0,Internal error occurred: failed to generate token: while signing jwt: rpc error: code = Unavailable desc = token signing failed: threshold not met
T-sameregion-optimistic@n48-c100,137,1791053177024948004,2005991480,0,Internal error occurred: failed to generate token: while signing jwt: rpc error: code = Unavailable desc = token signing failed: threshold not met
T-sameregion-optimistic@n48-c100,136,1791053177024839053,2008438112,0,Internal error occurred: failed to generate token: while signing jwt: rpc error: code = Unavailable desc = token signing failed: threshold not met
T-sameregion-optimistic@n48-c100,138,1791053177025020981,2010989196,0,Internal error occurred: failed to generate token: while signing jwt: rpc error: code = Unavailable desc = token signing failed: threshold not met
T-sameregion-optimistic@n48-c100,161,1791053177088966641,1948016543,0,Internal error occurred: failed to generate token: while signing jwt: rpc error: code = Unavailable desc = token signing failed: threshold not met
T-sameregion-optimistic@n48-c100,163,1791053177091132058,1948403709,0,Internal error occurred: failed to generate token: while signing jwt: rpc error: code = Unavailable desc = token signing failed: threshold not met
T-sameregion-optimistic@n48-c100,157,1791053177085690337,1953845529,0,Internal error occurred: failed to generate token: while signing jwt: rpc error: code = Unavailable desc = token signing failed: threshold not met
T-sameregion-optimistic@n48-c100,141,1791053177053580122,2004412206,0,Internal error occurred: failed to generate token: while signing jwt: rpc error: code = Unavailable desc = token signing failed: threshold not met
T-sameregion-optimistic@n48-c100,142,1791053177059498544,2003914786,0,Internal error occurred: failed to generate token: while signing jwt: rpc error: code = Unavailable desc = token signing failed: threshold not met
T-sameregion-optimistic@n48-c100,143,1791053177062098643,2003089823,0,Internal error occurred: failed to generate token: while signing jwt: rpc error: code = Unavailable desc = token signing failed: threshold not met
T-sameregion-optimistic@n48-c100,190,1791053177110261937,1958575829,0,Internal error occurred: failed to generate token: while signing jwt: rpc error: code = Unavailable desc = token signing failed: threshold not met
T-sameregion-optimistic@n48-c100,187,1791053177110029400,1958808391,0,Internal error occurred: failed to generate token: while signing jwt: rpc error: code = Unavailable desc = token signing failed: threshold not met
T-sameregion-optimistic@n48-c100,183,1791053177109699069,1959253032,0,Internal error occurred: failed to generate token: while signing jwt: rpc error: code = Unavailable desc = token signing failed: threshold not met
T-sameregion-optimistic@n48-c100,145,1791053177065815450,2004641459,0,Internal error occurred: failed to generate token: while signing jwt: rpc error: code = Unavailable desc = token signing failed: threshold not met
T-sameregion-optimistic@n48-c100,146,1791053177065862149,2005427629,0,Internal error occurred: failed to generate token: while signing jwt: rpc error: code = Unavailable desc = token signing failed: threshold not met
T-sameregion-optimistic@n48-c100,147,1791053177065933189,2007040881,0,Internal error occurred: failed to generate token: while signing jwt: rpc error: code = Unavailable desc = token signing failed: threshold not met
T-sameregion-optimistic@n48-c100,148,1791053177066169062,2006807174,0,Internal error occurred: failed to generate token: while signing jwt: rpc error: code = Unavailable desc = token signing failed: threshold not met
T-sameregion-optimistic@n48-c100,144,1791053177065794887,2007250554,0,Internal error occurred: failed to generate token: while signing jwt: rpc error: code = Unavailable desc = token signing failed: threshold not met
T-sameregion-optimistic@n48-c100,149,1791053177071989117,2004026303,0,Internal error occurred: failed to generate token: while signing jwt: rpc error: code = Unavailable desc = token signing failed: threshold not met
T-sameregion-optimistic@n48-c100,152,1791053177075095414,2005397148,0,Internal error occurred: failed to generate token: while signing jwt: rpc error: code = Unavailable desc = token signing failed: threshold not met
T-sameregion-optimistic@n48-c100,151,1791053177075014577,2005477982,0,Internal error occurred: failed to generate token: while signing jwt: rpc error: code = Unavailable desc = token signing failed: threshold not met
T-sameregion-optimistic@n48-c100,150,1791053177073071563,2007531759,0,Internal error occurred: failed to generate token: while signing jwt: rpc error: code = Unavailable desc = token signing failed: threshold not met
T-sameregion-optimistic@n48-c100,154,1791053177081983475,2004404436,0,Internal error occurred: failed to generate token: while signing jwt: rpc error: code = Unavailable desc = token signing failed: threshold not met
T-sameregion-optimistic@n48-c100,153,1791053177081983451,2004529272,0,Internal error occurred: failed to generate token: while signing jwt: rpc error: code = Unavailable desc = token signing failed: threshold not met
T-sameregion-optimistic@n48-c100,156,1791053177083717339,2004790178,0,Internal error occurred: failed to generate token: while signing jwt: rpc error: code = Unavailable desc = token signing failed: threshold not met
T-sameregion-optimistic@n48-c100,155,1791053177083644658,2006027500,0,Internal error occurred: failed to generate token: while signing jwt: rpc error: code = Unavailable desc = token signing failed: threshold not met
T-sameregion-optimistic@n48-c100,164,1791053177091589327,2005449284,0,Internal error occurred: failed to generate token: while signing jwt: rpc error: code = Unavailable desc = token signing failed: threshold not met
T-sameregion-optimistic@n48-c100,158,1791053177085761371,2011275272,0,Internal error occurred: failed to generate token: while signing jwt: rpc error: code = Unavailable desc = token signing failed: threshold not met
T-sameregion-optimistic@n48-c100,162,1791053177089266224,2007845446,0,Internal error occurred: failed to generate token: while signing jwt: rpc error: code = Unavailable desc = token signing failed: threshold not met
T-sameregion-optimistic@n48-c100,159,1791053177086040368,2011237207,0,Internal error occurred: failed to generate token: while signing jwt: rpc error: code = Unavailable desc = token signing failed: threshold not met
T-sameregion-optimistic@n48-c100,160,1791053177087846479,2009921475,0,Internal error occurred: failed to generate token: while signing jwt: rpc error: code = Unavailable desc = token signing failed: threshold not met
T-sameregion-optimistic@n48-c100,171,1791053177098166550,2004473390,0,Internal error occurred: failed to generate token: while signing jwt: rpc error: code = Unavailable desc = token signing failed: threshold not met
T-sameregion-optimistic@n48-c100,167,1791053177094936951,2007703026,0,Internal error occurred: failed to generate token: while signing jwt: rpc error: code = Unavailable desc = token signing failed: threshold not met
T-sameregion-optimistic@n48-c100,165,1791053177093177240,2009520285,0,Internal error occurred: failed to generate token: while signing jwt: rpc error: code = Unavailable desc = token signing failed: threshold not met
T-sameregion-optimistic@n48-c100,168,1791053177094994238,2008136133,0,Internal error occurred: failed to generate token: while signing jwt: rpc error: code = Unavailable desc = token signing failed: threshold not met
T-sameregion-optimistic@n48-c100,170,1791053177095145807,2008017907,0,Internal error occurred: failed to generate token: while signing jwt: rpc error: code = Unavailable desc = token signing failed: threshold not met
T-sameregion-optimistic@n48-c100,174,1791053177098387864,2007883405,0,Internal error occurred: failed to generate token: while signing jwt: rpc error: code = Unavailable desc = token signing failed: threshold not met
T-sameregion-optimistic@n48-c100,169,1791053177095134500,2011212850,0,Internal error occurred: failed to generate token: while signing jwt: rpc error: code = Unavailable desc = token signing failed: threshold not met
T-sameregion-optimistic@n48-c100,173,1791053177098367075,2008200088,0,Internal error occurred: failed to generate token: while signing jwt: rpc error: code = Unavailable desc = token signing failed: threshold not met
T-sameregion-optimistic@n48-c100,172,1791053177098166555,2008437894,0,Internal error occurred: failed to generate token: while signing jwt: rpc error: code = Unavailable desc = token signing failed: threshold not met
T-sameregion-optimistic@n48-c100,176,1791053177100661000,2010231336,0,Internal error occurred: failed to generate token: while signing jwt: rpc error: code = Unavailable desc = token signing failed: threshold not met
T-sameregion-optimistic@n48-c100,175,1791053177100645260,2010247131,0,Internal error occurred: failed to generate token: while signing jwt: rpc error: code = Unavailable desc = token signing failed: threshold not met
T-sameregion-optimistic@n48-c100,179,1791053177103733783,2010000782,0,Internal error occurred: failed to generate token: while signing jwt: rpc error: code = Unavailable desc = token signing failed: threshold not met
T-sameregion-optimistic@n48-c100,178,1791053177103725879,2010293494,0,Internal error occurred: failed to generate token: while signing jwt: rpc error: code = Unavailable desc = token signing failed: threshold not met
T-sameregion-optimistic@n48-c100,180,1791053177103806952,2011804003,0,Internal error occurred: failed to generate token: while signing jwt: rpc error: code = Unavailable desc = token signing failed: threshold not met
T-sameregion-optimistic@n48-c100,181,1791053177104370516,2011377824,0,Internal error occurred: failed to generate token: while signing jwt: rpc error: code = Unavailable desc = token signing failed: threshold not met
T-sameregion-optimistic@n48-c100,177,1791053177101652784,2014180488,0,Internal error occurred: failed to generate token: while signing jwt: rpc error: code = Unavailable desc = token signing failed: threshold not met
T-sameregion-optimistic@n48-c100,192,1791053177110356198,2012402361,0,Internal error occurred: failed to generate token: while signing jwt: rpc error: code = Unavailable desc = token signing failed: threshold not met
T-sameregion-optimistic@n48-c100,185,1791053177109809923,2012948598,0,Internal error occurred: failed to generate token: while signing jwt: rpc error: code = Unavailable desc = token signing failed: threshold not met
T-sameregion-optimistic@n48-c100,197,1791053177115282077,2008588266,0,Internal error occurred: failed to generate token: while signing jwt: rpc error: code = Unavailable desc = token signing failed: threshold not met
T-sameregion-optimistic@n48-c100,198,1791053177115282021,2008659527,0,Internal error occurred: failed to generate token: while signing jwt: rpc error: code = Unavailable desc = token signing failed: threshold not met
T-sameregion-optimistic@n48-c100,201,1791053177115768718,2009455476,0,Internal error occurred: failed to generate token: while signing jwt: rpc error: code = Unavailable desc = token signing failed: threshold not met
T-sameregion-optimistic@n48-c100,182,1791053177109570272,2015653797,0,Internal error occurred: failed to generate token: while signing jwt: rpc error: code = Unavailable desc = token signing failed: threshold not met
T-sameregion-optimistic@n48-c100,184,1791053177109782801,2015535129,0,Internal error occurred: failed to generate token: while signing jwt: rpc error: code = Unavailable desc = token signing failed: threshold not met
T-sameregion-optimistic@n48-c100,194,1791053177111063791,2016595041,0,Internal error occurred: failed to generate token: while signing jwt: rpc error: code = Unavailable desc = token signing failed: threshold not met
T-sameregion-optimistic@n48-c100,200,1791053177115757258,2012916411,0,Internal error occurred: failed to generate token: while signing jwt: rpc error: code = Unavailable desc = token signing failed: threshold not met
T-sameregion-optimistic@n48-c100,193,1791053177110394006,2018859703,0,Internal error occurred: failed to generate token: while signing jwt: rpc error: code = Unavailable desc = token signing failed: threshold not met
T-sameregion-optimistic@n48-c100,199,1791053177115340446,2013955187,0,Internal error occurred: failed to generate token: while signing jwt: rpc error: code = Unavailable desc = token signing failed: threshold not met
T-sameregion-optimistic@n48-c100,186,1791053177109923479,2021812340,0,Internal error occurred: failed to generate token: while signing jwt: rpc error: code = Unavailable desc = token signing failed: threshold not met
T-sameregion-optimistic@n48-c100,196,1791053177111503574,2020238392,0,Internal error occurred: failed to generate token: while signing jwt: rpc error: code = Unavailable desc = token signing failed: threshold not met
T-sameregion-optimistic@n48-c100,189,1791053177110126123,2022110104,0,Internal error occurred: failed to generate token: while signing jwt: rpc error: code = Unavailable desc = token signing failed: threshold not met
T-sameregion-optimistic@n48-c100,188,1791053177110122174,2022974871,0,Internal error occurred: failed to generate token: while signing jwt: rpc error: code = Unavailable desc = token signing failed: threshold not met
T-sameregion-optimistic@n48-c100,195,1791053177111449845,2022636012,0,Internal error occurred: failed to generate token: while signing jwt: rpc error: code = Unavailable desc = token signing failed: threshold not met
T-sameregion-optimistic@n48-c100,191,1791053177110283627,2023984857,0,Internal error occurred: failed to generate token: while signing jwt: rpc error: code = Unavailable desc = token signing failed: threshold not met
T-sameregion-optimistic@n48-c100,203,1791053177167308920,1990662443,0,Internal error occurred: failed to generate token: while signing jwt: rpc error: code = Unavailable desc = token signing failed: threshold not met
T-sameregion-optimistic@n48-c100,291,1791053179122765091,84195428,0,Internal error occurred: failed to generate token: while signing jwt: rpc error: code = Unavailable desc = token signing failed: threshold not met
T-sameregion-optimistic@n48-c100,208,1791053177300288279,1908783960,0,Internal error occurred: failed to generate token: while signing jwt: rpc error: code = Unavailable desc = token signing failed: threshold not met
T-sameregion-optimistic@n48-c100,307,1791053179157977373,66733659,0,Internal error occurred: failed to generate token: while signing jwt: rpc error: code = Unavailable desc = token signing failed: threshold not met
T-sameregion-optimistic@n48-c100,204,1791053177266609890,1999285922,1,
T-sameregion-optimistic@n48-c100,207,1791053177268577303,2004873907,0,Internal error occurred: failed to generate token: while signing jwt: rpc error: code = Unavailable desc = token signing failed: threshold not met
T-sameregion-optimistic@n48-c100,310,1791053179224717118,75618068,0,Internal error occurred: failed to generate token: while signing jwt: rpc error: code = Unavailable desc = token signing failed: threshold not met
T-sameregion-optimistic@n48-c100,210,1791053177331321598,1996696197,0,Internal error occurred: failed to generate token: while signing jwt: rpc error: code = Unavailable desc = token signing failed: threshold not met
T-sameregion-optimistic@n48-c100,211,1791053177367100144,1992084301,1,
T-sameregion-optimistic@n48-c100,214,1791053177445862473,1968330495,1,
T-sameregion-optimistic@n48-c100,215,1791053177447739726,1976478641,0,Internal error occurred: failed to generate token: while signing jwt: rpc error: code = Unavailable desc = token signing failed: threshold not met
T-sameregion-optimistic@n48-c100,213,1791053177445852902,1994096948,0,Internal error occurred: failed to generate token: while signing jwt: rpc error: code = Unavailable desc = token signing failed: threshold not met
T-sameregion-optimistic@n48-c100,216,1791053177478117124,1993376607,1,
T-sameregion-optimistic@n48-c100,217,1791053177559836862,2004819284,0,Internal error occurred: failed to generate token: while signing jwt: rpc error: code = Unavailable desc = token signing failed: threshold not met
T-sameregion-optimistic@n48-c100,218,1791053177631629654,2005736325,0,Internal error occurred: failed to generate token: while signing jwt: rpc error: code = Unavailable desc = token signing failed: threshold not met
T-sameregion-optimistic@n48-c100,219,1791053177726268540,1918447127,1,
T-sameregion-optimistic@n48-c100,220,1791053177762554484,1915187317,1,
T-sameregion-optimistic@n48-c100,221,1791053177858796695,1913011596,1,
T-sameregion-optimistic@n48-c100,222,1791053177929248867,1926007126,1,
T-sameregion-optimistic@n48-c100,223,1791053177980537704,1966883185,1,
T-sameregion-optimistic@n48-c100,224,1791053178064270863,1911298376,1,
T-sameregion-optimistic@n48-c100,225,1791053178158300252,1911343083,1,
T-sameregion-optimistic@n48-c100,226,1791053178225686055,1907827984,1,
T-sameregion-optimistic@n48-c100,227,1791053178268298145,1945238452,1,
T-sameregion-optimistic@n48-c100,228,1791053178362436781,1910190522,1,
T-sameregion-optimistic@n48-c100,229,1791053178431303651,1925409147,1,
T-sameregion-optimistic@n48-c100,230,1791053178524790138,1901599247,1,
T-sameregion-optimistic@n48-c100,231,1791053178573618392,1939063851,1,
T-sameregion-optimistic@n48-c100,232,1791053178660395831,1909930200,1,
T-sameregion-optimistic@n48-c100,233,1791053178730921914,1925932200,1,
T-sameregion-optimistic@n48-c100,234,1791053178769942184,1992249158,1,
T-sameregion-optimistic@n48-c100,235,1791053178780273715,1986807851,1,
T-sameregion-optimistic@n48-c100,236,1791053178867368720,1994301271,1,
T-sameregion-optimistic@n48-c100,237,1791053178880608125,2005003800,0,Internal error occurred: failed to generate token: while signing jwt: rpc error: code = Unavailable desc = token signing failed: threshold not met
T-sameregion-optimistic@n48-c100,238,1791053178956965466,1949925407,1,
T-sameregion-optimistic@n48-c100,239,1791053178968987834,2004537134,0,Internal error occurred: failed to generate token: while signing jwt: rpc error: code = Unavailable desc = token signing failed: threshold not met
T-sameregion-optimistic@n48-c100,240,1791053179027297102,2006190477,0,Internal error occurred: failed to generate token: while signing jwt: rpc error: code = Unavailable desc = token signing failed: threshold not met
T-sameregion-optimistic@n48-c100,241,1791053179027297952,2007490391,0,Internal error occurred: failed to generate token: while signing jwt: rpc error: code = Unavailable desc = token signing failed: threshold not met
T-sameregion-optimistic@n48-c100,244,1791053179030942539,2007347515,0,Internal error occurred: failed to generate token: while signing jwt: rpc error: code = Unavailable desc = token signing failed: threshold not met
T-sameregion-optimistic@n48-c100,245,1791053179033282433,2005007558,0,Internal error occurred: failed to generate token: while signing jwt: rpc error: code = Unavailable desc = token signing failed: threshold not met
T-sameregion-optimistic@n48-c100,242,1791053179030615689,2007766495,0,Internal error occurred: failed to generate token: while signing jwt: rpc error: code = Unavailable desc = token signing failed: threshold not met
T-sameregion-optimistic@n48-c100,243,1791053179030869503,2008499011,0,Internal error occurred: failed to generate token: while signing jwt: rpc error: code = Unavailable desc = token signing failed: threshold not met
T-sameregion-optimistic@n48-c100,246,1791053179036015448,2006260517,0,Internal error occurred: failed to generate token: while signing jwt: rpc error: code = Unavailable desc = token signing failed: threshold not met
T-sameregion-optimistic@n48-c100,247,1791053179037008662,2006072871,0,Internal error occurred: failed to generate token: while signing jwt: rpc error: code = Unavailable desc = token signing failed: threshold not met
T-sameregion-optimistic@n48-c100,248,1791053179039541552,2004683192,0,Internal error occurred: failed to generate token: while signing jwt: rpc error: code = Unavailable desc = token signing failed: threshold not met
T-sameregion-optimistic@n48-c100,249,1791053179039541569,2005769211,0,Internal error occurred: failed to generate token: while signing jwt: rpc error: code = Unavailable desc = token signing failed: threshold not met
T-sameregion-optimistic@n48-c100,250,1791053179058002322,2004423493,0,Internal error occurred: failed to generate token: while signing jwt: rpc error: code = Unavailable desc = token signing failed: threshold not met
T-sameregion-optimistic@n48-c100,251,1791053179063419358,2003860605,0,Internal error occurred: failed to generate token: while signing jwt: rpc error: code = Unavailable desc = token signing failed: threshold not met
T-sameregion-optimistic@n48-c100,252,1791053179065193421,2003368085,0,Internal error occurred: failed to generate token: while signing jwt: rpc error: code = Unavailable desc = token signing failed: threshold not met
T-sameregion-optimistic@n48-c100,253,1791053179068843961,2004877189,0,Internal error occurred: failed to generate token: while signing jwt: rpc error: code = Unavailable desc = token signing failed: threshold not met
T-sameregion-optimistic@n48-c100,304,1791053179133099843,1940627211,0,Internal error occurred: failed to generate token: while signing jwt: rpc error: code = Unavailable desc = token signing failed: threshold not met
T-sameregion-optimistic@n48-c100,296,1791053179125320091,1948538994,0,Internal error occurred: failed to generate token: while signing jwt: rpc error: code = Unavailable desc = token signing failed: threshold not met
T-sameregion-optimistic@n48-c100,254,1791053179068844279,2005075706,0,Internal error occurred: failed to generate token: while signing jwt: rpc error: code = Unavailable desc = token signing failed: threshold not met
T-sameregion-optimistic@n48-c100,298,1791053179128677525,1945327862,0,Internal error occurred: failed to generate token: while signing jwt: rpc error: code = Unavailable desc = token signing failed: threshold not met
T-sameregion-optimistic@n48-c100,255,1791053179068954340,2005303110,0,Internal error occurred: failed to generate token: while signing jwt: rpc error: code = Unavailable desc = token signing failed: threshold not met
T-sameregion-optimistic@n48-c100,256,1791053179070462437,2007554724,0,Internal error occurred: failed to generate token: while signing jwt: rpc error: code = Unavailable desc = token signing failed: threshold not met
T-sameregion-optimistic@n48-c100,257,1791053179071294977,2006722391,0,Internal error occurred: failed to generate token: while signing jwt: rpc error: code = Unavailable desc = token signing failed: threshold not met
T-sameregion-optimistic@n48-c100,260,1791053179073047411,2005208312,0,Internal error occurred: failed to generate token: while signing jwt: rpc error: code = Unavailable desc = token signing failed: threshold not met
T-sameregion-optimistic@n48-c100,258,1791053179072979121,2005290497,0,Internal error occurred: failed to generate token: while signing jwt: rpc error: code = Unavailable desc = token signing failed: threshold not met
T-sameregion-optimistic@n48-c100,261,1791053179076021674,2005360410,0,Internal error occurred: failed to generate token: while signing jwt: rpc error: code = Unavailable desc = token signing failed: threshold not met
T-sameregion-optimistic@n48-c100,259,1791053179072979233,2008402852,0,Internal error occurred: failed to generate token: while signing jwt: rpc error: code = Unavailable desc = token signing failed: threshold not met
T-sameregion-optimistic@n48-c100,262,1791053179080517880,2003803919,0,Internal error occurred: failed to generate token: while signing jwt: rpc error: code = Unavailable desc = token signing failed: threshold not met
T-sameregion-optimistic@n48-c100,264,1791053179080605634,2003798008,0,Internal error occurred: failed to generate token: while signing jwt: rpc error: code = Unavailable desc = token signing failed: threshold not met
T-sameregion-optimistic@n48-c100,263,1791053179080497578,2005441107,0,Internal error occurred: failed to generate token: while signing jwt: rpc error: code = Unavailable desc = token signing failed: threshold not met
T-sameregion-optimistic@n48-c100,265,1791053179086394872,2002818464,0,Internal error occurred: failed to generate token: while signing jwt: rpc error: code = Unavailable desc = token signing failed: threshold not met
T-sameregion-optimistic@n48-c100,266,1791053179086516016,2003749754,0,Internal error occurred: failed to generate token: while signing jwt: rpc error: code = Unavailable desc = token signing failed: threshold not met
T-sameregion-optimistic@n48-c100,267,1791053179088511848,2002950849,0,Internal error occurred: failed to generate token: while signing jwt: rpc error: code = Unavailable desc = token signing failed: threshold not met
T-sameregion-optimistic@n48-c100,268,1791053179089675994,2002871738,0,Internal error occurred: failed to generate token: while signing jwt: rpc error: code = Unavailable desc = token signing failed: threshold not met
T-sameregion-optimistic@n48-c100,280,1791053179106350777,1987215483,0,Internal error occurred: failed to generate token: while signing jwt: rpc error: code = Unavailable desc = token signing failed: threshold not met
T-sameregion-optimistic@n48-c100,299,1791053179129258107,1966128307,0,Internal error occurred: failed to generate token: while signing jwt: rpc error: code = Unavailable desc = token signing failed: threshold not met
T-sameregion-optimistic@n48-c100,306,1791053179134273038,1961129827,0,Internal error occurred: failed to generate token: while signing jwt: rpc error: code = Unavailable desc = token signing failed: threshold not met
T-sameregion-optimistic@n48-c100,286,1791053179114023174,1981437443,0,Internal error occurred: failed to generate token: while signing jwt: rpc error: code = Unavailable desc = token signing failed: threshold not met
T-sameregion-optimistic@n48-c100,297,1791053179127663887,1967880028,0,Internal error occurred: failed to generate token: while signing jwt: rpc error: code = Unavailable desc = token signing failed: threshold not met
T-sameregion-optimistic@n48-c100,279,1791053179106276624,1989329815,0,Internal error occurred: failed to generate token: while signing jwt: rpc error: code = Unavailable desc = token signing failed: threshold not met
T-sameregion-optimistic@n48-c100,276,1791053179102699024,1992920998,0,Internal error occurred: failed to generate token: while signing jwt: rpc error: code = Unavailable desc = token signing failed: threshold not met
T-sameregion-optimistic@n48-c100,295,1791053179125229087,1970519155,0,Internal error occurred: failed to generate token: while signing jwt: rpc error: code = Unavailable desc = token signing failed: threshold not met
T-sameregion-optimistic@n48-c100,290,1791053179122764510,1973075304,0,Internal error occurred: failed to generate token: while signing jwt: rpc error: code = Unavailable desc = token signing failed: threshold not met
T-sameregion-optimistic@n48-c100,303,1791053179132240205,1963726250,0,Internal error occurred: failed to generate token: while signing jwt: rpc error: code = Unavailable desc = token signing failed: threshold not met
T-sameregion-optimistic@n48-c100,289,1791053179115835130,1980136907,0,Internal error occurred: failed to generate token: while signing jwt: rpc error: code = Unavailable desc = token signing failed: threshold not met
T-sameregion-optimistic@n48-c100,270,1791053179097060548,2005080436,0,Internal error occurred: failed to generate token: while signing jwt: rpc error: code = Unavailable desc = token signing failed: threshold not met
T-sameregion-optimistic@n48-c100,271,1791053179097113244,2005702969,0,Internal error occurred: failed to generate token: while signing jwt: rpc error: code = Unavailable desc = token signing failed: threshold not met
T-sameregion-optimistic@n48-c100,272,1791053179097280263,2005535942,0,Internal error occurred: failed to generate token: while signing jwt: rpc error: code = Unavailable desc = token signing failed: threshold not met
T-sameregion-optimistic@n48-c100,273,1791053179097772138,2006824357,0,Internal error occurred: failed to generate token: while signing jwt: rpc error: code = Unavailable desc = token signing failed: threshold not met
T-sameregion-optimistic@n48-c100,269,1791053179097045154,2007997681,0,Internal error occurred: failed to generate token: while signing jwt: rpc error: code = Unavailable desc = token signing failed: threshold not met
T-sameregion-optimistic@n48-c100,274,1791053179102645118,2005247270,0,Internal error occurred: failed to generate token: while signing jwt: rpc error: code = Unavailable desc = token signing failed: threshold not met
T-sameregion-optimistic@n48-c100,275,1791053179102646729,2006523572,0,Internal error occurred: failed to generate token: while signing jwt: rpc error: code = Unavailable desc = token signing failed: threshold not met
T-sameregion-optimistic@n48-c100,277,1791053179103134912,2006035764,0,Internal error occurred: failed to generate token: while signing jwt: rpc error: code = Unavailable desc = token signing failed: threshold not met
T-sameregion-optimistic@n48-c100,278,1791053179103167644,2006448520,0,Internal error occurred: failed to generate token: while signing jwt: rpc error: code = Unavailable desc = token signing failed: threshold not met
T-sameregion-optimistic@n48-c100,281,1791053179106579932,2005987698,0,Internal error occurred: failed to generate token: while signing jwt: rpc error: code = Unavailable desc = token signing failed: threshold not met
T-sameregion-optimistic@n48-c100,282,1791053179106607157,2005960605,0,Internal error occurred: failed to generate token: while signing jwt: rpc error: code = Unavailable desc = token signing failed: threshold not met
T-sameregion-optimistic@n48-c100,284,1791053179110914525,2006060421,0,Internal error occurred: failed to generate token: while signing jwt: rpc error: code = Unavailable desc = token signing failed: threshold not met
T-sameregion-optimistic@n48-c100,283,1791053179110913996,2006119132,0,Internal error occurred: failed to generate token: while signing jwt: rpc error: code = Unavailable desc = token signing failed: threshold not met
T-sameregion-optimistic@n48-c100,285,1791053179113740271,2004961355,0,Internal error occurred: failed to generate token: while signing jwt: rpc error: code = Unavailable desc = token signing failed: threshold not met
T-sameregion-optimistic@n48-c100,288,1791053179115751618,2004349856,0,Internal error occurred: failed to generate token: while signing jwt: rpc error: code = Unavailable desc = token signing failed: threshold not met
T-sameregion-optimistic@n48-c100,287,1791053179115615202,2004486311,0,Internal error occurred: failed to generate token: while signing jwt: rpc error: code = Unavailable desc = token signing failed: threshold not met
T-sameregion-optimistic@n48-c100,292,1791053179123875968,2008188246,0,Internal error occurred: failed to generate token: while signing jwt: rpc error: code = Unavailable desc = token signing failed: threshold not met
T-sameregion-optimistic@n48-c100,293,1791053179123944778,2008119478,0,Internal error occurred: failed to generate token: while signing jwt: rpc error: code = Unavailable desc = token signing failed: threshold not met
T-sameregion-optimistic@n48-c100,294,1791053179125229089,2010238354,0,Internal error occurred: failed to generate token: while signing jwt: rpc error: code = Unavailable desc = token signing failed: threshold not met
T-sameregion-optimistic@n48-c100,300,1791053179129298241,2006371289,0,Internal error occurred: failed to generate token: while signing jwt: rpc error: code = Unavailable desc = token signing failed: threshold not met
T-sameregion-optimistic@n48-c100,301,1791053179131741120,2006482240,0,Internal error occurred: failed to generate token: while signing jwt: rpc error: code = Unavailable desc = token signing failed: threshold not met
T-sameregion-optimistic@n48-c100,302,1791053179131744641,2006574641,0,Internal error occurred: failed to generate token: while signing jwt: rpc error: code = Unavailable desc = token signing failed: threshold not met
T-sameregion-optimistic@n48-c100,305,1791053179134090796,2004295838,0,Internal error occurred: failed to generate token: while signing jwt: rpc error: code = Unavailable desc = token signing failed: threshold not met
T-sameregion-optimistic@n48-c100,309,1791053179209076625,1960352430,0,Internal error occurred: failed to generate token: while signing jwt: rpc error: code = Unavailable desc = token signing failed: threshold not met
T-sameregion-optimistic@n48-c100,384,1791053181095969746,77160017,0,Internal error occurred: failed to generate token: while signing jwt: rpc error: code = Unavailable desc = token signing failed: threshold not met
T-sameregion-optimistic@n48-c100,308,1791053179206966539,1995515290,0,Internal error occurred: failed to generate token: while signing jwt: rpc error: code = Unavailable desc = token signing failed: threshold not met
T-sameregion-optimistic@n48-c100,312,1791053179273458019,1945713983,0,Internal error occurred: failed to generate token: while signing jwt: rpc error: code = Unavailable desc = token signing failed: threshold not met
T-sameregion-optimistic@n48-c100,409,1791053181169434816,77307716,0,Internal error occurred: failed to generate token: while signing jwt: rpc error: code = Unavailable desc = token signing failed: threshold not met
T-sameregion-optimistic@n48-c100,311,1791053179265921175,1998165259,0,Internal error occurred: failed to generate token: while signing jwt: rpc error: code = Unavailable desc = token signing failed: threshold not met
T-sameregion-optimistic@n48-c100,313,1791053179300341388,1975758170,0,Internal error occurred: failed to generate token: while signing jwt: rpc error: code = Unavailable desc = token signing failed: threshold not met
T-sameregion-optimistic@n48-c100,314,1791053179328025601,2004831548,0,Internal error occurred: failed to generate token: while signing jwt: rpc error: code = Unavailable desc = token signing failed: threshold not met
T-sameregion-optimistic@n48-c100,315,1791053179359190124,2002372546,0,Internal error occurred: failed to generate token: while signing jwt: rpc error: code = Unavailable desc = token signing failed: threshold not met
T-sameregion-optimistic@n48-c100,317,1791053179424225559,1939517380,0,Internal error occurred: failed to generate token: while signing jwt: rpc error: code = Unavailable desc = token signing failed: threshold not met
T-sameregion-optimistic@n48-c100,318,1791053179439956164,1938882203,0,Internal error occurred: failed to generate token: while signing jwt: rpc error: code = Unavailable desc = token signing failed: threshold not met
T-sameregion-optimistic@n48-c100,316,1791053179414202214,2004390484,0,Internal error occurred: failed to generate token: while signing jwt: rpc error: code = Unavailable desc = token signing failed: threshold not met
T-sameregion-optimistic@n48-c100,319,1791053179471498579,1999324969,1,
T-sameregion-optimistic@n48-c100,320,1791053179564663814,1962360309,1,
T-sameregion-optimistic@n48-c100,321,1791053179637372544,1978445187,0,Internal error occurred: failed to generate token: while signing jwt: rpc error: code = Unavailable desc = token signing failed: threshold not met
T-sameregion-optimistic@n48-c100,322,1791053179644723116,2003322418,1,
T-sameregion-optimistic@n48-c100,323,1791053179677745990,2004215635,0,Internal error occurred: failed to generate token: while signing jwt: rpc error: code = Unavailable desc = token signing failed: threshold not met
T-sameregion-optimistic@n48-c100,324,1791053179771812912,1915412484,1,
T-sameregion-optimistic@n48-c100,325,1791053179855264783,1926272200,1,
T-sameregion-optimistic@n48-c100,326,1791053179947425764,1908225980,1,
T-sameregion-optimistic@n48-c100,327,1791053179975577235,1973716936,1,
T-sameregion-optimistic@n48-c100,328,1791053180069651754,1915552475,1,
T-sameregion-optimistic@n48-c100,329,1791053180133520441,1971882688,1,
T-sameregion-optimistic@n48-c100,330,1791053180213543230,1928510268,1,
T-sameregion-optimistic@n48-c100,331,1791053180272631763,1942556425,1,
T-sameregion-optimistic@n48-c100,332,1791053180356718785,1926025028,1,
T-sameregion-optimistic@n48-c100,333,1791053180426395813,1938840818,1,
T-sameregion-optimistic@n48-c100,334,1791053180512686779,1932136499,1,
T-sameregion-optimistic@n48-c100,335,1791053180570331626,1916169796,1,
T-sameregion-optimistic@n48-c100,336,1791053180657009071,1922162201,1,
T-sameregion-optimistic@n48-c100,338,1791053180767088601,1888753767,1,
T-sameregion-optimistic@n48-c100,337,1791053180762196853,1912245962,1,
T-sameregion-optimistic@n48-c100,339,1791053180861676708,1907690863,1,
T-sameregion-optimistic@n48-c100,340,1791053180885617420,1971099235,1,
T-sameregion-optimistic@n48-c100,341,1791053180906896105,2004161326,0,Internal error occurred: failed to generate token: while signing jwt: rpc error: code = Unavailable desc = token signing failed: threshold not met
T-sameregion-optimistic@n48-c100,342,1791053180973531113,1982497210,1,
T-sameregion-optimistic@n48-c100,348,1791053181039373703,1992202713,0,Internal error occurred: failed to generate token: while signing jwt: rpc error: code = Unavailable desc = token signing failed: threshold not met
T-sameregion-optimistic@n48-c100,344,1791053181034792967,2003616726,0,Internal error occurred: failed to generate token: while signing jwt: rpc error: code = Unavailable desc = token signing failed: threshold not met
T-sameregion-optimistic@n48-c100,343,1791053181033495129,2005144493,0,Internal error occurred: failed to generate token: while signing jwt: rpc error: code = Unavailable desc = token signing failed: threshold not met
T-sameregion-optimistic@n48-c100,347,1791053181038385199,2004408429,0,Internal error occurred: failed to generate token: while signing jwt: rpc error: code = Unavailable desc = token signing failed: threshold not met
T-sameregion-optimistic@n48-c100,345,1791053181038297086,2004496585,0,Internal error occurred: failed to generate token: while signing jwt: rpc error: code = Unavailable desc = token signing failed: threshold not met
T-sameregion-optimistic@n48-c100,346,1791053181038295902,2006930824,0,Internal error occurred: failed to generate token: while signing jwt: rpc error: code = Unavailable desc = token signing failed: threshold not met
T-sameregion-optimistic@n48-c100,351,1791053181044230937,2001007278,0,Internal error occurred: failed to generate token: while signing jwt: rpc error: code = Unavailable desc = token signing failed: threshold not met
T-sameregion-optimistic@n48-c100,350,1791053181043086552,2004212103,0,Internal error occurred: failed to generate token: while signing jwt: rpc error: code = Unavailable desc = token signing failed: threshold not met
T-sameregion-optimistic@n48-c100,349,1791053181042280753,2005017107,0,Internal error occurred: failed to generate token: while signing jwt: rpc error: code = Unavailable desc = token signing failed: threshold not met
T-sameregion-optimistic@n48-c100,352,1791053181045316094,2003537367,0,Internal error occurred: failed to generate token: while signing jwt: rpc error: code = Unavailable desc = token signing failed: threshold not met
T-sameregion-optimistic@n48-c100,353,1791053181062437228,2004933615,0,Internal error occurred: failed to generate token: while signing jwt: rpc error: code = Unavailable desc = token signing failed: threshold not met
T-sameregion-optimistic@n48-c100,355,1791053181068566961,2003498003,0,Internal error occurred: failed to generate token: while signing jwt: rpc error: code = Unavailable desc = token signing failed: threshold not met
T-sameregion-optimistic@n48-c100,354,1791053181067285048,2004781808,0,Internal error occurred: failed to generate token: while signing jwt: rpc error: code = Unavailable desc = token signing failed: threshold not met
T-sameregion-optimistic@n48-c100,366,1791053181081388623,1994565607,0,Internal error occurred: failed to generate token: while signing jwt: rpc error: code = Unavailable desc = token signing failed: threshold not met
T-sameregion-optimistic@n48-c100,358,1791053181073861613,2006924686,0,Internal error occurred: failed to generate token: while signing jwt: rpc error: code = Unavailable desc = token signing failed: threshold not met
T-sameregion-optimistic@n48-c100,361,1791053181074260067,2008471580,0,Internal error occurred: failed to generate token: while signing jwt: rpc error: code = Unavailable desc = token signing failed: threshold not met
T-sameregion-optimistic@n48-c100,356,1791053181073727928,2009886214,0,Internal error occurred: failed to generate token: while signing jwt: rpc error: code = Unavailable desc = token signing failed: threshold not met
T-sameregion-optimistic@n48-c100,359,1791053181073922558,2009859845,0,Internal error occurred: failed to generate token: while signing jwt: rpc error: code = Unavailable desc = token signing failed: threshold not met
T-sameregion-optimistic@n48-c100,360,1791053181074007676,2009811076,0,Internal error occurred: failed to generate token: while signing jwt: rpc error: code = Unavailable desc = token signing failed: threshold not met
T-sameregion-optimistic@n48-c100,365,1791053181078274205,2008197484,0,Internal error occurred: failed to generate token: while signing jwt: rpc error: code = Unavailable desc = token signing failed: threshold not met
T-sameregion-optimistic@n48-c100,367,1791053181081387302,2005133023,0,Internal error occurred: failed to generate token: while signing jwt: rpc error: code = Unavailable desc = token signing failed: threshold not met
T-sameregion-optimistic@n48-c100,364,1791053181078258447,2008406437,0,Internal error occurred: failed to generate token: while signing jwt: rpc error: code = Unavailable desc = token signing failed: threshold not met
T-sameregion-optimistic@n48-c100,362,1791053181078022986,2008793024,0,Internal error occurred: failed to generate token: while signing jwt: rpc error: code = Unavailable desc = token signing failed: threshold not met
T-sameregion-optimistic@n48-c100,357,1791053181073729568,2013086449,0,Internal error occurred: failed to generate token: while signing jwt: rpc error: code = Unavailable desc = token signing failed: threshold not met
T-sameregion-optimistic@n48-c100,363,1791053181078023420,2008978213,0,Internal error occurred: failed to generate token: while signing jwt: rpc error: code = Unavailable desc = token signing failed: threshold not met
T-sameregion-optimistic@n48-c100,368,1791053181084328266,2005047202,0,Internal error occurred: failed to generate token: while signing jwt: rpc error: code = Unavailable desc = token signing failed: threshold not met
T-sameregion-optimistic@n48-c100,369,1791053181084406774,2005354462,0,Internal error occurred: failed to generate token: while signing jwt: rpc error: code = Unavailable desc = token signing failed: threshold not met
T-sameregion-optimistic@n48-c100,370,1791053181085943548,2004121290,0,Internal error occurred: failed to generate token: while signing jwt: rpc error: code = Unavailable desc = token signing failed: threshold not met
T-sameregion-optimistic@n48-c100,371,1791053181089219099,2004408072,0,Internal error occurred: failed to generate token: while signing jwt: rpc error: code = Unavailable desc = token signing failed: threshold not met
T-sameregion-optimistic@n48-c100,372,1791053181090269989,2004046965,0,Internal error occurred: failed to generate token: while signing jwt: rpc error: code = Unavailable desc = token signing failed: threshold not met
T-sameregion-optimistic@n48-c100,373,1791053181091467599,2003373873,0,Internal error occurred: failed to generate token: while signing jwt: rpc error: code = Unavailable desc = token signing failed: threshold not met
T-sameregion-optimistic@n48-c100,374,1791053181092561257,2004709030,0,Internal error occurred: failed to generate token: while signing jwt: rpc error: code = Unavailable desc = token signing failed: threshold not met
T-sameregion-optimistic@n48-c100,375,1791053181093571521,2005427082,0,Internal error occurred: failed to generate token: while signing jwt: rpc error: code = Unavailable desc = token signing failed: threshold not met
T-sameregion-optimistic@n48-c100,376,1791053181095389694,2007074001,0,Internal error occurred: failed to generate token: while signing jwt: rpc error: code = Unavailable desc = token signing failed: threshold not met
T-sameregion-optimistic@n48-c100,377,1791053181095405310,2007058337,0,Internal error occurred: failed to generate token: while signing jwt: rpc error: code = Unavailable desc = token signing failed: threshold not met
T-sameregion-optimistic@n48-c100,378,1791053181095462514,2007596167,0,Internal error occurred: failed to generate token: while signing jwt: rpc error: code = Unavailable desc = token signing failed: threshold not met
T-sameregion-optimistic@n48-c100,382,1791053181095750439,2013847527,0,Internal error occurred: failed to generate token: while signing jwt: rpc error: code = Unavailable desc = token signing failed: threshold not met
T-sameregion-optimistic@n48-c100,385,1791053181095974797,2013627154,0,Internal error occurred: failed to generate token: while signing jwt: rpc error: code = Unavailable desc = token signing failed: threshold not met
T-sameregion-optimistic@n48-c100,381,1791053181095622237,2014349215,0,Internal error occurred: failed to generate token: while signing jwt: rpc error: code = Unavailable desc = token signing failed: threshold not met
T-sameregion-optimistic@n48-c100,379,1791053181095546080,2014685698,0,Internal error occurred: failed to generate token: while signing jwt: rpc error: code = Unavailable desc = token signing failed: threshold not met
T-sameregion-optimistic@n48-c100,380,1791053181095609457,2016022146,0,Internal error occurred: failed to generate token: while signing jwt: rpc error: code = Unavailable desc = token signing failed: threshold not met
T-sameregion-optimistic@n48-c100,383,1791053181095841540,2016165658,0,Internal error occurred: failed to generate token: while signing jwt: rpc error: code = Unavailable desc = token signing failed: threshold not met
T-sameregion-optimistic@n48-c100,386,1791053181102147375,2011030683,0,Internal error occurred: failed to generate token: while signing jwt: rpc error: code = Unavailable desc = token signing failed: threshold not met
T-sameregion-optimistic@n48-c100,388,1791053181102821144,2010872078,0,Internal error occurred: failed to generate token: while signing jwt: rpc error: code = Unavailable desc = token signing failed: threshold not met
T-sameregion-optimistic@n48-c100,387,1791053181102820138,2011824737,0,Internal error occurred: failed to generate token: while signing jwt: rpc error: code = Unavailable desc = token signing failed: threshold not met
T-sameregion-optimistic@n48-c100,390,1791053181105101570,2009887289,0,Internal error occurred: failed to generate token: while signing jwt: rpc error: code = Unavailable desc = token signing failed: threshold not met
T-sameregion-optimistic@n48-c100,389,1791053181104601754,2010792258,0,Internal error occurred: failed to generate token: while signing jwt: rpc error: code = Unavailable desc = token signing failed: threshold not met
T-sameregion-optimistic@n48-c100,394,1791053181109618897,2007026317,0,Internal error occurred: failed to generate token: while signing jwt: rpc error: code = Unavailable desc = token signing failed: threshold not met
T-sameregion-optimistic@n48-c100,391,1791053181107896182,2008995990,0,Internal error occurred: failed to generate token: while signing jwt: rpc error: code = Unavailable desc = token signing failed: threshold not met
T-sameregion-optimistic@n48-c100,395,1791053181112573074,2007950623,0,Internal error occurred: failed to generate token: while signing jwt: rpc error: code = Unavailable desc = token signing failed: threshold not met
T-sameregion-optimistic@n48-c100,392,1791053181109174390,2011382501,0,Internal error occurred: failed to generate token: while signing jwt: rpc error: code = Unavailable desc = token signing failed: threshold not met
T-sameregion-optimistic@n48-c100,396,1791053181112572434,2008049714,0,Internal error occurred: failed to generate token: while signing jwt: rpc error: code = Unavailable desc = token signing failed: threshold not met
T-sameregion-optimistic@n48-c100,393,1791053181109175841,2011544615,0,Internal error occurred: failed to generate token: while signing jwt: rpc error: code = Unavailable desc = token signing failed: threshold not met
T-sameregion-optimistic@n48-c100,398,1791053181117038846,2004092547,0,Internal error occurred: failed to generate token: while signing jwt: rpc error: code = Unavailable desc = token signing failed: threshold not met
T-sameregion-optimistic@n48-c100,397,1791053181116980969,2005646325,0,Internal error occurred: failed to generate token: while signing jwt: rpc error: code = Unavailable desc = token signing failed: threshold not met
T-sameregion-optimistic@n48-c100,400,1791053181120106841,2004609287,0,Internal error occurred: failed to generate token: while signing jwt: rpc error: code = Unavailable desc = token signing failed: threshold not met
T-sameregion-optimistic@n48-c100,399,1791053181118709422,2006144889,0,Internal error occurred: failed to generate token: while signing jwt: rpc error: code = Unavailable desc = token signing failed: threshold not met
T-sameregion-optimistic@n48-c100,401,1791053181120106628,2004869438,0,Internal error occurred: failed to generate token: while signing jwt: rpc error: code = Unavailable desc = token signing failed: threshold not met
T-sameregion-optimistic@n48-c100,403,1791053181132069879,2007436263,0,Internal error occurred: failed to generate token: while signing jwt: rpc error: code = Unavailable desc = token signing failed: threshold not met
T-sameregion-optimistic@n48-c100,405,1791053181135674509,2003831359,0,Internal error occurred: failed to generate token: while signing jwt: rpc error: code = Unavailable desc = token signing failed: threshold not met
T-sameregion-optimistic@n48-c100,402,1791053181132069697,2007691900,0,Internal error occurred: failed to generate token: while signing jwt: rpc error: code = Unavailable desc = token signing failed: threshold not met
T-sameregion-optimistic@n48-c100,404,1791053181135472703,2004732433,0,Internal error occurred: failed to generate token: while signing jwt: rpc error: code = Unavailable desc = token signing failed: threshold not met
T-sameregion-optimistic@n48-c100,408,1791053181138389215,2006646592,0,Internal error occurred: failed to generate token: while signing jwt: rpc error: code = Unavailable desc = token signing failed: threshold not met
T-sameregion-optimistic@n48-c100,407,1791053181138324102,2006711766,0,Internal error occurred: failed to generate token: while signing jwt: rpc error: code = Unavailable desc = token signing failed: threshold not met
T-sameregion-optimistic@n48-c100,406,1791053181138227928,2006917589,0,Internal error occurred: failed to generate token: while signing jwt: rpc error: code = Unavailable desc = token signing failed: threshold not met
T-sameregion-optimistic@n48-c100,410,1791053181173134895,1997568524,0,Internal error occurred: failed to generate token: while signing jwt: rpc error: code = Unavailable desc = token signing failed: threshold not met
T-sameregion-optimistic@n48-c100,412,1791053181219178785,1980414547,0,Internal error occurred: failed to generate token: while signing jwt: rpc error: code = Unavailable desc = token signing failed: threshold not met
T-sameregion-optimistic@n48-c100,411,1791053181202487628,2004794049,0,Internal error occurred: failed to generate token: while signing jwt: rpc error: code = Unavailable desc = token signing failed: threshold not met
T-sameregion-optimistic@n48-c100,510,1791053183170708613,53816696,0,Internal error occurred: failed to generate token: while signing jwt: rpc error: code = Unavailable desc = token signing failed: threshold not met
T-sameregion-optimistic@n48-c100,413,1791053181246747934,2004508117,0,Internal error occurred: failed to generate token: while signing jwt: rpc error: code = Unavailable desc = token signing failed: threshold not met
T-sameregion-optimistic@n48-c100,414,1791053181264093766,2001672780,0,Internal error occurred: failed to generate token: while signing jwt: rpc error: code = Unavailable desc = token signing failed: threshold not met
T-sameregion-optimistic@n48-c100,415,1791053181276103889,1994626581,0,Internal error occurred: failed to generate token: while signing jwt: rpc error: code = Unavailable desc = token signing failed: threshold not met
T-sameregion-optimistic@n48-c100,416,1791053181332863203,2004216409,0,Internal error occurred: failed to generate token: while signing jwt: rpc error: code = Unavailable desc = token signing failed: threshold not met
T-sameregion-optimistic@n48-c100,417,1791053181361567217,1997035804,0,Internal error occurred: failed to generate token: while signing jwt: rpc error: code = Unavailable desc = token signing failed: threshold not met
T-sameregion-optimistic@n48-c100,419,1791053181378845912,1989455191,0,Internal error occurred: failed to generate token: while signing jwt: rpc error: code = Unavailable desc = token signing failed: threshold not met
T-sameregion-optimistic@n48-c100,418,1791053181363748536,2004552552,0,Internal error occurred: failed to generate token: while signing jwt: rpc error: code = Unavailable desc = token signing failed: threshold not met
T-sameregion-optimistic@n48-c100,420,1791053181418598722,1957730054,0,Internal error occurred: failed to generate token: while signing jwt: rpc error: code = Unavailable desc = token signing failed: threshold not met
T-sameregion-optimistic@n48-c100,421,1791053181470828966,2001551629,1,
T-sameregion-optimistic@n48-c100,422,1791053181527031605,2000667105,1,
T-sameregion-optimistic@n48-c100,423,1791053181615823532,1929269063,1,
T-sameregion-optimistic@n48-c100,424,1791053181648052207,1990801945,1,
T-sameregion-optimistic@n48-c100,425,1791053181681966205,2004604885,0,Internal error occurred: failed to generate token: while signing jwt: rpc error: code = Unavailable desc = token signing failed: threshold not met
T-sameregion-optimistic@n48-c100,426,1791053181687231324,2003908075,0,Internal error occurred: failed to generate token: while signing jwt: rpc error: code = Unavailable desc = token signing failed: threshold not met
T-sameregion-optimistic@n48-c100,427,1791053181781544274,1924595779,1,
T-sameregion-optimistic@n48-c100,428,1791053181855657736,1972632374,1,
T-sameregion-optimistic@n48-c100,429,1791053181949302267,1894341433,1,
T-sameregion-optimistic@n48-c100,430,1791053181985209630,1887933837,1,
T-sameregion-optimistic@n48-c100,431,1791053182105410835,1900746539,1,
T-sameregion-optimistic@n48-c100,432,1791053182142059502,1880983198,1,
T-sameregion-optimistic@n48-c100,433,1791053182215193326,1856458878,1,
T-sameregion-optimistic@n48-c100,434,1791053182282748838,1882304518,1,
T-sameregion-optimistic@n48-c100,435,1791053182365241642,1885771375,1,
T-sameregion-optimistic@n48-c100,436,1791053182444833098,1838687398,1,
T-sameregion-optimistic@n48-c100,437,1791053182486508480,1874145247,1,
T-sameregion-optimistic@n48-c100,438,1791053182579177082,1876342870,1,
T-sameregion-optimistic@n48-c100,439,1791053182655848454,1851336894,1,
T-sameregion-optimistic@n48-c100,440,1791053182674450968,1900099196,1,
T-sameregion-optimistic@n48-c100,441,1791053182769372561,1888674951,1,
T-sameregion-optimistic@n48-c100,442,1791053182856721835,1895222212,1,
T-sameregion-optimistic@n48-c100,443,1791053182911063002,1897210069,1,
T-sameregion-optimistic@n48-c100,444,1791053182956033333,1907190515,1,
T-sameregion-optimistic@n48-c100,446,1791053183038415801,1928757992,1,
T-sameregion-optimistic@n48-c100,445,1791053183031584402,2005786726,0,Internal error occurred: failed to generate token: while signing jwt: rpc error: code = Unavailable desc = token signing failed: threshold not met
T-sameregion-optimistic@n48-c100,447,1791053183038643132,2004094284,0,Internal error occurred: failed to generate token: while signing jwt: rpc error: code = Unavailable desc = token signing failed: threshold not met
T-sameregion-optimistic@n48-c100,449,1791053183042801486,2004899426,0,Internal error occurred: failed to generate token: while signing jwt: rpc error: code = Unavailable desc = token signing failed: threshold not met
T-sameregion-optimistic@n48-c100,448,1791053183042798971,2004903177,0,Internal error occurred: failed to generate token: while signing jwt: rpc error: code = Unavailable desc = token signing failed: threshold not met
T-sameregion-optimistic@n48-c100,450,1791053183045234879,2005908074,0,Internal error occurred: failed to generate token: while signing jwt: rpc error: code = Unavailable desc = token signing failed: threshold not met
T-sameregion-optimistic@n48-c100,451,1791053183045241006,2006554905,0,Internal error occurred: failed to generate token: while signing jwt: rpc error: code = Unavailable desc = token signing failed: threshold not met
T-sameregion-optimistic@n48-c100,452,1791053183047322694,2006602584,0,Internal error occurred: failed to generate token: while signing jwt: rpc error: code = Unavailable desc = token signing failed: threshold not met
T-sameregion-optimistic@n48-c100,454,1791053183048859582,2005090465,0,Internal error occurred: failed to generate token: while signing jwt: rpc error: code = Unavailable desc = token signing failed: threshold not met
T-sameregion-optimistic@n48-c100,453,1791053183047302407,2006622528,0,Internal error occurred: failed to generate token: while signing jwt: rpc error: code = Unavailable desc = token signing failed: threshold not met
T-sameregion-optimistic@n48-c100,455,1791053183067376961,1986846073,0,Internal error occurred: failed to generate token: while signing jwt: rpc error: code = Unavailable desc = token signing failed: threshold not met
T-sameregion-optimistic@n48-c100,483,1791053183109979195,1965695920,0,Internal error occurred: failed to generate token: while signing jwt: rpc error: code = Unavailable desc = token signing failed: threshold not met
T-sameregion-optimistic@n48-c100,456,1791053183072070202,2003673287,0,Internal error occurred: failed to generate token: while signing jwt: rpc error: code = Unavailable desc = token signing failed: threshold not met
T-sameregion-optimistic@n48-c100,457,1791053183072070144,2004297818,0,Internal error occurred: failed to generate token: while signing jwt: rpc error: code = Unavailable desc = token signing failed: threshold not met
T-sameregion-optimistic@n48-c100,500,1791053183124719899,1951953754,0,Internal error occurred: failed to generate token: while signing jwt: rpc error: code = Unavailable desc = token signing failed: threshold not met
T-sameregion-optimistic@n48-c100,476,1791053183097277059,1982335677,0,Internal error occurred: failed to generate token: while signing jwt: rpc error: code = Unavailable desc = token signing failed: threshold not met
T-sameregion-optimistic@n48-c100,458,1791053183075958914,2003673831,0,Internal error occurred: failed to generate token: while signing jwt: rpc error: code = Unavailable desc = token signing failed: threshold not met
T-sameregion-optimistic@n48-c100,488,1791053183113696814,1966031435,0,Internal error occurred: failed to generate token: while signing jwt: rpc error: code = Unavailable desc = token signing failed: threshold not met
T-sameregion-optimistic@n48-c100,494,1791053183120527718,1959280382,0,Internal error occurred: failed to generate token: while signing jwt: rpc error: code = Unavailable desc = token signing failed: threshold not met
T-sameregion-optimistic@n48-c100,481,1791053183109605846,1970210437,0,Internal error occurred: failed to generate token: while signing jwt: rpc error: code = Unavailable desc = token signing failed: threshold not met
T-sameregion-optimistic@n48-c100,459,1791053183080791417,2004267505,0,Internal error occurred: failed to generate token: while signing jwt: rpc error: code = Unavailable desc = token signing failed: threshold not met
T-sameregion-optimistic@n48-c100,506,1791053183140209198,1947462249,0,Internal error occurred: failed to generate token: while signing jwt: rpc error: code = Unavailable desc = token signing failed: threshold not met
T-sameregion-optimistic@n48-c100,463,1791053183083835781,2007658017,0,Internal error occurred: failed to generate token: while signing jwt: rpc error: code = Unavailable desc = token signing failed: threshold not met
T-sameregion-optimistic@n48-c100,461,1791053183083618976,2009447970,0,Internal error occurred: failed to generate token: while signing jwt: rpc error: code = Unavailable desc = token signing failed: threshold not met
T-sameregion-optimistic@n48-c100,460,1791053183082736549,2010406227,0,Internal error occurred: failed to generate token: while signing jwt: rpc error: code = Unavailable desc = token signing failed: threshold not met
T-sameregion-optimistic@n48-c100,470,1791053183089379414,2006043152,0,Internal error occurred: failed to generate token: while signing jwt: rpc error: code = Unavailable desc = token signing failed: threshold not met
T-sameregion-optimistic@n48-c100,469,1791053183087004275,2008427138,0,Internal error occurred: failed to generate token: while signing jwt: rpc error: code = Unavailable desc = token signing failed: threshold not met
T-sameregion-optimistic@n48-c100,472,1791053183090068298,2005600325,0,Internal error occurred: failed to generate token: while signing jwt: rpc error: code = Unavailable desc = token signing failed: threshold not met
T-sameregion-optimistic@n48-c100,466,1791053183086667527,2009873010,0,Internal error occurred: failed to generate token: while signing jwt: rpc error: code = Unavailable desc = token signing failed: threshold not met
T-sameregion-optimistic@n48-c100,468,1791053183086818593,2009822125,0,Internal error occurred: failed to generate token: while signing jwt: rpc error: code = Unavailable desc = token signing failed: threshold not met
T-sameregion-optimistic@n48-c100,465,1791053183086523091,2010166080,0,Internal error occurred: failed to generate token: while signing jwt: rpc error: code = Unavailable desc = token signing failed: threshold not met
T-sameregion-optimistic@n48-c100,462,1791053183083785935,2015128236,0,Internal error occurred: failed to generate token: while signing jwt: rpc error: code = Unavailable desc = token signing failed: threshold not met
T-sameregion-optimistic@n48-c100,471,1791053183089765135,2009158474,0,Internal error occurred: failed to generate token: while signing jwt: rpc error: code = Unavailable desc = token signing failed: threshold not met
T-sameregion-optimistic@n48-c100,467,1791053183086819785,2012232348,0,Internal error occurred: failed to generate token: while signing jwt: rpc error: code = Unavailable desc = token signing failed: threshold not met
T-sameregion-optimistic@n48-c100,464,1791053183086476397,2012617909,0,Internal error occurred: failed to generate token: while signing jwt: rpc error: code = Unavailable desc = token signing failed: threshold not met
T-sameregion-optimistic@n48-c100,473,1791053183093635132,2005529389,0,Internal error occurred: failed to generate token: while signing jwt: rpc error: code = Unavailable desc = token signing failed: threshold not met
T-sameregion-optimistic@n48-c100,479,1791053183102469132,2000424060,0,Internal error occurred: failed to generate token: while signing jwt: rpc error: code = Unavailable desc = token signing failed: threshold not met
T-sameregion-optimistic@n48-c100,474,1791053183094320954,2008852859,0,Internal error occurred: failed to generate token: while signing jwt: rpc error: code = Unavailable desc = token signing failed: threshold not met
T-sameregion-optimistic@n48-c100,475,1791053183094844531,2008712878,0,Internal error occurred: failed to generate token: while signing jwt: rpc error: code = Unavailable desc = token signing failed: threshold not met
T-sameregion-optimistic@n48-c100,477,1791053183099003733,2014363600,0,Internal error occurred: failed to generate token: while signing jwt: rpc error: code = Unavailable desc = token signing failed: threshold not met
T-sameregion-optimistic@n48-c100,478,1791053183102486392,2014442369,0,Internal error occurred: failed to generate token: while signing jwt: rpc error: code = Unavailable desc = token signing failed: threshold not met
T-sameregion-optimistic@n48-c100,489,1791053183114648866,2007852174,0,Internal error occurred: failed to generate token: while signing jwt: rpc error: code = Unavailable desc = token signing failed: threshold not met
T-sameregion-optimistic@n48-c100,491,1791053183115397658,2007112845,0,Internal error occurred: failed to generate token: while signing jwt: rpc error: code = Unavailable desc = token signing failed: threshold not met
T-sameregion-optimistic@n48-c100,492,1791053183116648783,2006155760,0,Internal error occurred: failed to generate token: while signing jwt: rpc error: code = Unavailable desc = token signing failed: threshold not met
T-sameregion-optimistic@n48-c100,480,1791053183103062829,2019811454,0,Internal error occurred: failed to generate token: while signing jwt: rpc error: code = Unavailable desc = token signing failed: threshold not met
T-sameregion-optimistic@n48-c100,484,1791053183110235451,2013114310,0,Internal error occurred: failed to generate token: while signing jwt: rpc error: code = Unavailable desc = token signing failed: threshold not met
T-sameregion-optimistic@n48-c100,490,1791053183114993050,2008357241,0,Internal error occurred: failed to generate token: while signing jwt: rpc error: code = Unavailable desc = token signing failed: threshold not met
T-sameregion-optimistic@n48-c100,482,1791053183109606115,2013828732,0,Internal error occurred: failed to generate token: while signing jwt: rpc error: code = Unavailable desc = token signing failed: threshold not met
T-sameregion-optimistic@n48-c100,486,1791053183112009948,2011477466,0,Internal error occurred: failed to generate token: while signing jwt: rpc error: code = Unavailable desc = token signing failed: threshold not met
T-sameregion-optimistic@n48-c100,487,1791053183113181846,2013837963,0,Internal error occurred: failed to generate token: while signing jwt: rpc error: code = Unavailable desc = token signing failed: threshold not met
T-sameregion-optimistic@n48-c100,485,1791053183111635091,2016428256,0,Internal error occurred: failed to generate token: while signing jwt: rpc error: code = Unavailable desc = token signing failed: threshold not met
T-sameregion-optimistic@n48-c100,499,1791053183122630154,2007026618,0,Internal error occurred: failed to generate token: while signing jwt: rpc error: code = Unavailable desc = token signing failed: threshold not met
T-sameregion-optimistic@n48-c100,498,1791053183121134405,2010200100,0,Internal error occurred: failed to generate token: while signing jwt: rpc error: code = Unavailable desc = token signing failed: threshold not met
T-sameregion-optimistic@n48-c100,497,1791053183120722807,2011359980,0,Internal error occurred: failed to generate token: while signing jwt: rpc error: code = Unavailable desc = token signing failed: threshold not met
T-sameregion-optimistic@n48-c100,501,1791053183124856830,2007466182,0,Internal error occurred: failed to generate token: while signing jwt: rpc error: code = Unavailable desc = token signing failed: threshold not met
T-sameregion-optimistic@n48-c100,495,1791053183120559818,2011814135,0,Internal error occurred: failed to generate token: while signing jwt: rpc error: code = Unavailable desc = token signing failed: threshold not met
T-sameregion-optimistic@n48-c100,496,1791053183120624052,2011814489,0,Internal error occurred: failed to generate token: while signing jwt: rpc error: code = Unavailable desc = token signing failed: threshold not met
T-sameregion-optimistic@n48-c100,493,1791053183116897184,2015606636,0,Internal error occurred: failed to generate token: while signing jwt: rpc error: code = Unavailable desc = token signing failed: threshold not met
T-sameregion-optimistic@n48-c100,502,1791053183124979260,2007645585,0,Internal error occurred: failed to generate token: while signing jwt: rpc error: code = Unavailable desc = token signing failed: threshold not met
T-sameregion-optimistic@n48-c100,513,1791053183224530151,1910411153,0,Internal error occurred: failed to generate token: while signing jwt: rpc error: code = Unavailable desc = token signing failed: threshold not met
T-sameregion-optimistic@n48-c100,511,1791053183199599459,1946201657,0,Internal error occurred: failed to generate token: while signing jwt: rpc error: code = Unavailable desc = token signing failed: threshold not met
T-sameregion-optimistic@n48-c100,503,1791053183139511530,2006601142,0,Internal error occurred: failed to generate token: while signing jwt: rpc error: code = Unavailable desc = token signing failed: threshold not met
T-sameregion-optimistic@n48-c100,504,1791053183139512328,2007769090,0,Internal error occurred: failed to generate token: while signing jwt: rpc error: code = Unavailable desc = token signing failed: threshold not met
T-sameregion-optimistic@n48-c100,507,1791053183145041081,2006119422,0,Internal error occurred: failed to generate token: while signing jwt: rpc error: code = Unavailable desc = token signing failed: threshold not met
T-sameregion-optimistic@n48-c100,505,1791053183139764654,2011583557,0,Internal error occurred: failed to generate token: while signing jwt: rpc error: code = Unavailable desc = token signing failed: threshold not met
T-sameregion-optimistic@n48-c100,508,1791053183145041190,2006575452,0,Internal error occurred: failed to generate token: while signing jwt: rpc error: code = Unavailable desc = token signing failed: threshold not met
T-sameregion-optimistic@n48-c100,509,1791053183145148138,2007529016,0,Internal error occurred: failed to generate token: while signing jwt: rpc error: code = Unavailable desc = token signing failed: threshold not met
T-sameregion-optimistic@n48-c100,512,1791053183207289305,2003942551,0,Internal error occurred: failed to generate token: while signing jwt: rpc error: code = Unavailable desc = token signing failed: threshold not met
T-sameregion-optimistic@n48-c100,514,1791053183251260818,1972963154,0,Internal error occurred: failed to generate token: while signing jwt: rpc error: code = Unavailable desc = token signing failed: threshold not met
T-sameregion-optimistic@n48-c100,515,1791053183265772502,1999646661,0,Internal error occurred: failed to generate token: while signing jwt: rpc error: code = Unavailable desc = token signing failed: threshold not met
T-sameregion-optimistic@n48-c100,516,1791053183270735765,1995097699,0,Internal error occurred: failed to generate token: while signing jwt: rpc error: code = Unavailable desc = token signing failed: threshold not met
T-sameregion-optimistic@n48-c100,517,1791053183337086617,1998864081,0,Internal error occurred: failed to generate token: while signing jwt: rpc error: code = Unavailable desc = token signing failed: threshold not met
T-sameregion-optimistic@n48-c100,518,1791053183358609191,2001243072,0,Internal error occurred: failed to generate token: while signing jwt: rpc error: code = Unavailable desc = token signing failed: threshold not met
T-sameregion-optimistic@n48-c100,520,1791053183368306878,1998863691,0,Internal error occurred: failed to generate token: while signing jwt: rpc error: code = Unavailable desc = token signing failed: threshold not met
T-sameregion-optimistic@n48-c100,519,1791053183368308292,2001771736,0,Internal error occurred: failed to generate token: while signing jwt: rpc error: code = Unavailable desc = token signing failed: threshold not met
T-sameregion-optimistic@n48-c100,521,1791053183376334225,2003510699,0,Internal error occurred: failed to generate token: while signing jwt: rpc error: code = Unavailable desc = token signing failed: threshold not met
T-sameregion-optimistic@n48-c100,522,1791053183472387842,1958893182,1,
T-sameregion-optimistic@n48-c100,524,1791053183545097597,1969537127,0,Internal error occurred: failed to generate token: while signing jwt: rpc error: code = Unavailable desc = token signing failed: threshold not met
T-sameregion-optimistic@n48-c100,523,1791053183527704093,2000034097,1,
T-sameregion-optimistic@n48-c100,525,1791053183638858627,1916429333,1,
T-sameregion-optimistic@n48-c100,527,1791053183691144438,1988826356,0,Internal error occurred: failed to generate token: while signing jwt: rpc error: code = Unavailable desc = token signing failed: threshold not met
T-sameregion-optimistic@n48-c100,526,1791053183686576636,2005153285,0,Internal error occurred: failed to generate token: while signing jwt: rpc error: code = Unavailable desc = token signing failed: threshold not met
T-sameregion-optimistic@n48-c100,528,1791053183706144615,1993168594,0,Internal error occurred: failed to generate token: while signing jwt: rpc error: code = Unavailable desc = token signing failed: threshold not met
T-sameregion-optimistic@n48-c100,529,1791053183828296944,1902227792,1,
T-sameregion-optimistic@n48-c100,530,1791053183843648862,1932160759,0,Internal error occurred: failed to generate token: while signing jwt: rpc error: code = Unavailable desc = token signing failed: threshold not met
T-sameregion-optimistic@n48-c100,531,1791053183873149822,1968743191,1,
T-sameregion-optimistic@n48-c100,532,1791053184006165358,1930355361,1,
T-sameregion-optimistic@n48-c100,533,1791053184023049397,1980567092,1,
T-sameregion-optimistic@n48-c100,535,1791053184165058787,1880501907,1,
T-sameregion-optimistic@n48-c100,534,1791053184071656441,1982462524,0,Internal error occurred: failed to generate token: while signing jwt: rpc error: code = Unavailable desc = token signing failed: threshold not met
T-sameregion-optimistic@n48-c100,536,1791053184251019093,1837489672,1,
T-sameregion-optimistic@n48-c100,537,1791053184283525947,1898043190,1,
T-sameregion-optimistic@n48-c100,538,1791053184360659683,1901745956,1,
T-sameregion-optimistic@n48-c100,539,1791053184455526025,1889280388,1,
T-sameregion-optimistic@n48-c100,540,1791053184507190378,1883115418,1,
T-sameregion-optimistic@n48-c100,541,1791053184574556845,1906374776,1,
T-sameregion-optimistic@n48-c100,542,1791053184658052352,1889122294,1,
T-sameregion-optimistic@n48-c100,543,1791053184751948940,1905208166,1,
T-sameregion-optimistic@n48-c100,544,1791053184808281742,1866454743,1,
T-sameregion-optimistic@n48-c100,545,1791053184863230344,1913898103,1,
T-sameregion-optimistic@n48-c100,546,1791053184967179855,1892408174,1,
T-sameregion-optimistic@n48-c100,547,1791053185037377845,1851233127,1,
T-sameregion-optimistic@n48-c100,549,1791053185047706900,1976959314,0,Internal error occurred: failed to generate token: while signing jwt: rpc error: code = Unavailable desc = token signing failed: threshold not met
T-sameregion-optimistic@n48-c100,548,1791053185042745303,1987009451,1,
T-sameregion-optimistic@n48-c100,550,1791053185047707317,2005038362,0,Internal error occurred: failed to generate token: while signing jwt: rpc error: code = Unavailable desc = token signing failed: threshold not met
T-sameregion-optimistic@n48-c100,551,1791053185051155543,2005151825,0,Internal error occurred: failed to generate token: while signing jwt: rpc error: code = Unavailable desc = token signing failed: threshold not met
T-sameregion-optimistic@n48-c100,552,1791053185051799189,2004575499,0,Internal error occurred: failed to generate token: while signing jwt: rpc error: code = Unavailable desc = token signing failed: threshold not met
T-sameregion-optimistic@n48-c100,554,1791053185053953553,2005069072,0,Internal error occurred: failed to generate token: while signing jwt: rpc error: code = Unavailable desc = token signing failed: threshold not met
T-sameregion-optimistic@n48-c100,553,1791053185053931136,2005548440,0,Internal error occurred: failed to generate token: while signing jwt: rpc error: code = Unavailable desc = token signing failed: threshold not met
T-sameregion-optimistic@n48-c100,555,1791053185054043864,2005497521,0,Internal error occurred: failed to generate token: while signing jwt: rpc error: code = Unavailable desc = token signing failed: threshold not met
T-sameregion-optimistic@n48-c100,556,1791053185054239629,2005704308,0,Internal error occurred: failed to generate token: while signing jwt: rpc error: code = Unavailable desc = token signing failed: threshold not met
T-sameregion-optimistic@n48-c100,607,1791053185146116567,1927835919,0,Internal error occurred: failed to generate token: while signing jwt: rpc error: code = Unavailable desc = token signing failed: threshold not met
T-sameregion-optimistic@n48-c100,610,1791053185151350862,1923726889,0,Internal error occurred: failed to generate token: while signing jwt: rpc error: code = Unavailable desc = token signing failed: threshold not met
T-sameregion-optimistic@n48-c100,558,1791053185075747046,2005666087,0,Internal error occurred: failed to generate token: while signing jwt: rpc error: code = Unavailable desc = token signing failed: threshold not met
T-sameregion-optimistic@n48-c100,559,1791053185076372040,2007723980,0,Internal error occurred: failed to generate token: while signing jwt: rpc error: code = Unavailable desc = token signing failed: threshold not met
T-sameregion-optimistic@n48-c100,560,1791053185076676078,2007649398,0,Internal error occurred: failed to generate token: while signing jwt: rpc error: code = Unavailable desc = token signing failed: threshold not met
T-sameregion-optimistic@n48-c100,557,1791053185075682877,2009012627,0,Internal error occurred: failed to generate token: while signing jwt: rpc error: code = Unavailable desc = token signing failed: threshold not met
T-sameregion-optimistic@n48-c100,563,1791053185079730383,2009228436,0,Internal error occurred: failed to generate token: while signing jwt: rpc error: code = Unavailable desc = token signing failed: threshold not met
T-sameregion-optimistic@n48-c100,562,1791053185079637548,2009329887,0,Internal error occurred: failed to generate token: while signing jwt: rpc error: code = Unavailable desc = token signing failed: threshold not met
T-sameregion-optimistic@n48-c100,565,1791053185079818626,2010248335,0,Internal error occurred: failed to generate token: while signing jwt: rpc error: code = Unavailable desc = token signing failed: threshold not met
T-sameregion-optimistic@n48-c100,566,1791053185085064151,2007931243,0,Internal error occurred: failed to generate token: while signing jwt: rpc error: code = Unavailable desc = token signing failed: threshold not met
T-sameregion-optimistic@n48-c100,567,1791053185087677695,2005510235,0,Internal error occurred: failed to generate token: while signing jwt: rpc error: code = Unavailable desc = token signing failed: threshold not met
T-sameregion-optimistic@n48-c100,564,1791053185079810629,2013754053,0,Internal error occurred: failed to generate token: while signing jwt: rpc error: code = Unavailable desc = token signing failed: threshold not met
T-sameregion-optimistic@n48-c100,561,1791053185079618389,2015143934,0,Internal error occurred: failed to generate token: while signing jwt: rpc error: code = Unavailable desc = token signing failed: threshold not met
T-sameregion-optimistic@n48-c100,568,1791053185091500399,2004455060,0,Internal error occurred: failed to generate token: while signing jwt: rpc error: code = Unavailable desc = token signing failed: threshold not met
T-sameregion-optimistic@n48-c100,569,1791053185093072596,2004847526,0,Internal error occurred: failed to generate token: while signing jwt: rpc error: code = Unavailable desc = token signing failed: threshold not met
T-sameregion-optimistic@n48-c100,570,1791053185093145643,2005243489,0,Internal error occurred: failed to generate token: while signing jwt: rpc error: code = Unavailable desc = token signing failed: threshold not met
T-sameregion-optimistic@n48-c100,573,1791053185095672378,2005891952,0,Internal error occurred: failed to generate token: while signing jwt: rpc error: code = Unavailable desc = token signing failed: threshold not met
T-sameregion-optimistic@n48-c100,574,1791053185096544164,2006006659,0,Internal error occurred: failed to generate token: while signing jwt: rpc error: code = Unavailable desc = token signing failed: threshold not met
T-sameregion-optimistic@n48-c100,572,1791053185095440439,2007622999,0,Internal error occurred: failed to generate token: while signing jwt: rpc error: code = Unavailable desc = token signing failed: threshold not met
T-sameregion-optimistic@n48-c100,571,1791053185095436469,2009165956,0,Internal error occurred: failed to generate token: while signing jwt: rpc error: code = Unavailable desc = token signing failed: threshold not met
T-sameregion-optimistic@n48-c100,576,1791053185096692192,2009353008,0,Internal error occurred: failed to generate token: while signing jwt: rpc error: code = Unavailable desc = token signing failed: threshold not met
T-sameregion-optimistic@n48-c100,575,1791053185096644635,2009914646,0,Internal error occurred: failed to generate token: while signing jwt: rpc error: code = Unavailable desc = token signing failed: threshold not met
T-sameregion-optimistic@n48-c100,578,1791053185098926828,2009019173,0,Internal error occurred: failed to generate token: while signing jwt: rpc error: code = Unavailable desc = token signing failed: threshold not met
T-sameregion-optimistic@n48-c100,580,1791053185099099887,2008845858,0,Internal error occurred: failed to generate token: while signing jwt: rpc error: code = Unavailable desc = token signing failed: threshold not met
T-sameregion-optimistic@n48-c100,584,1791053185103561375,2004884773,0,Internal error occurred: failed to generate token: while signing jwt: rpc error: code = Unavailable desc = token signing failed: threshold not met
T-sameregion-optimistic@n48-c100,577,1791053185098919010,2009858974,0,Internal error occurred: failed to generate token: while signing jwt: rpc error: code = Unavailable desc = token signing failed: threshold not met
T-sameregion-optimistic@n48-c100,582,1791053185102918295,2006690092,0,Internal error occurred: failed to generate token: while signing jwt: rpc error: code = Unavailable desc = token signing failed: threshold not met
T-sameregion-optimistic@n48-c100,581,1791053185099166598,2011793514,0,Internal error occurred: failed to generate token: while signing jwt: rpc error: code = Unavailable desc = token signing failed: threshold not met
T-sameregion-optimistic@n48-c100,579,1791053185099054518,2011909526,0,Internal error occurred: failed to generate token: while signing jwt: rpc error: code = Unavailable desc = token signing failed: threshold not met
T-sameregion-optimistic@n48-c100,583,1791053185103178495,2008042680,0,Internal error occurred: failed to generate token: while signing jwt: rpc error: code = Unavailable desc = token signing failed: threshold not met
T-sameregion-optimistic@n48-c100,585,1791053185113374104,2003248413,0,Internal error occurred: failed to generate token: while signing jwt: rpc error: code = Unavailable desc = token signing failed: threshold not met
T-sameregion-optimistic@n48-c100,586,1791053185116935886,2003063444,0,Internal error occurred: failed to generate token: while signing jwt: rpc error: code = Unavailable desc = token signing failed: threshold not met
T-sameregion-optimistic@n48-c100,588,1791053185122513446,2007828797,0,Internal error occurred: failed to generate token: while signing jwt: rpc error: code = Unavailable desc = token signing failed: threshold not met
T-sameregion-optimistic@n48-c100,590,1791053185122876997,2007492245,0,Internal error occurred: failed to generate token: while signing jwt: rpc error: code = Unavailable desc = token signing failed: threshold not met
T-sameregion-optimistic@n48-c100,589,1791053185122808104,2007534170,0,Internal error occurred: failed to generate token: while signing jwt: rpc error: code = Unavailable desc = token signing failed: threshold not met
T-sameregion-optimistic@n48-c100,593,1791053185123436981,2007208660,0,Internal error occurred: failed to generate token: while signing jwt: rpc error: code = Unavailable desc = token signing failed: threshold not met
T-sameregion-optimistic@n48-c100,591,1791053185123353456,2007476163,0,Internal error occurred: failed to generate token: while signing jwt: rpc error: code = Unavailable desc = token signing failed: threshold not met
T-sameregion-optimistic@n48-c100,587,1791053185122506710,2008578623,0,Internal error occurred: failed to generate token: while signing jwt: rpc error: code = Unavailable desc = token signing failed: threshold not met
T-sameregion-optimistic@n48-c100,592,1791053185123353173,2007772330,0,Internal error occurred: failed to generate token: while signing jwt: rpc error: code = Unavailable desc = token signing failed: threshold not met
T-sameregion-optimistic@n48-c100,595,1791053185127026469,2005465969,0,Internal error occurred: failed to generate token: while signing jwt: rpc error: code = Unavailable desc = token signing failed: threshold not met
T-sameregion-optimistic@n48-c100,594,1791053185123489554,2009927547,0,Internal error occurred: failed to generate token: while signing jwt: rpc error: code = Unavailable desc = token signing failed: threshold not met
T-sameregion-optimistic@n48-c100,596,1791053185128070223,2007799532,0,Internal error occurred: failed to generate token: while signing jwt: rpc error: code = Unavailable desc = token signing failed: threshold not met
T-sameregion-optimistic@n48-c100,597,1791053185129661006,2007019097,0,Internal error occurred: failed to generate token: while signing jwt: rpc error: code = Unavailable desc = token signing failed: threshold not met
T-sameregion-optimistic@n48-c100,604,1791053185132629222,2005478682,0,Internal error occurred: failed to generate token: while signing jwt: rpc error: code = Unavailable desc = token signing failed: threshold not met
T-sameregion-optimistic@n48-c100,598,1791053185131339393,2009028619,0,Internal error occurred: failed to generate token: while signing jwt: rpc error: code = Unavailable desc = token signing failed: threshold not met
T-sameregion-optimistic@n48-c100,601,1791053185132377557,2008027297,0,Internal error occurred: failed to generate token: while signing jwt: rpc error: code = Unavailable desc = token signing failed: threshold not met
T-sameregion-optimistic@n48-c100,605,1791053185134946066,2006188252,0,Internal error occurred: failed to generate token: while signing jwt: rpc error: code = Unavailable desc = token signing failed: threshold not met
T-sameregion-optimistic@n48-c100,600,1791053185132326535,2008826529,0,Internal error occurred: failed to generate token: while signing jwt: rpc error: code = Unavailable desc = token signing failed: threshold not met
T-sameregion-optimistic@n48-c100,603,1791053185132505612,2008762114,0,Internal error occurred: failed to generate token: while signing jwt: rpc error: code = Unavailable desc = token signing failed: threshold not met
T-sameregion-optimistic@n48-c100,599,1791053185132087242,2009205277,0,Internal error occurred: failed to generate token: while signing jwt: rpc error: code = Unavailable desc = token signing failed: threshold not met
T-sameregion-optimistic@n48-c100,602,1791053185132441228,2008991255,0,Internal error occurred: failed to generate token: while signing jwt: rpc error: code = Unavailable desc = token signing failed: threshold not met
T-sameregion-optimistic@n48-c100,606,1791053185145806923,2004244843,0,Internal error occurred: failed to generate token: while signing jwt: rpc error: code = Unavailable desc = token signing failed: threshold not met
T-sameregion-optimistic@n48-c100,608,1791053185147286591,2003393092,0,Internal error occurred: failed to generate token: while signing jwt: rpc error: code = Unavailable desc = token signing failed: threshold not met
T-sameregion-optimistic@n48-c100,612,1791053185152681475,2003581177,0,Internal error occurred: failed to generate token: while signing jwt: rpc error: code = Unavailable desc = token signing failed: threshold not met
T-sameregion-optimistic@n48-c100,609,1791053185151165582,2005246243,0,Internal error occurred: failed to generate token: while signing jwt: rpc error: code = Unavailable desc = token signing failed: threshold not met
T-sameregion-optimistic@n48-c100,611,1791053185151619935,2004792319,0,Internal error occurred: failed to generate token: while signing jwt: rpc error: code = Unavailable desc = token signing failed: threshold not met
T-sameregion-optimistic@n48-c100,613,1791053185211238845,1988387448,0,Internal error occurred: failed to generate token: while signing jwt: rpc error: code = Unavailable desc = token signing failed: threshold not met
T-sameregion-optimistic@n48-c100,710,1791053187156269376,69596324,0,Internal error occurred: failed to generate token: while signing jwt: rpc error: code = Unavailable desc = token signing failed: threshold not met
T-sameregion-optimistic@n48-c100,614,1791053185224231932,2003817518,0,Internal error occurred: failed to generate token: while signing jwt: rpc error: code = Unavailable desc = token signing failed: threshold not met
T-sameregion-optimistic@n48-c100,615,1791053185265426864,1999730639,0,Internal error occurred: failed to generate token: while signing jwt: rpc error: code = Unavailable desc = token signing failed: threshold not met
T-sameregion-optimistic@n48-c100,616,1791053185265839110,2003761110,0,Internal error occurred: failed to generate token: while signing jwt: rpc error: code = Unavailable desc = token signing failed: threshold not met
T-sameregion-optimistic@n48-c100,617,1791053185335956097,1991445557,0,Internal error occurred: failed to generate token: while signing jwt: rpc error: code = Unavailable desc = token signing failed: threshold not met
T-sameregion-optimistic@n48-c100,619,1791053185367175883,1979665375,0,Internal error occurred: failed to generate token: while signing jwt: rpc error: code = Unavailable desc = token signing failed: threshold not met
T-sameregion-optimistic@n48-c100,620,1791053185370084999,1985882703,0,Internal error occurred: failed to generate token: while signing jwt: rpc error: code = Unavailable desc = token signing failed: threshold not met
T-sameregion-optimistic@n48-c100,618,1791053185359857514,2002197929,0,Internal error occurred: failed to generate token: while signing jwt: rpc error: code = Unavailable desc = token signing failed: threshold not met
T-sameregion-optimistic@n48-c100,621,1791053185379850133,1990211041,0,Internal error occurred: failed to generate token: while signing jwt: rpc error: code = Unavailable desc = token signing failed: threshold not met
T-sameregion-optimistic@n48-c100,622,1791053185431289005,2004718596,0,Internal error occurred: failed to generate token: while signing jwt: rpc error: code = Unavailable desc = token signing failed: threshold not met
T-sameregion-optimistic@n48-c100,623,1791053185514640388,1946003779,1,
T-sameregion-optimistic@n48-c100,625,1791053185555292318,1970129737,0,Internal error occurred: failed to generate token: while signing jwt: rpc error: code = Unavailable desc = token signing failed: threshold not met
T-sameregion-optimistic@n48-c100,624,1791053185527743951,2004915270,0,Internal error occurred: failed to generate token: while signing jwt: rpc error: code = Unavailable desc = token signing failed: threshold not met
T-sameregion-optimistic@n48-c100,627,1791053185691735099,1912495955,1,
T-sameregion-optimistic@n48-c100,626,1791053185679976176,1950797533,1,
T-sameregion-optimistic@n48-c100,628,1791053185699318921,1970935122,0,Internal error occurred: failed to generate token: while signing jwt: rpc error: code = Unavailable desc = token signing failed: threshold not met
T-sameregion-optimistic@n48-c100,629,1791053185730530954,1994092595,0,Internal error occurred: failed to generate token: while signing jwt: rpc error: code = Unavailable desc = token signing failed: threshold not met
T-sameregion-optimistic@n48-c100,630,1791053185775814619,1982168925,1,
T-sameregion-optimistic@n48-c100,631,1791053185841898050,1920275199,1,
T-sameregion-optimistic@n48-c100,632,1791053185936525658,1916089123,1,
T-sameregion-optimistic@n48-c100,633,1791053186003623566,1926491363,1,
T-sameregion-optimistic@n48-c100,634,1791053186045565467,1917174915,1,
T-sameregion-optimistic@n48-c100,636,1791053186088513956,1936323477,0,Internal error occurred: failed to generate token: while signing jwt: rpc error: code = Unavailable desc = token signing failed: threshold not met
T-sameregion-optimistic@n48-c100,635,1791053186054125053,2003837595,0,Internal error occurred: failed to generate token: while signing jwt: rpc error: code = Unavailable desc = token signing failed: threshold not met
T-sameregion-optimistic@n48-c100,637,1791053186181574834,1953148641,1,
T-sameregion-optimistic@n48-c100,638,1791053186262412273,1910971264,1,
T-sameregion-optimistic@n48-c100,639,1791053186344885702,1901902886,1,
T-sameregion-optimistic@n48-c100,640,1791053186390323225,1950201271,1,
T-sameregion-optimistic@n48-c100,641,1791053186480938393,1931831178,1,
T-sameregion-optimistic@n48-c100,642,1791053186547180656,1926936866,1,
T-sameregion-optimistic@n48-c100,643,1791053186657161742,1900017383,1,
T-sameregion-optimistic@n48-c100,644,1791053186674742022,1941659614,1,
T-sameregion-optimistic@n48-c100,645,1791053186777133218,1900022610,1,
T-sameregion-optimistic@n48-c100,646,1791053186859593784,1907186617,1,
T-sameregion-optimistic@n48-c100,647,1791053186888615604,1950190550,1,
T-sameregion-optimistic@n48-c100,648,1791053187024672440,1934913510,1,
T-sameregion-optimistic@n48-c100,649,1791053187029759587,1947388417,1,
T-sameregion-optimistic@n48-c100,655,1791053187059545273,1995059143,0,Internal error occurred: failed to generate token: while signing jwt: rpc error: code = Unavailable desc = token signing failed: threshold not met
T-sameregion-optimistic@n48-c100,650,1791053187052753084,2003955191,0,Internal error occurred: failed to generate token: while signing jwt: rpc error: code = Unavailable desc = token signing failed: threshold not met
T-sameregion-optimistic@n48-c100,651,1791053187056313339,2004297674,0,Internal error occurred: failed to generate token: while signing jwt: rpc error: code = Unavailable desc = token signing failed: threshold not met
T-sameregion-optimistic@n48-c100,652,1791053187056377438,2004235956,0,Internal error occurred: failed to generate token: while signing jwt: rpc error: code = Unavailable desc = token signing failed: threshold not met
T-sameregion-optimistic@n48-c100,656,1791053187059946818,2003412608,0,Internal error occurred: failed to generate token: while signing jwt: rpc error: code = Unavailable desc = token signing failed: threshold not met
T-sameregion-optimistic@n48-c100,654,1791053187059482908,2003983897,0,Internal error occurred: failed to generate token: while signing jwt: rpc error: code = Unavailable desc = token signing failed: threshold not met
T-sameregion-optimistic@n48-c100,653,1791053187059027617,2005252506,0,Internal error occurred: failed to generate token: while signing jwt: rpc error: code = Unavailable desc = token signing failed: threshold not met
T-sameregion-optimistic@n48-c100,657,1791053187073956945,2003858913,0,Internal error occurred: failed to generate token: while signing jwt: rpc error: code = Unavailable desc = token signing failed: threshold not met
T-sameregion-optimistic@n48-c100,658,1791053187075081308,2003354141,0,Internal error occurred: failed to generate token: while signing jwt: rpc error: code = Unavailable desc = token signing failed: threshold not met
T-sameregion-optimistic@n48-c100,659,1791053187081420824,2003426978,0,Internal error occurred: failed to generate token: while signing jwt: rpc error: code = Unavailable desc = token signing failed: threshold not met
T-sameregion-optimistic@n48-c100,660,1791053187084102739,2003751856,0,Internal error occurred: failed to generate token: while signing jwt: rpc error: code = Unavailable desc = token signing failed: threshold not met
T-sameregion-optimistic@n48-c100,661,1791053187084329412,2003976052,0,Internal error occurred: failed to generate token: while signing jwt: rpc error: code = Unavailable desc = token signing failed: threshold not met
T-sameregion-optimistic@n48-c100,662,1791053187084699605,2003683341,0,Internal error occurred: failed to generate token: while signing jwt: rpc error: code = Unavailable desc = token signing failed: threshold not met
T-sameregion-optimistic@n48-c100,663,1791053187088963211,2003016062,0,Internal error occurred: failed to generate token: while signing jwt: rpc error: code = Unavailable desc = token signing failed: threshold not met
T-sameregion-optimistic@n48-c100,664,1791053187088970263,2004518376,0,Internal error occurred: failed to generate token: while signing jwt: rpc error: code = Unavailable desc = token signing failed: threshold not met
T-sameregion-optimistic@n48-c100,665,1791053187090070537,2004027824,0,Internal error occurred: failed to generate token: while signing jwt: rpc error: code = Unavailable desc = token signing failed: threshold not met
T-sameregion-optimistic@n48-c100,667,1791053187093191063,2005727514,0,Internal error occurred: failed to generate token: while signing jwt: rpc error: code = Unavailable desc = token signing failed: threshold not met
T-sameregion-optimistic@n48-c100,668,1791053187093567473,2005354163,0,Internal error occurred: failed to generate token: while signing jwt: rpc error: code = Unavailable desc = token signing failed: threshold not met
T-sameregion-optimistic@n48-c100,666,1791053187092999875,2006142221,0,Internal error occurred: failed to generate token: while signing jwt: rpc error: code = Unavailable desc = token signing failed: threshold not met
T-sameregion-optimistic@n48-c100,669,1791053187094779083,2004367644,0,Internal error occurred: failed to generate token: while signing jwt: rpc error: code = Unavailable desc = token signing failed: threshold not met
T-sameregion-optimistic@n48-c100,670,1791053187095958348,2003637022,0,Internal error occurred: failed to generate token: while signing jwt: rpc error: code = Unavailable desc = token signing failed: threshold not met
T-sameregion-optimistic@n48-c100,672,1791053187098392894,2002888182,0,Internal error occurred: failed to generate token: while signing jwt: rpc error: code = Unavailable desc = token signing failed: threshold not met
T-sameregion-optimistic@n48-c100,671,1791053187097924394,2005049791,0,Internal error occurred: failed to generate token: while signing jwt: rpc error: code = Unavailable desc = token signing failed: threshold not met
T-sameregion-optimistic@n48-c100,673,1791053187101568917,2003605035,0,Internal error occurred: failed to generate token: while signing jwt: rpc error: code = Unavailable desc = token signing failed: threshold not met
T-sameregion-optimistic@n48-c100,674,1791053187102555272,2003448679,0,Internal error occurred: failed to generate token: while signing jwt: rpc error: code = Unavailable desc = token signing failed: threshold not met
T-sameregion-optimistic@n48-c100,675,1791053187103067190,2003765553,0,Internal error occurred: failed to generate token: while signing jwt: rpc error: code = Unavailable desc = token signing failed: threshold not met
T-sameregion-optimistic@n48-c100,676,1791053187104606247,2004735549,0,Internal error occurred: failed to generate token: while signing jwt: rpc error: code = Unavailable desc = token signing failed: threshold not met
T-sameregion-optimistic@n48-c100,677,1791053187106049781,2005355533,0,Internal error occurred: failed to generate token: while signing jwt: rpc error: code = Unavailable desc = token signing failed: threshold not met
T-sameregion-optimistic@n48-c100,678,1791053187106562728,2004979492,0,Internal error occurred: failed to generate token: while signing jwt: rpc error: code = Unavailable desc = token signing failed: threshold not met
T-sameregion-optimistic@n48-c100,679,1791053187107950214,2006402329,0,Internal error occurred: failed to generate token: while signing jwt: rpc error: code = Unavailable desc = token signing failed: threshold not met
T-sameregion-optimistic@n48-c100,683,1791053187109612633,2005256476,0,Internal error occurred: failed to generate token: while signing jwt: rpc error: code = Unavailable desc = token signing failed: threshold not met
T-sameregion-optimistic@n48-c100,684,1791053187110963352,2004410030,0,Internal error occurred: failed to generate token: while signing jwt: rpc error: code = Unavailable desc = token signing failed: threshold not met
T-sameregion-optimistic@n48-c100,686,1791053187111223996,2005581008,0,Internal error occurred: failed to generate token: while signing jwt: rpc error: code = Unavailable desc = token signing failed: threshold not met
T-sameregion-optimistic@n48-c100,682,1791053187108780690,2009471463,0,Internal error occurred: failed to generate token: while signing jwt: rpc error: code = Unavailable desc = token signing failed: threshold not met
T-sameregion-optimistic@n48-c100,685,1791053187110966393,2007288217,0,Internal error occurred: failed to generate token: while signing jwt: rpc error: code = Unavailable desc = token signing failed: threshold not met
T-sameregion-optimistic@n48-c100,681,1791053187108461787,2009873474,0,Internal error occurred: failed to generate token: while signing jwt: rpc error: code = Unavailable desc = token signing failed: threshold not met
T-sameregion-optimistic@n48-c100,680,1791053187107948809,2010470200,0,Internal error occurred: failed to generate token: while signing jwt: rpc error: code = Unavailable desc = token signing failed: threshold not met
T-sameregion-optimistic@n48-c100,687,1791053187116627505,2005066021,0,Internal error occurred: failed to generate token: while signing jwt: rpc error: code = Unavailable desc = token signing failed: threshold not met
T-sameregion-optimistic@n48-c100,688,1791053187120008839,2003416111,0,Internal error occurred: failed to generate token: while signing jwt: rpc error: code = Unavailable desc = token signing failed: threshold not met
T-sameregion-optimistic@n48-c100,689,1791053187130369018,2006287479,0,Internal error occurred: failed to generate token: while signing jwt: rpc error: code = Unavailable desc = token signing failed: threshold not met
T-sameregion-optimistic@n48-c100,692,1791053187130649792,2006006766,0,Internal error occurred: failed to generate token: while signing jwt: rpc error: code = Unavailable desc = token signing failed: threshold not met
T-sameregion-optimistic@n48-c100,690,1791053187130371370,2006360044,0,Internal error occurred: failed to generate token: while signing jwt: rpc error: code = Unavailable desc = token signing failed: threshold not met
T-sameregion-optimistic@n48-c100,691,1791053187130475332,2008258852,0,Internal error occurred: failed to generate token: while signing jwt: rpc error: code = Unavailable desc = token signing failed: threshold not met
T-sameregion-optimistic@n48-c100,693,1791053187130832879,2010324294,0,Internal error occurred: failed to generate token: while signing jwt: rpc error: code = Unavailable desc = token signing failed: threshold not met
T-sameregion-optimistic@n48-c100,697,1791053187133421720,2008286462,0,Internal error occurred: failed to generate token: while signing jwt: rpc error: code = Unavailable desc = token signing failed: threshold not met
T-sameregion-optimistic@n48-c100,694,1791053187131088459,2010929835,0,Internal error occurred: failed to generate token: while signing jwt: rpc error: code = Unavailable desc = token signing failed: threshold not met
T-sameregion-optimistic@n48-c100,695,1791053187131128261,2012388408,0,Internal error occurred: failed to generate token: while signing jwt: rpc error: code = Unavailable desc = token signing failed: threshold not met
T-sameregion-optimistic@n48-c100,696,1791053187132496526,2011581181,0,Internal error occurred: failed to generate token: while signing jwt: rpc error: code = Unavailable desc = token signing failed: threshold not met
T-sameregion-optimistic@n48-c100,698,1791053187135873789,2009932504,0,Internal error occurred: failed to generate token: while signing jwt: rpc error: code = Unavailable desc = token signing failed: threshold not met
T-sameregion-optimistic@n48-c100,699,1791053187136683717,2009158594,0,Internal error occurred: failed to generate token: while signing jwt: rpc error: code = Unavailable desc = token signing failed: threshold not met
T-sameregion-optimistic@n48-c100,707,1791053187141434506,2006507162,0,Internal error occurred: failed to generate token: while signing jwt: rpc error: code = Unavailable desc = token signing failed: threshold not met
T-sameregion-optimistic@n48-c100,703,1791053187141137531,2006804124,0,Internal error occurred: failed to generate token: while signing jwt: rpc error: code = Unavailable desc = token signing failed: threshold not met
T-sameregion-optimistic@n48-c100,708,1791053187150056192,1998157116,0,Internal error occurred: failed to generate token: while signing jwt: rpc error: code = Unavailable desc = token signing failed: threshold not met
T-sameregion-optimistic@n48-c100,702,1791053187140407641,2009451341,0,Internal error occurred: failed to generate token: while signing jwt: rpc error: code = Unavailable desc = token signing failed: threshold not met
T-sameregion-optimistic@n48-c100,706,1791053187141295065,2009099427,0,Internal error occurred: failed to generate token: while signing jwt: rpc error: code = Unavailable desc = token signing failed: threshold not met
T-sameregion-optimistic@n48-c100,700,1791053187138111239,2012697052,0,Internal error occurred: failed to generate token: while signing jwt: rpc error: code = Unavailable desc = token signing failed: threshold not met
T-sameregion-optimistic@n48-c100,704,1791053187141155602,2010918675,0,Internal error occurred: failed to generate token: while signing jwt: rpc error: code = Unavailable desc = token signing failed: threshold not met
T-sameregion-optimistic@n48-c100,705,1791053187141270174,2012461153,0,Internal error occurred: failed to generate token: while signing jwt: rpc error: code = Unavailable desc = token signing failed: threshold not met
T-sameregion-optimistic@n48-c100,701,1791053187140371984,2014591284,0,Internal error occurred: failed to generate token: while signing jwt: rpc error: code = Unavailable desc = token signing failed: threshold not met
T-sameregion-optimistic@n48-c100,709,1791053187150686574,2004521445,0,Internal error occurred: failed to generate token: while signing jwt: rpc error: code = Unavailable desc = token signing failed: threshold not met
T-sameregion-optimistic@n48-c100,711,1791053187156415460,2002675084,0,Internal error occurred: failed to generate token: while signing jwt: rpc error: code = Unavailable desc = token signing failed: threshold not met
T-sameregion-optimistic@n48-c100,712,1791053187156414379,2004014904,0,Internal error occurred: failed to generate token: while signing jwt: rpc error: code = Unavailable desc = token signing failed: threshold not met
T-sameregion-optimistic@n48-c100,713,1791053187199631070,1967232806,0,Internal error occurred: failed to generate token: while signing jwt: rpc error: code = Unavailable desc = token signing failed: threshold not met
T-sameregion-optimistic@n48-c100,714,1791053187225871033,1974130482,0,Internal error occurred: failed to generate token: while signing jwt: rpc error: code = Unavailable desc = token signing failed: threshold not met
T-sameregion-optimistic@n48-c100,800,1791053189145846604,81644889,0,Internal error occurred: failed to generate token: while signing jwt: rpc error: code = Unavailable desc = token signing failed: threshold not met
T-sameregion-optimistic@n48-c100,804,1791053189149863250,77658042,0,Internal error occurred: failed to generate token: while signing jwt: rpc error: code = Unavailable desc = token signing failed: threshold not met
T-sameregion-optimistic@n48-c100,806,1791053189150811013,76739882,0,Internal error occurred: failed to generate token: while signing jwt: rpc error: code = Unavailable desc = token signing failed: threshold not met
T-sameregion-optimistic@n48-c100,807,1791053189152077544,75660761,0,Internal error occurred: failed to generate token: while signing jwt: rpc error: code = Unavailable desc = token signing failed: threshold not met
T-sameregion-optimistic@n48-c100,715,1791053187228054935,2003991529,0,Internal error occurred: failed to generate token: while signing jwt: rpc error: code = Unavailable desc = token signing failed: threshold not met
T-sameregion-optimistic@n48-c100,809,1791053189154967392,90510923,0,Internal error occurred: failed to generate token: while signing jwt: rpc error: code = Unavailable desc = token signing failed: threshold not met
T-sameregion-optimistic@n48-c100,812,1791053189160433620,86635081,0,Internal error occurred: failed to generate token: while signing jwt: rpc error: code = Unavailable desc = token signing failed: threshold not met
T-sameregion-optimistic@n48-c100,818,1791053189227765397,27959679,0,Internal error occurred: failed to generate token: while signing jwt: rpc error: code = Unavailable desc = token signing failed: threshold not met
T-sameregion-optimistic@n48-c100,716,1791053187265163058,2004028688,0,Internal error occurred: failed to generate token: while signing jwt: rpc error: code = Unavailable desc = token signing failed: threshold not met
T-sameregion-optimistic@n48-c100,717,1791053187269605499,2003102882,0,Internal error occurred: failed to generate token: while signing jwt: rpc error: code = Unavailable desc = token signing failed: threshold not met
T-sameregion-optimistic@n48-c100,819,1791053189232051243,67923661,0,Internal error occurred: failed to generate token: while signing jwt: rpc error: code = Unavailable desc = token signing failed: threshold not met
T-sameregion-optimistic@n48-c100,816,1791053189227524228,72519650,0,Internal error occurred: failed to generate token: while signing jwt: rpc error: code = Unavailable desc = token signing failed: threshold not met
T-sameregion-optimistic@n48-c100,817,1791053189227552774,74395296,0,Internal error occurred: failed to generate token: while signing jwt: rpc error: code = Unavailable desc = token signing failed: threshold not met
T-sameregion-optimistic@n48-c100,815,1791053189227497446,74450663,0,Internal error occurred: failed to generate token: while signing jwt: rpc error: code = Unavailable desc = token signing failed: threshold not met
T-sameregion-optimistic@n48-c100,718,1791053187327407980,2004433638,0,Internal error occurred: failed to generate token: while signing jwt: rpc error: code = Unavailable desc = token signing failed: threshold not met
T-sameregion-optimistic@n48-c100,720,1791053187355972582,1989493441,0,Internal error occurred: failed to generate token: while signing jwt: rpc error: code = Unavailable desc = token signing failed: threshold not met
T-sameregion-optimistic@n48-c100,719,1791053187346848366,1999775124,0,Internal error occurred: failed to generate token: while signing jwt: rpc error: code = Unavailable desc = token signing failed: threshold not met
T-sameregion-optimistic@n48-c100,824,1791053189272714055,82817403,0,Internal error occurred: failed to generate token: while signing jwt: rpc error: code = Unavailable desc = token signing failed: threshold not met
T-sameregion-optimistic@n48-c100,828,1791053189301952291,64349361,0,Internal error occurred: failed to generate token: while signing jwt: rpc error: code = Unavailable desc = token signing failed: threshold not met
T-sameregion-optimistic@n48-c100,721,1791053187362063936,2004310318,0,Internal error occurred: failed to generate token: while signing jwt: rpc error: code = Unavailable desc = token signing failed: threshold not met
T-sameregion-optimistic@n48-c100,722,1791053187370067711,2004296448,0,Internal error occurred: failed to generate token: while signing jwt: rpc error: code = Unavailable desc = token signing failed: threshold not met
T-sameregion-optimistic@n48-c100,831,1791053189346627588,79851430,0,Internal error occurred: failed to generate token: while signing jwt: rpc error: code = Unavailable desc = token signing failed: threshold not met
T-sameregion-optimistic@n48-c100,723,1791053187436013125,2005211842,0,Internal error occurred: failed to generate token: while signing jwt: rpc error: code = Unavailable desc = token signing failed: threshold not met
T-sameregion-optimistic@n48-c100,724,1791053187460649799,2004286716,0,Internal error occurred: failed to generate token: while signing jwt: rpc error: code = Unavailable desc = token signing failed: threshold not met
T-sameregion-optimistic@n48-c100,726,1791053187532665013,1991691258,0,Internal error occurred: failed to generate token: while signing jwt: rpc error: code = Unavailable desc = token signing failed: threshold not met
T-sameregion-optimistic@n48-c100,725,1791053187525426876,2004576456,0,Internal error occurred: failed to generate token: while signing jwt: rpc error: code = Unavailable desc = token signing failed: threshold not met
T-sameregion-optimistic@n48-c100,727,1791053187604236987,1960370776,1,
T-sameregion-optimistic@n48-c100,840,1791053189530009808,35966797,0,Internal error occurred: failed to generate token: while signing jwt: rpc error: code = Unavailable desc = token signing failed: threshold not met
T-sameregion-optimistic@n48-c100,728,1791053187630778716,2005004361,0,Internal error occurred: failed to generate token: while signing jwt: rpc error: code = Unavailable desc = token signing failed: threshold not met
T-sameregion-optimistic@n48-c100,729,1791053187670260993,1987572122,1,
T-sameregion-optimistic@n48-c100,730,1791053187724628527,2004506719,0,Internal error occurred: failed to generate token: while signing jwt: rpc error: code = Unavailable desc = token signing failed: threshold not met
T-sameregion-optimistic@n48-c100,732,1791053187762179192,1999179671,0,Internal error occurred: failed to generate token: while signing jwt: rpc error: code = Unavailable desc = token signing failed: threshold not met
T-sameregion-optimistic@n48-c100,731,1791053187757987776,2004703371,0,Internal error occurred: failed to generate token: while signing jwt: rpc error: code = Unavailable desc = token signing failed: threshold not met
T-sameregion-optimistic@n48-c100,733,1791053187852621837,2003908101,1,
T-sameregion-optimistic@n48-c100,734,1791053187930120086,1957964055,1,
T-sameregion-optimistic@n48-c100,735,1791053187962745649,2002101210,1,
T-sameregion-optimistic@n48-c100,736,1791053188024843899,1975697896,0,Internal error occurred: failed to generate token: while signing jwt: rpc error: code = Unavailable desc = token signing failed: threshold not met
T-sameregion-optimistic@n48-c100,737,1791053188057967443,1990026425,1,
T-sameregion-optimistic@n48-c100,738,1791053188134730301,1978068570,0,Internal error occurred: failed to generate token: while signing jwt: rpc error: code = Unavailable desc = token signing failed: threshold not met
T-sameregion-optimistic@n48-c100,740,1791053188246794681,1924682087,1,
T-sameregion-optimistic@n48-c100,739,1791053188173388133,1998109024,1,
T-sameregion-optimistic@n48-c100,741,1791053188340531313,1911027331,1,
T-sameregion-optimistic@n48-c100,742,1791053188412776995,1933168160,1,
T-sameregion-optimistic@n48-c100,743,1791053188474122371,1902166985,1,
T-sameregion-optimistic@n48-c100,744,1791053188557183794,1929932472,1,
T-sameregion-optimistic@n48-c100,745,1791053188616408187,1933405392,1,
T-sameregion-optimistic@n48-c100,746,1791053188677162163,1935286756,1,
T-sameregion-optimistic@n48-c100,747,1791053188766786250,1905990513,1,
T-sameregion-optimistic@n48-c100,748,1791053188838811061,1926757469,1,
T-sameregion-optimistic@n48-c100,749,1791053188959591089,1865926740,1,
T-sameregion-optimistic@n48-c100,750,1791053188977161892,1899275809,1,
T-sameregion-optimistic@n48-c100,751,1791053189054609851,1915685739,1,
T-sameregion-optimistic@n48-c100,752,1791053189056716616,2004016905,0,Internal error occurred: failed to generate token: while signing jwt: rpc error: code = Unavailable desc = token signing failed: threshold not met
T-sameregion-optimistic@n48-c100,754,1791053189060618118,2003468943,0,Internal error occurred: failed to generate token: while signing jwt: rpc error: code = Unavailable desc = token signing failed: threshold not met
T-sameregion-optimistic@n48-c100,753,1791053189060617119,2004227691,0,Internal error occurred: failed to generate token: while signing jwt: rpc error: code = Unavailable desc = token signing failed: threshold not met
T-sameregion-optimistic@n48-c100,755,1791053189063364777,2003694313,0,Internal error occurred: failed to generate token: while signing jwt: rpc error: code = Unavailable desc = token signing failed: threshold not met
T-sameregion-optimistic@n48-c100,756,1791053189063470337,2003978957,0,Internal error occurred: failed to generate token: while signing jwt: rpc error: code = Unavailable desc = token signing failed: threshold not met
T-sameregion-optimistic@n48-c100,757,1791053189064284866,2005103311,0,Internal error occurred: failed to generate token: while signing jwt: rpc error: code = Unavailable desc = token signing failed: threshold not met
T-sameregion-optimistic@n48-c100,759,1791053189078439180,2003910347,0,Internal error occurred: failed to generate token: while signing jwt: rpc error: code = Unavailable desc = token signing failed: threshold not met
T-sameregion-optimistic@n48-c100,758,1791053189077820916,2004683085,0,Internal error occurred: failed to generate token: while signing jwt: rpc error: code = Unavailable desc = token signing failed: threshold not met
T-sameregion-optimistic@n48-c100,760,1791053189084852142,2003993657,0,Internal error occurred: failed to generate token: while signing jwt: rpc error: code = Unavailable desc = token signing failed: threshold not met
T-sameregion-optimistic@n48-c100,761,1791053189087860212,2003506584,0,Internal error occurred: failed to generate token: while signing jwt: rpc error: code = Unavailable desc = token signing failed: threshold not met
T-sameregion-optimistic@n48-c100,762,1791053189088309926,2003479686,0,Internal error occurred: failed to generate token: while signing jwt: rpc error: code = Unavailable desc = token signing failed: threshold not met
T-sameregion-optimistic@n48-c100,763,1791053189088386241,2003599438,0,Internal error occurred: failed to generate token: while signing jwt: rpc error: code = Unavailable desc = token signing failed: threshold not met
T-sameregion-optimistic@n48-c100,764,1791053189091985515,2003063821,0,Internal error occurred: failed to generate token: while signing jwt: rpc error: code = Unavailable desc = token signing failed: threshold not met
T-sameregion-optimistic@n48-c100,765,1791053189093493131,2003657370,0,Internal error occurred: failed to generate token: while signing jwt: rpc error: code = Unavailable desc = token signing failed: threshold not met
T-sameregion-optimistic@n48-c100,766,1791053189094102515,2003228345,0,Internal error occurred: failed to generate token: while signing jwt: rpc error: code = Unavailable desc = token signing failed: threshold not met
T-sameregion-optimistic@n48-c100,769,1791053189099154322,2004927016,0,Internal error occurred: failed to generate token: while signing jwt: rpc error: code = Unavailable desc = token signing failed: threshold not met
T-sameregion-optimistic@n48-c100,767,1791053189098924675,2006139883,0,Internal error occurred: failed to generate token: while signing jwt: rpc error: code = Unavailable desc = token signing failed: threshold not met
T-sameregion-optimistic@n48-c100,772,1791053189101284587,2004323451,0,Internal error occurred: failed to generate token: while signing jwt: rpc error: code = Unavailable desc = token signing failed: threshold not met
T-sameregion-optimistic@n48-c100,768,1791053189098924684,2006737824,0,Internal error occurred: failed to generate token: while signing jwt: rpc error: code = Unavailable desc = token signing failed: threshold not met
T-sameregion-optimistic@n48-c100,770,1791053189099149684,2006674082,0,Internal error occurred: failed to generate token: while signing jwt: rpc error: code = Unavailable desc = token signing failed: threshold not met
T-sameregion-optimistic@n48-c100,771,1791053189099600339,2007836189,0,Internal error occurred: failed to generate token: while signing jwt: rpc error: code = Unavailable desc = token signing failed: threshold not met
T-sameregion-optimistic@n48-c100,773,1791053189102978614,2004955162,0,Internal error occurred: failed to generate token: while signing jwt: rpc error: code = Unavailable desc = token signing failed: threshold not met
T-sameregion-optimistic@n48-c100,775,1791053189106007880,2004316574,0,Internal error occurred: failed to generate token: while signing jwt: rpc error: code = Unavailable desc = token signing failed: threshold not met
T-sameregion-optimistic@n48-c100,774,1791053189105177499,2005147062,0,Internal error occurred: failed to generate token: while signing jwt: rpc error: code = Unavailable desc = token signing failed: threshold not met
T-sameregion-optimistic@n48-c100,776,1791053189106836508,2004872440,0,Internal error occurred: failed to generate token: while signing jwt: rpc error: code = Unavailable desc = token signing failed: threshold not met
T-sameregion-optimistic@n48-c100,777,1791053189109345882,2004174545,0,Internal error occurred: failed to generate token: while signing jwt: rpc error: code = Unavailable desc = token signing failed: threshold not met
T-sameregion-optimistic@n48-c100,779,1791053189111544405,2002933407,0,Internal error occurred: failed to generate token: while signing jwt: rpc error: code = Unavailable desc = token signing failed: threshold not met
T-sameregion-optimistic@n48-c100,778,1791053189111408651,2003153740,0,Internal error occurred: failed to generate token: while signing jwt: rpc error: code = Unavailable desc = token signing failed: threshold not met
T-sameregion-optimistic@n48-c100,780,1791053189114357112,2004403246,0,Internal error occurred: failed to generate token: while signing jwt: rpc error: code = Unavailable desc = token signing failed: threshold not met
T-sameregion-optimistic@n48-c100,781,1791053189114874837,2004287823,0,Internal error occurred: failed to generate token: while signing jwt: rpc error: code = Unavailable desc = token signing failed: threshold not met
T-sameregion-optimistic@n48-c100,782,1791053189115376567,2004567196,0,Internal error occurred: failed to generate token: while signing jwt: rpc error: code = Unavailable desc = token signing failed: threshold not met
T-sameregion-optimistic@n48-c100,786,1791053189118338563,2004485030,0,Internal error occurred: failed to generate token: while signing jwt: rpc error: code = Unavailable desc = token signing failed: threshold not met
T-sameregion-optimistic@n48-c100,783,1791053189116808317,2006078100,0,Internal error occurred: failed to generate token: while signing jwt: rpc error: code = Unavailable desc = token signing failed: threshold not met
T-sameregion-optimistic@n48-c100,785,1791053189118258616,2006360451,0,Internal error occurred: failed to generate token: while signing jwt: rpc error: code = Unavailable desc = token signing failed: threshold not met
T-sameregion-optimistic@n48-c100,784,1791053189118255868,2007104273,0,Internal error occurred: failed to generate token: while signing jwt: rpc error: code = Unavailable desc = token signing failed: threshold not met
T-sameregion-optimistic@n48-c100,788,1791053189121698244,2003661938,0,Internal error occurred: failed to generate token: while signing jwt: rpc error: code = Unavailable desc = token signing failed: threshold not met
T-sameregion-optimistic@n48-c100,787,1791053189118421259,2007141324,0,Internal error occurred: failed to generate token: while signing jwt: rpc error: code = Unavailable desc = token signing failed: threshold not met
T-sameregion-optimistic@n48-c100,789,1791053189123430177,2005249988,0,Internal error occurred: failed to generate token: while signing jwt: rpc error: code = Unavailable desc = token signing failed: threshold not met
T-sameregion-optimistic@n48-c100,790,1791053189136662961,2005335855,0,Internal error occurred: failed to generate token: while signing jwt: rpc error: code = Unavailable desc = token signing failed: threshold not met
T-sameregion-optimistic@n48-c100,792,1791053189136733719,2005265077,0,Internal error occurred: failed to generate token: while signing jwt: rpc error: code = Unavailable desc = token signing failed: threshold not met
T-sameregion-optimistic@n48-c100,791,1791053189136661813,2006013939,0,Internal error occurred: failed to generate token: while signing jwt: rpc error: code = Unavailable desc = token signing failed: threshold not met
T-sameregion-optimistic@n48-c100,793,1791053189138740184,2006041595,0,Internal error occurred: failed to generate token: while signing jwt: rpc error: code = Unavailable desc = token signing failed: threshold not met
T-sameregion-optimistic@n48-c100,794,1791053189141162695,2004970890,0,Internal error occurred: failed to generate token: while signing jwt: rpc error: code = Unavailable desc = token signing failed: threshold not met
T-sameregion-optimistic@n48-c100,796,1791053189142023170,2004669691,0,Internal error occurred: failed to generate token: while signing jwt: rpc error: code = Unavailable desc = token signing failed: threshold not met
T-sameregion-optimistic@n48-c100,795,1791053189141711792,2005340603,0,Internal error occurred: failed to generate token: while signing jwt: rpc error: code = Unavailable desc = token signing failed: threshold not met
T-sameregion-optimistic@n48-c100,797,1791053189143520728,2009030499,0,Internal error occurred: failed to generate token: while signing jwt: rpc error: code = Unavailable desc = token signing failed: threshold not met
T-sameregion-optimistic@n48-c100,798,1791053189144082389,2009197438,0,Internal error occurred: failed to generate token: while signing jwt: rpc error: code = Unavailable desc = token signing failed: threshold not met
T-sameregion-optimistic@n48-c100,801,1791053189147946310,2007366331,0,Internal error occurred: failed to generate token: while signing jwt: rpc error: code = Unavailable desc = token signing failed: threshold not met
T-sameregion-optimistic@n48-c100,803,1791053189148282037,2007645925,0,Internal error occurred: failed to generate token: while signing jwt: rpc error: code = Unavailable desc = token signing failed: threshold not met
T-sameregion-optimistic@n48-c100,799,1791053189145809716,2010830574,0,Internal error occurred: failed to generate token: while signing jwt: rpc error: code = Unavailable desc = token signing failed: threshold not met
T-sameregion-optimistic@n48-c100,805,1791053189150400226,2008248077,0,Internal error occurred: failed to generate token: while signing jwt: rpc error: code = Unavailable desc = token signing failed: threshold not met
T-sameregion-optimistic@n48-c100,808,1791053189153734373,2004918982,0,Internal error occurred: failed to generate token: while signing jwt: rpc error: code = Unavailable desc = token signing failed: threshold not met
T-sameregion-optimistic@n48-c100,802,1791053189147946821,2010764403,0,Internal error occurred: failed to generate token: while signing jwt: rpc error: code = Unavailable desc = token signing failed: threshold not met
T-sameregion-optimistic@n48-c100,810,1791053189155210899,2005527412,0,Internal error occurred: failed to generate token: while signing jwt: rpc error: code = Unavailable desc = token signing failed: threshold not met
T-sameregion-optimistic@n48-c100,811,1791053189159094473,2002906483,0,Internal error occurred: failed to generate token: while signing jwt: rpc error: code = Unavailable desc = token signing failed: threshold not met
T-sameregion-optimistic@n48-c100,822,1791053189255729629,1907891440,0,Internal error occurred: failed to generate token: while signing jwt: rpc error: code = Unavailable desc = token signing failed: threshold not met
T-sameregion-optimistic@n48-c100,814,1791053189200006734,1966928134,0,Internal error occurred: failed to generate token: while signing jwt: rpc error: code = Unavailable desc = token signing failed: threshold not met
T-sameregion-optimistic@n48-c100,813,1791053189166870016,2002358560,0,Internal error occurred: failed to generate token: while signing jwt: rpc error: code = Unavailable desc = token signing failed: threshold not met
T-sameregion-optimistic@n48-c100,904,1791053191128685437,75878361,0,Internal error occurred: failed to generate token: while signing jwt: rpc error: code = Unavailable desc = token signing failed: threshold not met
T-sameregion-optimistic@n48-c100,911,1791053191147056880,77968372,0,Internal error occurred: failed to generate token: while signing jwt: rpc error: code = Unavailable desc = token signing failed: threshold not met
T-sameregion-optimistic@n48-c100,820,1791053189245484869,1979772549,0,Internal error occurred: failed to generate token: while signing jwt: rpc error: code = Unavailable desc = token signing failed: threshold not met
T-sameregion-optimistic@n48-c100,821,1791053189247072537,1980366170,0,Internal error occurred: failed to generate token: while signing jwt: rpc error: code = Unavailable desc = token signing failed: threshold not met
T-sameregion-optimistic@n48-c100,916,1791053191156644108,89554556,0,Internal error occurred: failed to generate token: while signing jwt: rpc error: code = Unavailable desc = token signing failed: threshold not met
T-sameregion-optimistic@n48-c100,919,1791053191158714999,87483730,0,Internal error occurred: failed to generate token: while signing jwt: rpc error: code = Unavailable desc = token signing failed: threshold not met
T-sameregion-optimistic@n48-c100,823,1791053189269196422,1980942975,0,Internal error occurred: failed to generate token: while signing jwt: rpc error: code = Unavailable desc = token signing failed: threshold not met
T-sameregion-optimistic@n48-c100,827,1791053189301953592,1948185853,0,Internal error occurred: failed to generate token: while signing jwt: rpc error: code = Unavailable desc = token signing failed: threshold not met
T-sameregion-optimistic@n48-c100,923,1791053191166938507,88536454,0,Internal error occurred: failed to generate token: while signing jwt: rpc error: code = Unavailable desc = token signing failed: threshold not met
T-sameregion-optimistic@n48-c100,925,1791053191204568551,50929977,0,Internal error occurred: failed to generate token: while signing jwt: rpc error: code = Unavailable desc = token signing failed: threshold not met
T-sameregion-optimistic@n48-c100,922,1791053191163624468,92096216,0,Internal error occurred: failed to generate token: while signing jwt: rpc error: code = Unavailable desc = token signing failed: threshold not met
T-sameregion-optimistic@n48-c100,928,1791053191227442035,39277197,0,Internal error occurred: failed to generate token: while signing jwt: rpc error: code = Unavailable desc = token signing failed: threshold not met
T-sameregion-optimistic@n48-c100,829,1791053189331846858,1968829096,0,Internal error occurred: failed to generate token: while signing jwt: rpc error: code = Unavailable desc = token signing failed: threshold not met
T-sameregion-optimistic@n48-c100,826,1791053189300047578,2005218058,0,Internal error occurred: failed to generate token: while signing jwt: rpc error: code = Unavailable desc = token signing failed: threshold not met
T-sameregion-optimistic@n48-c100,825,1791053189299979851,2005375497,0,Internal error occurred: failed to generate token: while signing jwt: rpc error: code = Unavailable desc = token signing failed: threshold not met
T-sameregion-optimistic@n48-c100,933,1791053191255480262,70638515,0,Internal error occurred: failed to generate token: while signing jwt: rpc error: code = Unavailable desc = token signing failed: threshold not met
T-sameregion-optimistic@n48-c100,832,1791053189355538339,1970583995,0,Internal error occurred: failed to generate token: while signing jwt: rpc error: code = Unavailable desc = token signing failed: threshold not met
T-sameregion-optimistic@n48-c100,935,1791053191255747124,73382023,0,Internal error occurred: failed to generate token: while signing jwt: rpc error: code = Unavailable desc = token signing failed: threshold not met
T-sameregion-optimistic@n48-c100,834,1791053189366379759,1979113923,0,Internal error occurred: failed to generate token: while signing jwt: rpc error: code = Unavailable desc = token signing failed: threshold not met
T-sameregion-optimistic@n48-c100,830,1791053189345470495,2004205413,0,Internal error occurred: failed to generate token: while signing jwt: rpc error: code = Unavailable desc = token signing failed: threshold not met
T-sameregion-optimistic@n48-c100,943,1791053191345498935,21161984,0,Internal error occurred: failed to generate token: while signing jwt: rpc error: code = Unavailable desc = token signing failed: threshold not met
T-sameregion-optimistic@n48-c100,941,1791053191326125317,40535592,0,Internal error occurred: failed to generate token: while signing jwt: rpc error: code = Unavailable desc = token signing failed: threshold not met
T-sameregion-optimistic@n48-c100,939,1791053191305359348,63016992,0,Internal error occurred: failed to generate token: while signing jwt: rpc error: code = Unavailable desc = token signing failed: threshold not met
T-sameregion-optimistic@n48-c100,942,1791053191329134582,40080845,0,Internal error occurred: failed to generate token: while signing jwt: rpc error: code = Unavailable desc = token signing failed: threshold not met
T-sameregion-optimistic@n48-c100,835,1791053189374369381,1996090382,0,Internal error occurred: failed to generate token: while signing jwt: rpc error: code = Unavailable desc = token signing failed: threshold not met
T-sameregion-optimistic@n48-c100,833,1791053189366306083,2004161673,0,Internal error occurred: failed to generate token: while signing jwt: rpc error: code = Unavailable desc = token signing failed: threshold not met
T-sameregion-optimistic@n48-c100,836,1791053189426483876,1973285536,0,Internal error occurred: failed to generate token: while signing jwt: rpc error: code = Unavailable desc = token signing failed: threshold not met
T-sameregion-optimistic@n48-c100,837,1791053189441229694,2002998265,0,Internal error occurred: failed to generate token: while signing jwt: rpc error: code = Unavailable desc = token signing failed: threshold not met
T-sameregion-optimistic@n48-c100,947,1791053191368381416,77860092,0,Internal error occurred: failed to generate token: while signing jwt: rpc error: code = Unavailable desc = token signing failed: threshold not met
T-sameregion-optimistic@n48-c100,948,1791053191369219144,77664644,0,Internal error occurred: failed to generate token: while signing jwt: rpc error: code = Unavailable desc = token signing failed: threshold not met
T-sameregion-optimistic@n48-c100,946,1791053191366666741,80216654,0,Internal error occurred: failed to generate token: while signing jwt: rpc error: code = Unavailable desc = token signing failed: threshold not met
T-sameregion-optimistic@n48-c100,838,1791053189464944247,1996557581,0,Internal error occurred: failed to generate token: while signing jwt: rpc error: code = Unavailable desc = token signing failed: threshold not met
T-sameregion-optimistic@n48-c100,954,1791053191446887928,19920454,0,Internal error occurred: failed to generate token: while signing jwt: rpc error: code = Unavailable desc = token signing failed: threshold not met
T-sameregion-optimistic@n48-c100,839,1791053189524362107,1991110666,0,Internal error occurred: failed to generate token: while signing jwt: rpc error: code = Unavailable desc = token signing failed: threshold not met
T-sameregion-optimistic@n48-c100,957,1791053191466821671,57718593,0,Internal error occurred: failed to generate token: while signing jwt: rpc error: code = Unavailable desc = token signing failed: threshold not met
T-sameregion-optimistic@n48-c100,842,1791053189565982241,1988709781,0,Internal error occurred: failed to generate token: while signing jwt: rpc error: code = Unavailable desc = token signing failed: threshold not met
T-sameregion-optimistic@n48-c100,841,1791053189564613068,1995266708,1,
T-sameregion-optimistic@n48-c100,843,1791053189635788358,1974919913,1,
T-sameregion-optimistic@n48-c100,844,1791053189657837980,1997431442,0,Internal error occurred: failed to generate token: while signing jwt: rpc error: code = Unavailable desc = token signing failed: threshold not met
T-sameregion-optimistic@n48-c100,845,1791053189729140799,1975640108,1,
T-sameregion-optimistic@n48-c100,847,1791053189762697315,1983463675,0,Internal error occurred: failed to generate token: while signing jwt: rpc error: code = Unavailable desc = token signing failed: threshold not met
T-sameregion-optimistic@n48-c100,848,1791053189856534642,1889631657,1,
T-sameregion-optimistic@n48-c100,846,1791053189761364242,1984861715,0,Internal error occurred: failed to generate token: while signing jwt: rpc error: code = Unavailable desc = token signing failed: threshold not met
T-sameregion-optimistic@n48-c100,849,1791053189888090209,1928193489,1,
T-sameregion-optimistic@n48-c100,850,1791053189964852758,1910423405,1,
T-sameregion-optimistic@n48-c100,851,1791053190000547051,1968609734,1,
T-sameregion-optimistic@n48-c100,852,1791053190048001975,1973112746,0,Internal error occurred: failed to generate token: while signing jwt: rpc error: code = Unavailable desc = token signing failed: threshold not met
T-sameregion-optimistic@n48-c100,853,1791053190112804158,1934656557,1,
T-sameregion-optimistic@n48-c100,855,1791053190171499821,1908068750,1,
T-sameregion-optimistic@n48-c100,854,1791053190171484904,2000587014,0,Internal error occurred: failed to generate token: while signing jwt: rpc error: code = Unavailable desc = token signing failed: threshold not met
T-sameregion-optimistic@n48-c100,856,1791053190251563658,1937774252,1,
T-sameregion-optimistic@n48-c100,857,1791053190345949985,1909739520,1,
T-sameregion-optimistic@n48-c100,858,1791053190376295625,1972693199,1,
T-sameregion-optimistic@n48-c100,859,1791053190487121150,1875435155,1,
T-sameregion-optimistic@n48-c100,860,1791053190549820131,1885924397,1,
T-sameregion-optimistic@n48-c100,861,1791053190612454523,1892720343,1,
T-sameregion-optimistic@n48-c100,862,1791053190672782836,1898551710,1,
T-sameregion-optimistic@n48-c100,863,1791053190765574079,1896944532,1,
T-sameregion-optimistic@n48-c100,864,1791053190825522487,1935052429,1,
T-sameregion-optimistic@n48-c100,865,1791053190876443691,1910794465,1,
T-sameregion-optimistic@n48-c100,866,1791053190970300785,1879555039,1,
T-sameregion-optimistic@n48-c100,868,1791053191064093850,1897849016,1,
T-sameregion-optimistic@n48-c100,867,1791053191060738244,1912240340,1,
T-sameregion-optimistic@n48-c100,869,1791053191064848093,2002606595,1,
T-sameregion-optimistic@n48-c100,871,1791053191067453042,2003718341,0,Internal error occurred: failed to generate token: while signing jwt: rpc error: code = Unavailable desc = token signing failed: threshold not met
T-sameregion-optimistic@n48-c100,870,1791053191067063181,2004357264,0,Internal error occurred: failed to generate token: while signing jwt: rpc error: code = Unavailable desc = token signing failed: threshold not met
T-sameregion-optimistic@n48-c100,872,1791053191069391808,2003578636,0,Internal error occurred: failed to generate token: while signing jwt: rpc error: code = Unavailable desc = token signing failed: threshold not met
T-sameregion-optimistic@n48-c100,873,1791053191082354045,2004734378,0,Internal error occurred: failed to generate token: while signing jwt: rpc error: code = Unavailable desc = token signing failed: threshold not met
T-sameregion-optimistic@n48-c100,874,1791053191082508636,2004674880,0,Internal error occurred: failed to generate token: while signing jwt: rpc error: code = Unavailable desc = token signing failed: threshold not met
T-sameregion-optimistic@n48-c100,875,1791053191088851829,2003665328,0,Internal error occurred: failed to generate token: while signing jwt: rpc error: code = Unavailable desc = token signing failed: threshold not met
T-sameregion-optimistic@n48-c100,877,1791053191091793284,2003630729,0,Internal error occurred: failed to generate token: while signing jwt: rpc error: code = Unavailable desc = token signing failed: threshold not met
T-sameregion-optimistic@n48-c100,876,1791053191091372658,2004051318,0,Internal error occurred: failed to generate token: while signing jwt: rpc error: code = Unavailable desc = token signing failed: threshold not met
T-sameregion-optimistic@n48-c100,878,1791053191091988932,2003529669,0,Internal error occurred: failed to generate token: while signing jwt: rpc error: code = Unavailable desc = token signing failed: threshold not met
T-sameregion-optimistic@n48-c100,879,1791053191095055498,2003496083,0,Internal error occurred: failed to generate token: while signing jwt: rpc error: code = Unavailable desc = token signing failed: threshold not met
T-sameregion-optimistic@n48-c100,880,1791053191097154822,2003266978,0,Internal error occurred: failed to generate token: while signing jwt: rpc error: code = Unavailable desc = token signing failed: threshold not met
T-sameregion-optimistic@n48-c100,881,1791053191097334078,2003506355,0,Internal error occurred: failed to generate token: while signing jwt: rpc error: code = Unavailable desc = token signing failed: threshold not met
T-sameregion-optimistic@n48-c100,882,1791053191104086791,2008339290,0,Internal error occurred: failed to generate token: while signing jwt: rpc error: code = Unavailable desc = token signing failed: threshold not met
T-sameregion-optimistic@n48-c100,883,1791053191105068750,2007357324,0,Internal error occurred: failed to generate token: while signing jwt: rpc error: code = Unavailable desc = token signing failed: threshold not met
T-sameregion-optimistic@n48-c100,884,1791053191105612433,2007611295,0,Internal error occurred: failed to generate token: while signing jwt: rpc error: code = Unavailable desc = token signing failed: threshold not met
T-sameregion-optimistic@n48-c100,887,1791053191107439926,2005783804,0,Internal error occurred: failed to generate token: while signing jwt: rpc error: code = Unavailable desc = token signing failed: threshold not met
T-sameregion-optimistic@n48-c100,885,1791053191105665409,2008392454,0,Internal error occurred: failed to generate token: while signing jwt: rpc error: code = Unavailable desc = token signing failed: threshold not met
T-sameregion-optimistic@n48-c100,888,1791053191107937287,2006499568,0,Internal error occurred: failed to generate token: while signing jwt: rpc error: code = Unavailable desc = token signing failed: threshold not met
T-sameregion-optimistic@n48-c100,886,1791053191105826412,2009043847,0,Internal error occurred: failed to generate token: while signing jwt: rpc error: code = Unavailable desc = token signing failed: threshold not met
T-sameregion-optimistic@n48-c100,890,1791053191110328839,2004625406,0,Internal error occurred: failed to generate token: while signing jwt: rpc error: code = Unavailable desc = token signing failed: threshold not met
T-sameregion-optimistic@n48-c100,889,1791053191110328260,2004837404,0,Internal error occurred: failed to generate token: while signing jwt: rpc error: code = Unavailable desc = token signing failed: threshold not met
T-sameregion-optimistic@n48-c100,891,1791053191111713633,2003807329,0,Internal error occurred: failed to generate token: while signing jwt: rpc error: code = Unavailable desc = token signing failed: threshold not met
T-sameregion-optimistic@n48-c100,892,1791053191113524578,2003527356,0,Internal error occurred: failed to generate token: while signing jwt: rpc error: code = Unavailable desc = token signing failed: threshold not met
T-sameregion-optimistic@n48-c100,894,1791053191114565439,2002555901,0,Internal error occurred: failed to generate token: while signing jwt: rpc error: code = Unavailable desc = token signing failed: threshold not met
T-sameregion-optimistic@n48-c100,893,1791053191114480978,2003002794,0,Internal error occurred: failed to generate token: while signing jwt: rpc error: code = Unavailable desc = token signing failed: threshold not met
T-sameregion-optimistic@n48-c100,896,1791053191119166835,2004327570,0,Internal error occurred: failed to generate token: while signing jwt: rpc error: code = Unavailable desc = token signing failed: threshold not met
T-sameregion-optimistic@n48-c100,897,1791053191119946387,2003670035,0,Internal error occurred: failed to generate token: while signing jwt: rpc error: code = Unavailable desc = token signing failed: threshold not met
T-sameregion-optimistic@n48-c100,895,1791053191118764972,2005013493,0,Internal error occurred: failed to generate token: while signing jwt: rpc error: code = Unavailable desc = token signing failed: threshold not met
T-sameregion-optimistic@n48-c100,898,1791053191122828084,2003455748,0,Internal error occurred: failed to generate token: while signing jwt: rpc error: code = Unavailable desc = token signing failed: threshold not met
T-sameregion-optimistic@n48-c100,899,1791053191122896403,2003572455,0,Internal error occurred: failed to generate token: while signing jwt: rpc error: code = Unavailable desc = token signing failed: threshold not met
T-sameregion-optimistic@n48-c100,903,1791053191125566758,2003965964,0,Internal error occurred: failed to generate token: while signing jwt: rpc error: code = Unavailable desc = token signing failed: threshold not met
T-sameregion-optimistic@n48-c100,901,1791053191125363581,2004407940,0,Internal error occurred: failed to generate token: while signing jwt: rpc error: code = Unavailable desc = token signing failed: threshold not met
T-sameregion-optimistic@n48-c100,900,1791053191124621728,2005149817,0,Internal error occurred: failed to generate token: while signing jwt: rpc error: code = Unavailable desc = token signing failed: threshold not met
T-sameregion-optimistic@n48-c100,921,1791053191162004247,1968251383,0,Internal error occurred: failed to generate token: while signing jwt: rpc error: code = Unavailable desc = token signing failed: threshold not met
T-sameregion-optimistic@n48-c100,924,1791053191169232775,1961023033,0,Internal error occurred: failed to generate token: while signing jwt: rpc error: code = Unavailable desc = token signing failed: threshold not met
T-sameregion-optimistic@n48-c100,902,1791053191125365128,2004923516,0,Internal error occurred: failed to generate token: while signing jwt: rpc error: code = Unavailable desc = token signing failed: threshold not met
T-sameregion-optimistic@n48-c100,906,1791053191142004063,2004120792,0,Internal error occurred: failed to generate token: while signing jwt: rpc error: code = Unavailable desc = token signing failed: threshold not met
T-sameregion-optimistic@n48-c100,907,1791053191142678621,2006477990,0,Internal error occurred: failed to generate token: while signing jwt: rpc error: code = Unavailable desc = token signing failed: threshold not met
T-sameregion-optimistic@n48-c100,905,1791053191142004351,2007855944,0,Internal error occurred: failed to generate token: while signing jwt: rpc error: code = Unavailable desc = token signing failed: threshold not met
T-sameregion-optimistic@n48-c100,910,1791053191146704804,2003687016,0,Internal error occurred: failed to generate token: while signing jwt: rpc error: code = Unavailable desc = token signing failed: threshold not met
T-sameregion-optimistic@n48-c100,909,1791053191146140357,2004706500,0,Internal error occurred: failed to generate token: while signing jwt: rpc error: code = Unavailable desc = token signing failed: threshold not met
T-sameregion-optimistic@n48-c100,908,1791053191144785175,2006290505,0,Internal error occurred: failed to generate token: while signing jwt: rpc error: code = Unavailable desc = token signing failed: threshold not met
T-sameregion-optimistic@n48-c100,913,1791053191153285356,2001572489,0,Internal error occurred: failed to generate token: while signing jwt: rpc error: code = Unavailable desc = token signing failed: threshold not met
T-sameregion-optimistic@n48-c100,912,1791053191152557600,2004009942,0,Internal error occurred: failed to generate token: while signing jwt: rpc error: code = Unavailable desc = token signing failed: threshold not met
T-sameregion-optimistic@n48-c100,914,1791053191155316291,2002869393,0,Internal error occurred: failed to generate token: while signing jwt: rpc error: code = Unavailable desc = token signing failed: threshold not met
T-sameregion-optimistic@n48-c100,915,1791053191155931736,2003655631,0,Internal error occurred: failed to generate token: while signing jwt: rpc error: code = Unavailable desc = token signing failed: threshold not met
T-sameregion-optimistic@n48-c100,917,1791053191158653655,2003631215,0,Internal error occurred: failed to generate token: while signing jwt: rpc error: code = Unavailable desc = token signing failed: threshold not met
T-sameregion-optimistic@n48-c100,918,1791053191158655959,2003825811,0,Internal error occurred: failed to generate token: while signing jwt: rpc error: code = Unavailable desc = token signing failed: threshold not met
T-sameregion-optimistic@n48-c100,920,1791053191160742095,2002307590,0,Internal error occurred: failed to generate token: while signing jwt: rpc error: code = Unavailable desc = token signing failed: threshold not met
T-sameregion-optimistic@n48-c100,929,1791053191246204576,1919318487,0,Internal error occurred: failed to generate token: while signing jwt: rpc error: code = Unavailable desc = token signing failed: threshold not met
T-sameregion-optimistic@n48-c100,931,1791053191250146895,1915455980,0,Internal error occurred: failed to generate token: while signing jwt: rpc error: code = Unavailable desc = token signing failed: threshold not met
T-sameregion-optimistic@n48-c100,927,1791053191225260961,1941555252,0,Internal error occurred: failed to generate token: while signing jwt: rpc error: code = Unavailable desc = token signing failed: threshold not met
T-sameregion-optimistic@n48-c100,934,1791053191255501275,1915562614,0,Internal error occurred: failed to generate token: while signing jwt: rpc error: code = Unavailable desc = token signing failed: threshold not met
T-sameregion-optimistic@n48-c100,926,1791053191225031270,1974513622,0,Internal error occurred: failed to generate token: while signing jwt: rpc error: code = Unavailable desc = token signing failed: threshold not met
T-sameregion-optimistic@n48-c100,937,1791053191300681189,1922202490,0,Internal error occurred: failed to generate token: while signing jwt: rpc error: code = Unavailable desc = token signing failed: threshold not met
T-sameregion-optimistic@n48-c100,930,1791053191246204171,1995486757,0,Internal error occurred: failed to generate token: while signing jwt: rpc error: code = Unavailable desc = token signing failed: threshold not met
T-sameregion-optimistic@n48-c100,932,1791053191250146738,2004484448,0,Internal error occurred: failed to generate token: while signing jwt: rpc error: code = Unavailable desc = token signing failed: threshold not met
T-sameregion-optimistic@n48-c100,936,1791053191266723897,2004455483,0,Internal error occurred: failed to generate token: while signing jwt: rpc error: code = Unavailable desc = token signing failed: threshold not met
T-sameregion-optimistic@n48-c100,938,1791053191305274521,2003752341,0,Internal error occurred: failed to generate token: while signing jwt: rpc error: code = Unavailable desc = token signing failed: threshold not met
T-sameregion-optimistic@n48-c100,940,1791053191326125602,1985739659,0,Internal error occurred: failed to generate token: while signing jwt: rpc error: code = Unavailable desc = token signing failed: threshold not met
T-sameregion-optimistic@n48-c100,950,1791053191370469937,1948398918,0,Internal error occurred: failed to generate token: while signing jwt: rpc error: code = Unavailable desc = token signing failed: threshold not met
T-sameregion-optimistic@n48-c100,944,1791053191349681468,2004321928,0,Internal error occurred: failed to generate token: while signing jwt: rpc error: code = Unavailable desc = token signing failed: threshold not met
T-sameregion-optimistic@n48-c100,945,1791053191366667463,2005386067,0,Internal error occurred: failed to generate token: while signing jwt: rpc error: code = Unavailable desc = token signing failed: threshold not met
T-sameregion-optimistic@n48-c100,949,1791053191370463635,2003882867,0,Internal error occurred: failed to generate token: while signing jwt: rpc error: code = Unavailable desc = token signing failed: threshold not met
T-sameregion-optimistic@n48-c100,951,1791053191399777062,1984783924,0,Internal error occurred: failed to generate token: while signing jwt: rpc error: code = Unavailable desc = token signing failed: threshold not met
T-sameregion-optimistic@n48-c100,956,1791053191461519509,1927013439,0,Internal error occurred: failed to generate token: while signing jwt: rpc error: code = Unavailable desc = token signing failed: threshold not met
T-sameregion-optimistic@n48-c100,955,1791053191446887936,1977095787,0,Internal error occurred: failed to generate token: while signing jwt: rpc error: code = Unavailable desc = token signing failed: threshold not met
T-sameregion-optimistic@n48-c100,953,1791053191446248946,1982101041,0,Internal error occurred: failed to generate token: while signing jwt: rpc error: code = Unavailable desc = token signing failed: threshold not met
T-sameregion-optimistic@n48-c100,959,1791053191524546177,1923795266,0,Internal error occurred: failed to generate token: while signing jwt: rpc error: code = Unavailable desc = token signing failed: threshold not met
T-sameregion-optimistic@n48-c100,952,1791053191444236538,2004120607,0,Internal error occurred: failed to generate token: while signing jwt: rpc error: code = Unavailable desc = token signing failed: threshold not met
T-sameregion-optimistic@n48-c100,960,1791053191554698159,1918439959,0,Internal error occurred: failed to generate token: while signing jwt: rpc error: code = Unavailable desc = token signing failed: threshold not met
T-sameregion-optimistic@n48-c100,958,1791053191515479471,1961086603,0,Internal error occurred: failed to generate token: while signing jwt: rpc error: code = Unavailable desc = token signing failed: threshold not met
T-sameregion-optimistic@n48-c100,961,1791053191559885240,2004425969,0,Internal error occurred: failed to generate token: while signing jwt: rpc error: code = Unavailable desc = token signing failed: threshold not met
T-sameregion-optimistic@n48-c100,962,1791053191610713166,1959388997,0,Internal error occurred: failed to generate token: while signing jwt: rpc error: code = Unavailable desc = token signing failed: threshold not met
T-sameregion-optimistic@n48-c100,963,1791053191655275196,1976807255,0,Internal error occurred: failed to generate token: while signing jwt: rpc error: code = Unavailable desc = token signing failed: threshold not met
T-sameregion-optimistic@n48-c100,964,1791053191704787766,1944416632,1,
T-sameregion-optimistic@n48-c100,966,1791053191746170064,1939507559,0,Internal error occurred: failed to generate token: while signing jwt: rpc error: code = Unavailable desc = token signing failed: threshold not met
T-sameregion-optimistic@n48-c100,967,1791053191746228000,1953589428,0,Internal error occurred: failed to generate token: while signing jwt: rpc error: code = Unavailable desc = token signing failed: threshold not met
T-sameregion-optimistic@n48-c100,965,1791053191746166506,1995325101,1,
T-sameregion-optimistic@n48-c100,968,1791053191816291389,1946628907,1,
T-sameregion-optimistic@n48-c100,969,1791053191875284239,1979487245,1,
T-sameregion-optimistic@n48-c100,970,1791053191969162469,1914058934,1,
T-sameregion-optimistic@n48-c100,971,1791053192021120987,1936045376,1,
T-sameregion-optimistic@n48-c100,972,1791053192047469922,1989865880,1,
T-sameregion-optimistic@n48-c100,973,1791053192079573719,1990530400,1,
T-sameregion-optimistic@n48-c100,974,1791053192172078944,1915852255,1,
T-sameregion-optimistic@n48-c100,976,1791053192255694115,1913789884,1,
T-sameregion-optimistic@n48-c100,975,1791053192189343738,1990323450,0,Internal error occurred: failed to generate token: while signing jwt: rpc error: code = Unavailable desc = token signing failed: threshold not met
T-sameregion-optimistic@n48-c100,977,1791053192348994433,1913468097,1,
T-sameregion-optimistic@n48-c100,978,1791053192362562153,1971653109,1,
T-sameregion-optimistic@n48-c100,979,1791053192435749757,1990725643,1,
T-sameregion-optimistic@n48-c100,980,1791053192505180607,1968590286,1,
T-sameregion-optimistic@n48-c100,981,1791053192571339938,1932467927,1,
T-sameregion-optimistic@n48-c100,982,1791053192662524619,1898681332,1,
T-sameregion-optimistic@n48-c100,983,1791053192760580680,1893471776,1,
T-sameregion-optimistic@n48-c100,984,1791053192787244181,1894400138,1,
T-sameregion-optimistic@n48-c100,985,1791053192849861068,1923540835,1,
T-sameregion-optimistic@n48-c100,986,1791053192961947931,1874503917,1,
T-sameregion-optimistic@n48-c100,987,1791053192972984037,1939879339,1,
T-sameregion-optimistic@n48-c100,988,1791053193067460852,1899271569,1,
T-sameregion-optimistic@n48-c100,991,1791053193072974254,1999480175,0,Internal error occurred: failed to generate token: while signing jwt: rpc error: code = Unavailable desc = token signing failed: threshold not met
T-sameregion-optimistic@n48-c100,989,1791053193071177154,2001277282,0,Internal error occurred: failed to generate token: while signing jwt: rpc error: code = Unavailable desc = token signing failed: threshold not met
T-sameregion-optimistic@n48-c100,990,1791053193071423653,2001060417,1,
T-sameregion-optimistic@n48-c100,992,1791053193087094215,2005592708,0,Internal error occurred: failed to generate token: while signing jwt: rpc error: code = Unavailable desc = token signing failed: threshold not met
T-sameregion-optimistic@n48-c100,993,1791053193087187215,2005518332,0,Internal error occurred: failed to generate token: while signing jwt: rpc error: code = Unavailable desc = token signing failed: threshold not met
T-sameregion-optimistic@n48-c100,994,1791053193092522465,2004434239,0,Internal error occurred: failed to generate token: while signing jwt: rpc error: code = Unavailable desc = token signing failed: threshold not met
T-sameregion-optimistic@n48-c100,995,1791053193095428850,2004949304,0,Internal error occurred: failed to generate token: while signing jwt: rpc error: code = Unavailable desc = token signing failed: threshold not met
T-sameregion-optimistic@n48-c100,996,1791053193095428595,2007168323,0,Internal error occurred: failed to generate token: while signing jwt: rpc error: code = Unavailable desc = token signing failed: threshold not met
T-sameregion-optimistic@n48-c100,998,1791053193098555489,2004041551,0,Internal error occurred: failed to generate token: while signing jwt: rpc error: code = Unavailable desc = token signing failed: threshold not met
T-sameregion-optimistic@n48-c100,997,1791053193095520845,2007795481,0,Internal error occurred: failed to generate token: while signing jwt: rpc error: code = Unavailable desc = token signing failed: threshold not met
T-sameregion-optimistic@n48-c100,999,1791053193100427146,2004194197,0,Internal error occurred: failed to generate token: while signing jwt: rpc error: code = Unavailable desc = token signing failed: threshold not met
T-sameregion-optimistic@n48-c100,1000,1791053193100844305,2003779693,0,Internal error occurred: failed to generate token: while signing jwt: rpc error: code = Unavailable desc = token signing failed: threshold not met
