label,seq,start_unix_ns,latency_ns,ok,error
T-sameregion-optimistic@v2nb-c100,3,1791053692469919316,32282509,0,Internal error occurred: failed to generate token: while signing jwt: rpc error: code = Unavailable desc = token signing failed: threshold not met
T-sameregion-optimistic@v2nb-c100,36,1791053692471286167,119567211,0,Internal error occurred: failed to generate token: while signing jwt: rpc error: code = Unavailable desc = token signing failed: threshold not met
T-sameregion-optimistic@v2nb-c100,38,1791053692471363244,119822129,0,Internal error occurred: failed to generate token: while signing jwt: rpc error: code = Unavailable desc = token signing failed: threshold not met
T-sameregion-optimistic@v2nb-c100,41,1791053692471476961,119731380,0,Internal error occurred: failed to generate token: while signing jwt: rpc error: code = Unavailable desc = token signing failed: threshold not met
T-sameregion-optimistic@v2nb-c100,34,1791053692471213462,120187404,0,Internal error occurred: failed to generate token: while signing jwt: rpc error: code = Unavailable desc = token signing failed: threshold not met
T-sameregion-optimistic@v2nb-c100,54,1791053692471970913,119449393,0,Internal error occurred: failed to generate token: while signing jwt: rpc error: code = Unavailable desc = token signing failed: threshold not met
T-sameregion-optimistic@v2nb-c100,49,1791053692471764895,119860969,0,Internal error occurred: failed to generate token: while signing jwt: rpc error: code = Unavailable desc = token signing failed: threshold not met
T-sameregion-optimistic@v2nb-c100,32,1791053692471128495,120508098,0,Internal error occurred: failed to generate token: while signing jwt: rpc error: code = Unavailable desc = token signing failed: threshold not met
T-sameregion-optimistic@v2nb-c100,6,1791053692470052325,121794233,0,Internal error occurred: failed to generate token: while signing jwt: rpc error: code = Unavailable desc = token signing failed: threshold not met
T-sameregion-optimistic@v2nb-c100,8,1791053692470148181,127059930,0,Internal error occurred: failed to generate token: while signing jwt: rpc error: code = Unavailable desc = token signing failed: threshold not met
T-sameregion-optimistic@v2nb-c100,10,1791053692470233937,126974285,0,Internal error occurred: failed to generate token: while signing jwt: rpc error: code = Unavailable desc = token signing failed: threshold not met
T-sameregion-optimistic@v2nb-c100,14,1791053692470422582,132740482,0,Internal error occurred: failed to generate token: while signing jwt: rpc error: code = Unavailable desc = token signing failed: threshold not met
T-sameregion-optimistic@v2nb-c100,57,1791053692472089365,131095189,0,Internal error occurred: failed to generate token: while signing jwt: rpc error: code = Unavailable desc = token signing failed: threshold not met
T-sameregion-optimistic@v2nb-c100,5,1791053692470003982,133982126,0,Internal error occurred: failed to generate token: while signing jwt: rpc error: code = Unavailable desc = token signing failed: threshold not met
T-sameregion-optimistic@v2nb-c100,7,1791053692470103575,133928385,0,Internal error occurred: failed to generate token: while signing jwt: rpc error: code = Unavailable desc = token signing failed: threshold not met
T-sameregion-optimistic@v2nb-c100,20,1791053692470651012,150841268,0,Internal error occurred: failed to generate token: while signing jwt: rpc error: code = Unavailable desc = token signing failed: threshold not met
T-sameregion-optimistic@v2nb-c100,4,1791053692469966553,151525625,0,Internal error occurred: failed to generate token: while signing jwt: rpc error: code = Unavailable desc = token signing failed: threshold not met
T-sameregion-optimistic@v2nb-c100,17,1791053692470532639,174018699,1,
T-sameregion-optimistic@v2nb-c100,52,1791053692471865471,180128817,0,Internal error occurred: failed to generate token: while signing jwt: rpc error: code = Unavailable desc = token signing failed: threshold not met
T-sameregion-optimistic@v2nb-c100,9,1791053692470187354,181839702,0,Internal error occurred: failed to generate token: while signing jwt: rpc error: code = Unavailable desc = token signing failed: threshold not met
T-sameregion-optimistic@v2nb-c100,35,1791053692471248667,181058885,0,Internal error occurred: failed to generate token: while signing jwt: rpc error: code = Unavailable desc = token signing failed: threshold not met
T-sameregion-optimistic@v2nb-c100,24,1791053692470805426,273815539,0,Internal error occurred: failed to generate token: while signing jwt: rpc error: code = Unavailable desc = token signing failed: threshold not met
T-sameregion-optimistic@v2nb-c100,23,1791053692470766365,274156451,0,Internal error occurred: failed to generate token: while signing jwt: rpc error: code = Unavailable desc = token signing failed: threshold not met
T-sameregion-optimistic@v2nb-c100,64,1791053692472439191,272740105,0,Internal error occurred: failed to generate token: while signing jwt: rpc error: code = Unavailable desc = token signing failed: threshold not met
T-sameregion-optimistic@v2nb-c100,72,1791053692472758687,272478886,0,Internal error occurred: failed to generate token: while signing jwt: rpc error: code = Unavailable desc = token signing failed: threshold not met
T-sameregion-optimistic@v2nb-c100,73,1791053692472798031,272565415,0,Internal error occurred: failed to generate token: while signing jwt: rpc error: code = Unavailable desc = token signing failed: threshold not met
T-sameregion-optimistic@v2nb-c100,25,1791053692470837356,274587083,0,Internal error occurred: failed to generate token: while signing jwt: rpc error: code = Unavailable desc = token signing failed: threshold not met
T-sameregion-optimistic@v2nb-c100,60,1791053692472268454,273276621,0,Internal error occurred: failed to generate token: while signing jwt: rpc error: code = Unavailable desc = token signing failed: threshold not met
T-sameregion-optimistic@v2nb-c100,115,1791053692604034864,144914467,0,Internal error occurred: failed to generate token: while signing jwt: rpc error: code = Unavailable desc = token signing failed: threshold not met
T-sameregion-optimistic@v2nb-c100,75,1791053692472873161,276271111,0,Internal error occurred: failed to generate token: while signing jwt: rpc error: code = Unavailable desc = token signing failed: threshold not met
T-sameregion-optimistic@v2nb-c100,62,1791053692472344102,276992008,0,Internal error occurred: failed to generate token: while signing jwt: rpc error: code = Unavailable desc = token signing failed: threshold not met
T-sameregion-optimistic@v2nb-c100,104,1791053692591211246,160611776,0,Internal error occurred: failed to generate token: while signing jwt: rpc error: code = Unavailable desc = token signing failed: threshold not met
T-sameregion-optimistic@v2nb-c100,65,1791053692472480620,283531318,0,Internal error occurred: failed to generate token: while signing jwt: rpc error: code = Unavailable desc = token signing failed: threshold not met
T-sameregion-optimistic@v2nb-c100,108,1791053692591639272,164422226,0,Internal error occurred: failed to generate token: while signing jwt: rpc error: code = Unavailable desc = token signing failed: threshold not met
T-sameregion-optimistic@v2nb-c100,111,1791053692597213116,159063180,0,Internal error occurred: failed to generate token: while signing jwt: rpc error: code = Unavailable desc = token signing failed: threshold not met
T-sameregion-optimistic@v2nb-c100,94,1791053692473668533,282701368,0,Internal error occurred: failed to generate token: while signing jwt: rpc error: code = Unavailable desc = token signing failed: threshold not met
T-sameregion-optimistic@v2nb-c100,92,1791053692473595152,282785682,0,Internal error occurred: failed to generate token: while signing jwt: rpc error: code = Unavailable desc = token signing failed: threshold not met
T-sameregion-optimistic@v2nb-c100,101,1791053692502209305,254276499,0,Internal error occurred: failed to generate token: while signing jwt: rpc error: code = Unavailable desc = token signing failed: threshold not met
T-sameregion-optimistic@v2nb-c100,51,1791053692471837386,284665499,0,Internal error occurred: failed to generate token: while signing jwt: rpc error: code = Unavailable desc = token signing failed: threshold not met
T-sameregion-optimistic@v2nb-c100,97,1791053692473790688,282816610,0,Internal error occurred: failed to generate token: while signing jwt: rpc error: code = Unavailable desc = token signing failed: threshold not met
T-sameregion-optimistic@v2nb-c100,42,1791053692471517900,285122038,0,Internal error occurred: failed to generate token: while signing jwt: rpc error: code = Unavailable desc = token signing failed: threshold not met
T-sameregion-optimistic@v2nb-c100,121,1791053692652311191,104376353,0,Internal error occurred: failed to generate token: while signing jwt: rpc error: code = Unavailable desc = token signing failed: threshold not met
T-sameregion-optimistic@v2nb-c100,89,1791053692473477319,283347944,0,Internal error occurred: failed to generate token: while signing jwt: rpc error: code = Unavailable desc = token signing failed: threshold not met
T-sameregion-optimistic@v2nb-c100,67,1791053692472561872,284403114,0,Internal error occurred: failed to generate token: while signing jwt: rpc error: code = Unavailable desc = token signing failed: threshold not met
T-sameregion-optimistic@v2nb-c100,2,1791053692469810104,287155284,0,Internal error occurred: failed to generate token: while signing jwt: rpc error: code = Unavailable desc = token signing failed: threshold not met
T-sameregion-optimistic@v2nb-c100,63,1791053692472400240,286408299,0,Internal error occurred: failed to generate token: while signing jwt: rpc error: code = Unavailable desc = token signing failed: threshold not met
T-sameregion-optimistic@v2nb-c100,13,1791053692470360115,289213211,0,Internal error occurred: failed to generate token: while signing jwt: rpc error: code = Unavailable desc = token signing failed: threshold not met
T-sameregion-optimistic@v2nb-c100,69,1791053692472642374,286930953,0,Internal error occurred: failed to generate token: while signing jwt: rpc error: code = Unavailable desc = token signing failed: threshold not met
T-sameregion-optimistic@v2nb-c100,37,1791053692471334155,288522367,0,Internal error occurred: failed to generate token: while signing jwt: rpc error: code = Unavailable desc = token signing failed: threshold not met
T-sameregion-optimistic@v2nb-c100,22,1791053692470727921,289189719,0,Internal error occurred: failed to generate token: while signing jwt: rpc error: code = Unavailable desc = token signing failed: threshold not met
T-sameregion-optimistic@v2nb-c100,119,1791053692652000553,108097702,0,Internal error occurred: failed to generate token: while signing jwt: rpc error: code = Unavailable desc = token signing failed: threshold not met
T-sameregion-optimistic@v2nb-c100,105,1791053692591404921,171110683,0,Internal error occurred: failed to generate token: while signing jwt: rpc error: code = Unavailable desc = token signing failed: threshold not met
T-sameregion-optimistic@v2nb-c100,84,1791053692473277990,289274138,0,Internal error occurred: failed to generate token: while signing jwt: rpc error: code = Unavailable desc = token signing failed: threshold not met
T-sameregion-optimistic@v2nb-c100,66,1791053692472524530,290168316,0,Internal error occurred: failed to generate token: while signing jwt: rpc error: code = Unavailable desc = token signing failed: threshold not met
T-sameregion-optimistic@v2nb-c100,87,1791053692473389819,289323341,0,Internal error occurred: failed to generate token: while signing jwt: rpc error: code = Unavailable desc = token signing failed: threshold not met
T-sameregion-optimistic@v2nb-c100,103,1791053692591189237,171625515,0,Internal error occurred: failed to generate token: while signing jwt: rpc error: code = Unavailable desc = token signing failed: threshold not met
T-sameregion-optimistic@v2nb-c100,110,1791053692597212863,167314609,0,Internal error occurred: failed to generate token: while signing jwt: rpc error: code = Unavailable desc = token signing failed: threshold not met
T-sameregion-optimistic@v2nb-c100,114,1791053692603991273,161980209,0,Internal error occurred: failed to generate token: while signing jwt: rpc error: code = Unavailable desc = token signing failed: threshold not met
T-sameregion-optimistic@v2nb-c100,116,1791053692621497810,145803277,0,Internal error occurred: failed to generate token: while signing jwt: rpc error: code = Unavailable desc = token signing failed: threshold not met
T-sameregion-optimistic@v2nb-c100,102,1791053692590858584,178476884,0,Internal error occurred: failed to generate token: while signing jwt: rpc error: code = Unavailable desc = token signing failed: threshold not met
T-sameregion-optimistic@v2nb-c100,96,1791053692473750282,295592349,0,Internal error occurred: failed to generate token: while signing jwt: rpc error: code = Unavailable desc = token signing failed: threshold not met
T-sameregion-optimistic@v2nb-c100,107,1791053692591628448,177821768,0,Internal error occurred: failed to generate token: while signing jwt: rpc error: code = Unavailable desc = token signing failed: threshold not met
T-sameregion-optimistic@v2nb-c100,79,1791053692473048587,299394141,0,Internal error occurred: failed to generate token: while signing jwt: rpc error: code = Unavailable desc = token signing failed: threshold not met
T-sameregion-optimistic@v2nb-c100,95,1791053692473709016,298733674,0,Internal error occurred: failed to generate token: while signing jwt: rpc error: code = Unavailable desc = token signing failed: threshold not met
T-sameregion-optimistic@v2nb-c100,88,1791053692473433992,301016815,0,Internal error occurred: failed to generate token: while signing jwt: rpc error: code = Unavailable desc = token signing failed: threshold not met
T-sameregion-optimistic@v2nb-c100,85,1791053692473321863,301128973,0,Internal error occurred: failed to generate token: while signing jwt: rpc error: code = Unavailable desc = token signing failed: threshold not met
T-sameregion-optimistic@v2nb-c100,26,1791053692470880187,303764778,0,Internal error occurred: failed to generate token: while signing jwt: rpc error: code = Unavailable desc = token signing failed: threshold not met
T-sameregion-optimistic@v2nb-c100,83,1791053692473204679,301498980,0,Internal error occurred: failed to generate token: while signing jwt: rpc error: code = Unavailable desc = token signing failed: threshold not met
T-sameregion-optimistic@v2nb-c100,1,1791053692469799129,304954661,0,Internal error occurred: failed to generate token: while signing jwt: rpc error: code = Unavailable desc = token signing failed: threshold not met
T-sameregion-optimistic@v2nb-c100,12,1791053692470326147,304444259,0,Internal error occurred: failed to generate token: while signing jwt: rpc error: code = Unavailable desc = token signing failed: threshold not met
T-sameregion-optimistic@v2nb-c100,39,1791053692471403754,303475211,1,
T-sameregion-optimistic@v2nb-c100,43,1791053692471553293,308062644,0,Internal error occurred: failed to generate token: while signing jwt: rpc error: code = Unavailable desc = token signing failed: threshold not met
T-sameregion-optimistic@v2nb-c100,47,1791053692471692752,307923209,0,Internal error occurred: failed to generate token: while signing jwt: rpc error: code = Unavailable desc = token signing failed: threshold not met
T-sameregion-optimistic@v2nb-c100,120,1791053692652029988,127691529,0,Internal error occurred: failed to generate token: while signing jwt: rpc error: code = Unavailable desc = token signing failed: threshold not met
T-sameregion-optimistic@v2nb-c100,112,1791053692603169674,176673323,0,Internal error occurred: failed to generate token: while signing jwt: rpc error: code = Unavailable desc = token signing failed: threshold not met
T-sameregion-optimistic@v2nb-c100,61,1791053692472306652,307588944,0,Internal error occurred: failed to generate token: while signing jwt: rpc error: code = Unavailable desc = token signing failed: threshold not met
T-sameregion-optimistic@v2nb-c100,113,1791053692603188082,176780437,0,Internal error occurred: failed to generate token: while signing jwt: rpc error: code = Unavailable desc = token signing failed: threshold not met
T-sameregion-optimistic@v2nb-c100,117,1791053692621497805,158529408,0,Internal error occurred: failed to generate token: while signing jwt: rpc error: code = Unavailable desc = token signing failed: threshold not met
T-sameregion-optimistic@v2nb-c100,68,1791053692472603989,307599321,0,Internal error occurred: failed to generate token: while signing jwt: rpc error: code = Unavailable desc = token signing failed: threshold not met
T-sameregion-optimistic@v2nb-c100,124,1791053692745181837,87524392,0,Internal error occurred: failed to generate token: while signing jwt: rpc error: code = Unavailable desc = token signing failed: threshold not met
T-sameregion-optimistic@v2nb-c100,123,1791053692744926538,103297096,0,Internal error occurred: failed to generate token: while signing jwt: rpc error: code = Unavailable desc = token signing failed: threshold not met
T-sameregion-optimistic@v2nb-c100,127,1791053692745427046,102799224,0,Internal error occurred: failed to generate token: while signing jwt: rpc error: code = Unavailable desc = token signing failed: threshold not met
T-sameregion-optimistic@v2nb-c100,134,1791053692756064266,100472803,0,Internal error occurred: failed to generate token: while signing jwt: rpc error: code = Unavailable desc = token signing failed: threshold not met
T-sameregion-optimistic@v2nb-c100,157,1791053692764531210,92238458,0,Internal error occurred: failed to generate token: while signing jwt: rpc error: code = Unavailable desc = token signing failed: threshold not met
T-sameregion-optimistic@v2nb-c100,158,1791053692765977018,90807116,0,Internal error occurred: failed to generate token: while signing jwt: rpc error: code = Unavailable desc = token signing failed: threshold not met
T-sameregion-optimistic@v2nb-c100,160,1791053692769339420,87535059,0,Internal error occurred: failed to generate token: while signing jwt: rpc error: code = Unavailable desc = token signing failed: threshold not met
T-sameregion-optimistic@v2nb-c100,178,1791053692780029285,77020619,0,Internal error occurred: failed to generate token: while signing jwt: rpc error: code = Unavailable desc = token signing failed: threshold not met
T-sameregion-optimistic@v2nb-c100,159,1791053692767305023,89762716,0,Internal error occurred: failed to generate token: while signing jwt: rpc error: code = Unavailable desc = token signing failed: threshold not met
T-sameregion-optimistic@v2nb-c100,140,1791053692756609388,100545131,0,Internal error occurred: failed to generate token: while signing jwt: rpc error: code = Unavailable desc = token signing failed: threshold not met
T-sameregion-optimistic@v2nb-c100,147,1791053692759576536,97734891,0,Internal error occurred: failed to generate token: while signing jwt: rpc error: code = Unavailable desc = token signing failed: threshold not met
T-sameregion-optimistic@v2nb-c100,138,1791053692756489793,100830159,0,Internal error occurred: failed to generate token: while signing jwt: rpc error: code = Unavailable desc = token signing failed: threshold not met
T-sameregion-optimistic@v2nb-c100,143,1791053692756828377,100641514,0,Internal error occurred: failed to generate token: while signing jwt: rpc error: code = Unavailable desc = token signing failed: threshold not met
T-sameregion-optimistic@v2nb-c100,168,1791053692774706817,87766732,0,Internal error occurred: failed to generate token: while signing jwt: rpc error: code = Unavailable desc = token signing failed: threshold not met
T-sameregion-optimistic@v2nb-c100,154,1791053692762695683,99965214,0,Internal error occurred: failed to generate token: while signing jwt: rpc error: code = Unavailable desc = token signing failed: threshold not met
T-sameregion-optimistic@v2nb-c100,172,1791053692779620724,83113219,0,Internal error occurred: failed to generate token: while signing jwt: rpc error: code = Unavailable desc = token signing failed: threshold not met
T-sameregion-optimistic@v2nb-c100,179,1791053692780207207,82669437,0,Internal error occurred: failed to generate token: while signing jwt: rpc error: code = Unavailable desc = token signing failed: threshold not met
T-sameregion-optimistic@v2nb-c100,139,1791053692756505107,106417432,0,Internal error occurred: failed to generate token: while signing jwt: rpc error: code = Unavailable desc = token signing failed: threshold not met
T-sameregion-optimistic@v2nb-c100,161,1791053692769345213,93775299,0,Internal error occurred: failed to generate token: while signing jwt: rpc error: code = Unavailable desc = token signing failed: threshold not met
T-sameregion-optimistic@v2nb-c100,153,1791053692762555164,100702206,0,Internal error occurred: failed to generate token: while signing jwt: rpc error: code = Unavailable desc = token signing failed: threshold not met
T-sameregion-optimistic@v2nb-c100,163,1791053692772446051,90833991,0,Internal error occurred: failed to generate token: while signing jwt: rpc error: code = Unavailable desc = token signing failed: threshold not met
T-sameregion-optimistic@v2nb-c100,152,1791053692762519407,100854210,0,Internal error occurred: failed to generate token: while signing jwt: rpc error: code = Unavailable desc = token signing failed: threshold not met
T-sameregion-optimistic@v2nb-c100,129,1791053692748953129,114460370,0,Internal error occurred: failed to generate token: while signing jwt: rpc error: code = Unavailable desc = token signing failed: threshold not met
T-sameregion-optimistic@v2nb-c100,132,1791053692751826244,111616056,0,Internal error occurred: failed to generate token: while signing jwt: rpc error: code = Unavailable desc = token signing failed: threshold not met
T-sameregion-optimistic@v2nb-c100,150,1791053692759920225,103560272,0,Internal error occurred: failed to generate token: while signing jwt: rpc error: code = Unavailable desc = token signing failed: threshold not met
T-sameregion-optimistic@v2nb-c100,165,1791053692774454111,89033252,0,Internal error occurred: failed to generate token: while signing jwt: rpc error: code = Unavailable desc = token signing failed: threshold not met
T-sameregion-optimistic@v2nb-c100,133,1791053692756017058,107518849,0,Internal error occurred: failed to generate token: while signing jwt: rpc error: code = Unavailable desc = token signing failed: threshold not met
T-sameregion-optimistic@v2nb-c100,167,1791053692774649323,88908971,0,Internal error occurred: failed to generate token: while signing jwt: rpc error: code = Unavailable desc = token signing failed: threshold not met
T-sameregion-optimistic@v2nb-c100,148,1791053692759576265,104004071,0,Internal error occurred: failed to generate token: while signing jwt: rpc error: code = Unavailable desc = token signing failed: threshold not met
T-sameregion-optimistic@v2nb-c100,146,1791053692758811705,104809210,0,Internal error occurred: failed to generate token: while signing jwt: rpc error: code = Unavailable desc = token signing failed: threshold not met
T-sameregion-optimistic@v2nb-c100,136,1791053692756372367,107253373,0,Internal error occurred: failed to generate token: while signing jwt: rpc error: code = Unavailable desc = token signing failed: threshold not met
T-sameregion-optimistic@v2nb-c100,135,1791053692756279188,116482258,0,Internal error occurred: failed to generate token: while signing jwt: rpc error: code = Unavailable desc = token signing failed: threshold not met
T-sameregion-optimistic@v2nb-c100,174,1791053692779723513,93037927,0,Internal error occurred: failed to generate token: while signing jwt: rpc error: code = Unavailable desc = token signing failed: threshold not met
T-sameregion-optimistic@v2nb-c100,175,1791053692779845432,92980217,0,Internal error occurred: failed to generate token: while signing jwt: rpc error: code = Unavailable desc = token signing failed: threshold not met
T-sameregion-optimistic@v2nb-c100,164,1791053692772446043,100728747,0,Internal error occurred: failed to generate token: while signing jwt: rpc error: code = Unavailable desc = token signing failed: threshold not met
T-sameregion-optimistic@v2nb-c100,144,1791053692756967221,116255769,0,Internal error occurred: failed to generate token: while signing jwt: rpc error: code = Unavailable desc = token signing failed: threshold not met
T-sameregion-optimistic@v2nb-c100,156,1791053692762816784,115697922,0,Internal error occurred: failed to generate token: while signing jwt: rpc error: code = Unavailable desc = token signing failed: threshold not met
T-sameregion-optimistic@v2nb-c100,149,1791053692759859598,119130586,0,Internal error occurred: failed to generate token: while signing jwt: rpc error: code = Unavailable desc = token signing failed: threshold not met
T-sameregion-optimistic@v2nb-c100,145,1791053692756967241,122786659,0,Internal error occurred: failed to generate token: while signing jwt: rpc error: code = Unavailable desc = token signing failed: threshold not met
T-sameregion-optimistic@v2nb-c100,142,1791053692756689528,127267760,0,Internal error occurred: failed to generate token: while signing jwt: rpc error: code = Unavailable desc = token signing failed: threshold not met
T-sameregion-optimistic@v2nb-c100,137,1791053692756390045,127585247,0,Internal error occurred: failed to generate token: while signing jwt: rpc error: code = Unavailable desc = token signing failed: threshold not met
T-sameregion-optimistic@v2nb-c100,162,1791053692769452471,114504892,0,Internal error occurred: failed to generate token: while signing jwt: rpc error: code = Unavailable desc = token signing failed: threshold not met
T-sameregion-optimistic@v2nb-c100,173,1791053692779620706,104463032,0,Internal error occurred: failed to generate token: while signing jwt: rpc error: code = Unavailable desc = token signing failed: threshold not met
T-sameregion-optimistic@v2nb-c100,151,1791053692760101139,185771028,0,Internal error occurred: failed to generate token: while signing jwt: rpc error: code = Unavailable desc = token signing failed: threshold not met
T-sameregion-optimistic@v2nb-c100,130,1791053692749147569,196777546,0,Internal error occurred: failed to generate token: while signing jwt: rpc error: code = Unavailable desc = token signing failed: threshold not met
T-sameregion-optimistic@v2nb-c100,170,1791053692774773100,171375483,0,Internal error occurred: failed to generate token: while signing jwt: rpc error: code = Unavailable desc = token signing failed: threshold not met
T-sameregion-optimistic@v2nb-c100,126,1791053692745366412,203688773,0,Internal error occurred: failed to generate token: while signing jwt: rpc error: code = Unavailable desc = token signing failed: threshold not met
T-sameregion-optimistic@v2nb-c100,166,1791053692774454047,174601360,0,Internal error occurred: failed to generate token: while signing jwt: rpc error: code = Unavailable desc = token signing failed: threshold not met
T-sameregion-optimistic@v2nb-c100,155,1791053692762716010,186417473,0,Internal error occurred: failed to generate token: while signing jwt: rpc error: code = Unavailable desc = token signing failed: threshold not met
T-sameregion-optimistic@v2nb-c100,131,1791053692749338762,199875372,0,Internal error occurred: failed to generate token: while signing jwt: rpc error: code = Unavailable desc = token signing failed: threshold not met
T-sameregion-optimistic@v2nb-c100,169,1791053692774756594,175042765,0,Internal error occurred: failed to generate token: while signing jwt: rpc error: code = Unavailable desc = token signing failed: threshold not met
T-sameregion-optimistic@v2nb-c100,171,1791053692774881892,177724611,0,Internal error occurred: failed to generate token: while signing jwt: rpc error: code = Unavailable desc = token signing failed: threshold not met
T-sameregion-optimistic@v2nb-c100,182,1791053692848229320,104422856,0,Internal error occurred: failed to generate token: while signing jwt: rpc error: code = Unavailable desc = token signing failed: threshold not met
T-sameregion-optimistic@v2nb-c100,181,1791053692848229322,104568762,0,Internal error occurred: failed to generate token: while signing jwt: rpc error: code = Unavailable desc = token signing failed: threshold not met
T-sameregion-optimistic@v2nb-c100,177,1791053692779970653,173523933,0,Internal error occurred: failed to generate token: while signing jwt: rpc error: code = Unavailable desc = token signing failed: threshold not met
T-sameregion-optimistic@v2nb-c100,141,1791053692756642957,200890539,0,Internal error occurred: failed to generate token: while signing jwt: rpc error: code = Unavailable desc = token signing failed: threshold not met
T-sameregion-optimistic@v2nb-c100,180,1791053692832711405,127295257,0,Internal error occurred: failed to generate token: while signing jwt: rpc error: code = Unavailable desc = token signing failed: threshold not met
T-sameregion-optimistic@v2nb-c100,194,1791053692862664143,97781179,0,Internal error occurred: failed to generate token: while signing jwt: rpc error: code = Unavailable desc = token signing failed: threshold not met
T-sameregion-optimistic@v2nb-c100,209,1791053692863623719,98793840,0,Internal error occurred: failed to generate token: while signing jwt: rpc error: code = Unavailable desc = token signing failed: threshold not met
T-sameregion-optimistic@v2nb-c100,217,1791053692878994258,84573922,0,Internal error occurred: failed to generate token: while signing jwt: rpc error: code = Unavailable desc = token signing failed: threshold not met
T-sameregion-optimistic@v2nb-c100,216,1791053692878518352,85083103,0,Internal error occurred: failed to generate token: while signing jwt: rpc error: code = Unavailable desc = token signing failed: threshold not met
T-sameregion-optimistic@v2nb-c100,202,1791053692863415053,100287817,0,Internal error occurred: failed to generate token: while signing jwt: rpc error: code = Unavailable desc = token signing failed: threshold not met
T-sameregion-optimistic@v2nb-c100,193,1791053692862481426,101253423,0,Internal error occurred: failed to generate token: while signing jwt: rpc error: code = Unavailable desc = token signing failed: threshold not met
T-sameregion-optimistic@v2nb-c100,187,1791053692857052703,106793409,0,Internal error occurred: failed to generate token: while signing jwt: rpc error: code = Unavailable desc = token signing failed: threshold not met
T-sameregion-optimistic@v2nb-c100,198,1791053692863123256,100726423,0,Internal error occurred: failed to generate token: while signing jwt: rpc error: code = Unavailable desc = token signing failed: threshold not met
T-sameregion-optimistic@v2nb-c100,184,1791053692856773275,107229886,0,Internal error occurred: failed to generate token: while signing jwt: rpc error: code = Unavailable desc = token signing failed: threshold not met
T-sameregion-optimistic@v2nb-c100,213,1791053692872827443,91175703,0,Internal error occurred: failed to generate token: while signing jwt: rpc error: code = Unavailable desc = token signing failed: threshold not met
T-sameregion-optimistic@v2nb-c100,214,1791053692873177299,91025149,0,Internal error occurred: failed to generate token: while signing jwt: rpc error: code = Unavailable desc = token signing failed: threshold not met
T-sameregion-optimistic@v2nb-c100,199,1791053692863260215,100952044,0,Internal error occurred: failed to generate token: while signing jwt: rpc error: code = Unavailable desc = token signing failed: threshold not met
T-sameregion-optimistic@v2nb-c100,208,1791053692863581914,100685637,0,Internal error occurred: failed to generate token: while signing jwt: rpc error: code = Unavailable desc = token signing failed: threshold not met
T-sameregion-optimistic@v2nb-c100,221,1791053692884016940,80354445,0,Internal error occurred: failed to generate token: while signing jwt: rpc error: code = Unavailable desc = token signing failed: threshold not met
T-sameregion-optimistic@v2nb-c100,220,1791053692883978645,80394224,0,Internal error occurred: failed to generate token: while signing jwt: rpc error: code = Unavailable desc = token signing failed: threshold not met
T-sameregion-optimistic@v2nb-c100,191,1791053692857322162,107146670,0,Internal error occurred: failed to generate token: while signing jwt: rpc error: code = Unavailable desc = token signing failed: threshold not met
T-sameregion-optimistic@v2nb-c100,183,1791053692856542434,107993126,0,Internal error occurred: failed to generate token: while signing jwt: rpc error: code = Unavailable desc = token signing failed: threshold not met
T-sameregion-optimistic@v2nb-c100,190,1791053692857313724,107287689,0,Internal error occurred: failed to generate token: while signing jwt: rpc error: code = Unavailable desc = token signing failed: threshold not met
T-sameregion-optimistic@v2nb-c100,206,1791053692863537463,101078266,0,Internal error occurred: failed to generate token: while signing jwt: rpc error: code = Unavailable desc = token signing failed: threshold not met
T-sameregion-optimistic@v2nb-c100,185,1791053692856786647,107985073,0,Internal error occurred: failed to generate token: while signing jwt: rpc error: code = Unavailable desc = token signing failed: threshold not met
T-sameregion-optimistic@v2nb-c100,195,1791053692862736908,102045750,0,Internal error occurred: failed to generate token: while signing jwt: rpc error: code = Unavailable desc = token signing failed: threshold not met
T-sameregion-optimistic@v2nb-c100,212,1791053692872766206,92159802,0,Internal error occurred: failed to generate token: while signing jwt: rpc error: code = Unavailable desc = token signing failed: threshold not met
T-sameregion-optimistic@v2nb-c100,225,1791053692946163963,23079671,0,Internal error occurred: failed to generate token: while signing jwt: rpc error: code = Unavailable desc = token signing failed: threshold not met
T-sameregion-optimistic@v2nb-c100,205,1791053692863489283,105770620,0,Internal error occurred: failed to generate token: while signing jwt: rpc error: code = Unavailable desc = token signing failed: threshold not met
T-sameregion-optimistic@v2nb-c100,219,1791053692883962435,85493237,0,Internal error occurred: failed to generate token: while signing jwt: rpc error: code = Unavailable desc = token signing failed: threshold not met
T-sameregion-optimistic@v2nb-c100,201,1791053692863375353,108785757,0,Internal error occurred: failed to generate token: while signing jwt: rpc error: code = Unavailable desc = token signing failed: threshold not met
T-sameregion-optimistic@v2nb-c100,196,1791053692862879208,111945060,0,Internal error occurred: failed to generate token: while signing jwt: rpc error: code = Unavailable desc = token signing failed: threshold not met
T-sameregion-optimistic@v2nb-c100,192,1791053692857472417,121693035,0,Internal error occurred: failed to generate token: while signing jwt: rpc error: code = Unavailable desc = token signing failed: threshold not met
T-sameregion-optimistic@v2nb-c100,44,1791053692471586619,509770846,1,
T-sameregion-optimistic@v2nb-c100,203,1791053692863444651,117925592,0,Internal error occurred: failed to generate token: while signing jwt: rpc error: code = Unavailable desc = token signing failed: threshold not met
T-sameregion-optimistic@v2nb-c100,186,1791053692856876768,124995932,0,Internal error occurred: failed to generate token: while signing jwt: rpc error: code = Unavailable desc = token signing failed: threshold not met
T-sameregion-optimistic@v2nb-c100,189,1791053692857156319,128540853,0,Internal error occurred: failed to generate token: while signing jwt: rpc error: code = Unavailable desc = token signing failed: threshold not met
T-sameregion-optimistic@v2nb-c100,204,1791053692863482269,123661123,0,Internal error occurred: failed to generate token: while signing jwt: rpc error: code = Unavailable desc = token signing failed: threshold not met
T-sameregion-optimistic@v2nb-c100,188,1791053692857069762,130192600,0,Internal error occurred: failed to generate token: while signing jwt: rpc error: code = Unavailable desc = token signing failed: threshold not met
T-sameregion-optimistic@v2nb-c100,197,1791053692862933387,126518657,0,Internal error occurred: failed to generate token: while signing jwt: rpc error: code = Unavailable desc = token signing failed: threshold not met
T-sameregion-optimistic@v2nb-c100,200,1791053692863282494,126179114,0,Internal error occurred: failed to generate token: while signing jwt: rpc error: code = Unavailable desc = token signing failed: threshold not met
T-sameregion-optimistic@v2nb-c100,211,1791053692872766212,116915725,0,Internal error occurred: failed to generate token: while signing jwt: rpc error: code = Unavailable desc = token signing failed: threshold not met
T-sameregion-optimistic@v2nb-c100,207,1791053692863560137,126152191,0,Internal error occurred: failed to generate token: while signing jwt: rpc error: code = Unavailable desc = token signing failed: threshold not met
T-sameregion-optimistic@v2nb-c100,215,1791053692873225442,116892897,0,Internal error occurred: failed to generate token: while signing jwt: rpc error: code = Unavailable desc = token signing failed: threshold not met
T-sameregion-optimistic@v2nb-c100,218,1791053692879756553,110424325,0,Internal error occurred: failed to generate token: while signing jwt: rpc error: code = Unavailable desc = token signing failed: threshold not met
T-sameregion-optimistic@v2nb-c100,222,1791053692884085830,106148158,0,Internal error occurred: failed to generate token: while signing jwt: rpc error: code = Unavailable desc = token signing failed: threshold not met
T-sameregion-optimistic@v2nb-c100,210,1791053692863627599,126650786,0,Internal error occurred: failed to generate token: while signing jwt: rpc error: code = Unavailable desc = token signing failed: threshold not met
T-sameregion-optimistic@v2nb-c100,223,1791053692945877996,54376198,0,Internal error occurred: failed to generate token: while signing jwt: rpc error: code = Unavailable desc = token signing failed: threshold not met
T-sameregion-optimistic@v2nb-c100,226,1791053692949060208,97432707,0,Internal error occurred: failed to generate token: while signing jwt: rpc error: code = Unavailable desc = token signing failed: threshold not met
T-sameregion-optimistic@v2nb-c100,229,1791053692949216889,97276035,0,Internal error occurred: failed to generate token: while signing jwt: rpc error: code = Unavailable desc = token signing failed: threshold not met
T-sameregion-optimistic@v2nb-c100,230,1791053692949813197,101116539,0,Internal error occurred: failed to generate token: while signing jwt: rpc error: code = Unavailable desc = token signing failed: threshold not met
T-sameregion-optimistic@v2nb-c100,227,1791053692949060206,102163945,0,Internal error occurred: failed to generate token: while signing jwt: rpc error: code = Unavailable desc = token signing failed: threshold not met
T-sameregion-optimistic@v2nb-c100,224,1791053692945928469,105314490,0,Internal error occurred: failed to generate token: while signing jwt: rpc error: code = Unavailable desc = token signing failed: threshold not met
T-sameregion-optimistic@v2nb-c100,252,1791053692964470588,90703089,0,Internal error occurred: failed to generate token: while signing jwt: rpc error: code = Unavailable desc = token signing failed: threshold not met
T-sameregion-optimistic@v2nb-c100,254,1791053692964603769,90674581,0,Internal error occurred: failed to generate token: while signing jwt: rpc error: code = Unavailable desc = token signing failed: threshold not met
T-sameregion-optimistic@v2nb-c100,265,1791053692981361625,73982743,0,Internal error occurred: failed to generate token: while signing jwt: rpc error: code = Unavailable desc = token signing failed: threshold not met
T-sameregion-optimistic@v2nb-c100,244,1791053692963851591,91634539,0,Internal error occurred: failed to generate token: while signing jwt: rpc error: code = Unavailable desc = token signing failed: threshold not met
T-sameregion-optimistic@v2nb-c100,245,1791053692964005438,93655042,0,Internal error occurred: failed to generate token: while signing jwt: rpc error: code = Unavailable desc = token signing failed: threshold not met
T-sameregion-optimistic@v2nb-c100,262,1791053692972165610,85538830,0,Internal error occurred: failed to generate token: while signing jwt: rpc error: code = Unavailable desc = token signing failed: threshold not met
T-sameregion-optimistic@v2nb-c100,231,1791053692952614738,105215537,0,Internal error occurred: failed to generate token: while signing jwt: rpc error: code = Unavailable desc = token signing failed: threshold not met
T-sameregion-optimistic@v2nb-c100,246,1791053692964005489,93828062,0,Internal error occurred: failed to generate token: while signing jwt: rpc error: code = Unavailable desc = token signing failed: threshold not met
T-sameregion-optimistic@v2nb-c100,232,1791053692952654907,105310389,0,Internal error occurred: failed to generate token: while signing jwt: rpc error: code = Unavailable desc = token signing failed: threshold not met
T-sameregion-optimistic@v2nb-c100,237,1791053692960452426,97576944,0,Internal error occurred: failed to generate token: while signing jwt: rpc error: code = Unavailable desc = token signing failed: threshold not met
T-sameregion-optimistic@v2nb-c100,264,1791053692979168625,78866413,0,Internal error occurred: failed to generate token: while signing jwt: rpc error: code = Unavailable desc = token signing failed: threshold not met
T-sameregion-optimistic@v2nb-c100,253,1791053692964537780,93546855,0,Internal error occurred: failed to generate token: while signing jwt: rpc error: code = Unavailable desc = token signing failed: threshold not met
T-sameregion-optimistic@v2nb-c100,270,1791053692987265466,76533443,0,Internal error occurred: failed to generate token: while signing jwt: rpc error: code = Unavailable desc = token signing failed: threshold not met
T-sameregion-optimistic@v2nb-c100,250,1791053692964373481,99467477,0,Internal error occurred: failed to generate token: while signing jwt: rpc error: code = Unavailable desc = token signing failed: threshold not met
T-sameregion-optimistic@v2nb-c100,256,1791053692964774338,99179324,0,Internal error occurred: failed to generate token: while signing jwt: rpc error: code = Unavailable desc = token signing failed: threshold not met
T-sameregion-optimistic@v2nb-c100,267,1791053692981875554,82126584,0,Internal error occurred: failed to generate token: while signing jwt: rpc error: code = Unavailable desc = token signing failed: threshold not met
T-sameregion-optimistic@v2nb-c100,239,1791053692963571412,100770869,0,Internal error occurred: failed to generate token: while signing jwt: rpc error: code = Unavailable desc = token signing failed: threshold not met
T-sameregion-optimistic@v2nb-c100,234,1791053692953497258,110893340,0,Internal error occurred: failed to generate token: while signing jwt: rpc error: code = Unavailable desc = token signing failed: threshold not met
T-sameregion-optimistic@v2nb-c100,241,1791053692963705001,100950916,0,Internal error occurred: failed to generate token: while signing jwt: rpc error: code = Unavailable desc = token signing failed: threshold not met
T-sameregion-optimistic@v2nb-c100,238,1791053692962420825,102244075,0,Internal error occurred: failed to generate token: while signing jwt: rpc error: code = Unavailable desc = token signing failed: threshold not met
T-sameregion-optimistic@v2nb-c100,251,1791053692964375502,100475859,0,Internal error occurred: failed to generate token: while signing jwt: rpc error: code = Unavailable desc = token signing failed: threshold not met
T-sameregion-optimistic@v2nb-c100,240,1791053692963604160,101247895,0,Internal error occurred: failed to generate token: while signing jwt: rpc error: code = Unavailable desc = token signing failed: threshold not met
T-sameregion-optimistic@v2nb-c100,272,1791053692989464153,75575829,0,Internal error occurred: failed to generate token: while signing jwt: rpc error: code = Unavailable desc = token signing failed: threshold not met
T-sameregion-optimistic@v2nb-c100,268,1791053692985700581,79345547,0,Internal error occurred: failed to generate token: while signing jwt: rpc error: code = Unavailable desc = token signing failed: threshold not met
T-sameregion-optimistic@v2nb-c100,255,1791053692964617626,100500401,0,Internal error occurred: failed to generate token: while signing jwt: rpc error: code = Unavailable desc = token signing failed: threshold not met
T-sameregion-optimistic@v2nb-c100,248,1791053692964214333,100988298,0,Internal error occurred: failed to generate token: while signing jwt: rpc error: code = Unavailable desc = token signing failed: threshold not met
T-sameregion-optimistic@v2nb-c100,258,1791053692964928059,100323203,0,Internal error occurred: failed to generate token: while signing jwt: rpc error: code = Unavailable desc = token signing failed: threshold not met
T-sameregion-optimistic@v2nb-c100,261,1791053692969459068,95808928,0,Internal error occurred: failed to generate token: while signing jwt: rpc error: code = Unavailable desc = token signing failed: threshold not met
T-sameregion-optimistic@v2nb-c100,228,1791053692949135572,116182525,0,Internal error occurred: failed to generate token: while signing jwt: rpc error: code = Unavailable desc = token signing failed: threshold not met
T-sameregion-optimistic@v2nb-c100,257,1791053692964785107,100560350,0,Internal error occurred: failed to generate token: while signing jwt: rpc error: code = Unavailable desc = token signing failed: threshold not met
T-sameregion-optimistic@v2nb-c100,235,1791053692957537828,107889508,0,Internal error occurred: failed to generate token: while signing jwt: rpc error: code = Unavailable desc = token signing failed: threshold not met
T-sameregion-optimistic@v2nb-c100,259,1791053692969247674,98080545,0,Internal error occurred: failed to generate token: while signing jwt: rpc error: code = Unavailable desc = token signing failed: threshold not met
T-sameregion-optimistic@v2nb-c100,242,1791053692963736946,106142208,0,Internal error occurred: failed to generate token: while signing jwt: rpc error: code = Unavailable desc = token signing failed: threshold not met
T-sameregion-optimistic@v2nb-c100,266,1791053692981373087,88977857,0,Internal error occurred: failed to generate token: while signing jwt: rpc error: code = Unavailable desc = token signing failed: threshold not met
T-sameregion-optimistic@v2nb-c100,243,1791053692963848125,106751073,0,Internal error occurred: failed to generate token: while signing jwt: rpc error: code = Unavailable desc = token signing failed: threshold not met
T-sameregion-optimistic@v2nb-c100,249,1791053692964269275,107191505,0,Internal error occurred: failed to generate token: while signing jwt: rpc error: code = Unavailable desc = token signing failed: threshold not met
T-sameregion-optimistic@v2nb-c100,271,1791053692989455896,84310985,0,Internal error occurred: failed to generate token: while signing jwt: rpc error: code = Unavailable desc = token signing failed: threshold not met
T-sameregion-optimistic@v2nb-c100,236,1791053692960011302,113776883,0,Internal error occurred: failed to generate token: while signing jwt: rpc error: code = Unavailable desc = token signing failed: threshold not met
T-sameregion-optimistic@v2nb-c100,247,1791053692964205670,109651402,0,Internal error occurred: failed to generate token: while signing jwt: rpc error: code = Unavailable desc = token signing failed: threshold not met
T-sameregion-optimistic@v2nb-c100,260,1791053692969262246,104671514,0,Internal error occurred: failed to generate token: while signing jwt: rpc error: code = Unavailable desc = token signing failed: threshold not met
T-sameregion-optimistic@v2nb-c100,233,1791053692952800324,121271217,0,Internal error occurred: failed to generate token: while signing jwt: rpc error: code = Unavailable desc = token signing failed: threshold not met
T-sameregion-optimistic@v2nb-c100,263,1791053692974827472,118436527,0,Internal error occurred: failed to generate token: while signing jwt: rpc error: code = Unavailable desc = token signing failed: threshold not met
T-sameregion-optimistic@v2nb-c100,269,1791053692987146902,106394764,0,Internal error occurred: failed to generate token: while signing jwt: rpc error: code = Unavailable desc = token signing failed: threshold not met
T-sameregion-optimistic@v2nb-c100,276,1791053692990183229,106024164,0,Internal error occurred: failed to generate token: while signing jwt: rpc error: code = Unavailable desc = token signing failed: threshold not met
T-sameregion-optimistic@v2nb-c100,273,1791053692989685069,106819739,0,Internal error occurred: failed to generate token: while signing jwt: rpc error: code = Unavailable desc = token signing failed: threshold not met
T-sameregion-optimistic@v2nb-c100,277,1791053692990236156,111453890,0,Internal error occurred: failed to generate token: while signing jwt: rpc error: code = Unavailable desc = token signing failed: threshold not met
T-sameregion-optimistic@v2nb-c100,274,1791053692989715182,112265291,0,Internal error occurred: failed to generate token: while signing jwt: rpc error: code = Unavailable desc = token signing failed: threshold not met
T-sameregion-optimistic@v2nb-c100,275,1791053692990121601,111987729,0,Internal error occurred: failed to generate token: while signing jwt: rpc error: code = Unavailable desc = token signing failed: threshold not met
T-sameregion-optimistic@v2nb-c100,281,1791053693046497897,55715282,0,Internal error occurred: failed to generate token: while signing jwt: rpc error: code = Unavailable desc = token signing failed: threshold not met
T-sameregion-optimistic@v2nb-c100,278,1791053692990281248,112035804,0,Internal error occurred: failed to generate token: while signing jwt: rpc error: code = Unavailable desc = token signing failed: threshold not met
T-sameregion-optimistic@v2nb-c100,279,1791053693000261113,105863634,0,Internal error occurred: failed to generate token: while signing jwt: rpc error: code = Unavailable desc = token signing failed: threshold not met
T-sameregion-optimistic@v2nb-c100,283,1791053693051227969,99329823,0,Internal error occurred: failed to generate token: while signing jwt: rpc error: code = Unavailable desc = token signing failed: threshold not met
T-sameregion-optimistic@v2nb-c100,284,1791053693051246967,101834900,0,Internal error occurred: failed to generate token: while signing jwt: rpc error: code = Unavailable desc = token signing failed: threshold not met
T-sameregion-optimistic@v2nb-c100,289,1791053693057663626,97436025,0,Internal error occurred: failed to generate token: while signing jwt: rpc error: code = Unavailable desc = token signing failed: threshold not met
T-sameregion-optimistic@v2nb-c100,302,1791053693064393170,90815928,0,Internal error occurred: failed to generate token: while signing jwt: rpc error: code = Unavailable desc = token signing failed: threshold not met
T-sameregion-optimistic@v2nb-c100,295,1791053693058037873,97268318,0,Internal error occurred: failed to generate token: while signing jwt: rpc error: code = Unavailable desc = token signing failed: threshold not met
T-sameregion-optimistic@v2nb-c100,285,1791053693055178297,100256376,0,Internal error occurred: failed to generate token: while signing jwt: rpc error: code = Unavailable desc = token signing failed: threshold not met
T-sameregion-optimistic@v2nb-c100,298,1791053693063843672,91590895,0,Internal error occurred: failed to generate token: while signing jwt: rpc error: code = Unavailable desc = token signing failed: threshold not met
T-sameregion-optimistic@v2nb-c100,316,1791053693067331124,88173786,0,Internal error occurred: failed to generate token: while signing jwt: rpc error: code = Unavailable desc = token signing failed: threshold not met
T-sameregion-optimistic@v2nb-c100,282,1791053693050934877,104586649,0,Internal error occurred: failed to generate token: while signing jwt: rpc error: code = Unavailable desc = token signing failed: threshold not met
T-sameregion-optimistic@v2nb-c100,330,1791053693101694634,53976137,0,Internal error occurred: failed to generate token: while signing jwt: rpc error: code = Unavailable desc = token signing failed: threshold not met
T-sameregion-optimistic@v2nb-c100,304,1791053693064667377,91035688,0,Internal error occurred: failed to generate token: while signing jwt: rpc error: code = Unavailable desc = token signing failed: threshold not met
T-sameregion-optimistic@v2nb-c100,318,1791053693070355610,85435650,0,Internal error occurred: failed to generate token: while signing jwt: rpc error: code = Unavailable desc = token signing failed: threshold not met
T-sameregion-optimistic@v2nb-c100,306,1791053693064854111,91122051,0,Internal error occurred: failed to generate token: while signing jwt: rpc error: code = Unavailable desc = token signing failed: threshold not met
T-sameregion-optimistic@v2nb-c100,286,1791053693055282325,100701847,0,Internal error occurred: failed to generate token: while signing jwt: rpc error: code = Unavailable desc = token signing failed: threshold not met
T-sameregion-optimistic@v2nb-c100,309,1791053693065120730,90936464,0,Internal error occurred: failed to generate token: while signing jwt: rpc error: code = Unavailable desc = token signing failed: threshold not met
T-sameregion-optimistic@v2nb-c100,314,1791053693065353403,90896759,0,Internal error occurred: failed to generate token: while signing jwt: rpc error: code = Unavailable desc = token signing failed: threshold not met
T-sameregion-optimistic@v2nb-c100,301,1791053693064346000,91905680,0,Internal error occurred: failed to generate token: while signing jwt: rpc error: code = Unavailable desc = token signing failed: threshold not met
T-sameregion-optimistic@v2nb-c100,334,1791053693102320149,54151738,0,Internal error occurred: failed to generate token: while signing jwt: rpc error: code = Unavailable desc = token signing failed: threshold not met
T-sameregion-optimistic@v2nb-c100,292,1791053693057835400,98738146,0,Internal error occurred: failed to generate token: while signing jwt: rpc error: code = Unavailable desc = token signing failed: threshold not met
T-sameregion-optimistic@v2nb-c100,327,1791053693093544488,63101545,0,Internal error occurred: failed to generate token: while signing jwt: rpc error: code = Unavailable desc = token signing failed: threshold not met
T-sameregion-optimistic@v2nb-c100,293,1791053693057967821,103300613,0,Internal error occurred: failed to generate token: while signing jwt: rpc error: code = Unavailable desc = token signing failed: threshold not met
T-sameregion-optimistic@v2nb-c100,323,1791053693073859277,87409092,0,Internal error occurred: failed to generate token: while signing jwt: rpc error: code = Unavailable desc = token signing failed: threshold not met
T-sameregion-optimistic@v2nb-c100,303,1791053693064658844,96857438,0,Internal error occurred: failed to generate token: while signing jwt: rpc error: code = Unavailable desc = token signing failed: threshold not met
T-sameregion-optimistic@v2nb-c100,280,1791053693046497978,115023096,0,Internal error occurred: failed to generate token: while signing jwt: rpc error: code = Unavailable desc = token signing failed: threshold not met
T-sameregion-optimistic@v2nb-c100,287,1791053693055346902,106277008,0,Internal error occurred: failed to generate token: while signing jwt: rpc error: code = Unavailable desc = token signing failed: threshold not met
T-sameregion-optimistic@v2nb-c100,308,1791053693065065809,96595779,0,Internal error occurred: failed to generate token: while signing jwt: rpc error: code = Unavailable desc = token signing failed: threshold not met
T-sameregion-optimistic@v2nb-c100,40,1791053692471438574,756125197,1,
T-sameregion-optimistic@v2nb-c100,291,1791053693057835470,187887318,0,Internal error occurred: failed to generate token: while signing jwt: rpc error: code = Unavailable desc = token signing failed: threshold not met
T-sameregion-optimistic@v2nb-c100,299,1791053693063956075,181779767,0,Internal error occurred: failed to generate token: while signing jwt: rpc error: code = Unavailable desc = token signing failed: threshold not met
T-sameregion-optimistic@v2nb-c100,310,1791053693065204627,180719815,0,Internal error occurred: failed to generate token: while signing jwt: rpc error: code = Unavailable desc = token signing failed: threshold not met
T-sameregion-optimistic@v2nb-c100,313,1791053693065320098,180725357,0,Internal error occurred: failed to generate token: while signing jwt: rpc error: code = Unavailable desc = token signing failed: threshold not met
T-sameregion-optimistic@v2nb-c100,321,1791053693073770559,172319795,0,Internal error occurred: failed to generate token: while signing jwt: rpc error: code = Unavailable desc = token signing failed: threshold not met
T-sameregion-optimistic@v2nb-c100,329,1791053693096513653,149623247,0,Internal error occurred: failed to generate token: while signing jwt: rpc error: code = Unavailable desc = token signing failed: threshold not met
T-sameregion-optimistic@v2nb-c100,325,1791053693074074514,172532748,0,Internal error occurred: failed to generate token: while signing jwt: rpc error: code = Unavailable desc = token signing failed: threshold not met
T-sameregion-optimistic@v2nb-c100,333,1791053693102215753,144493868,0,Internal error occurred: failed to generate token: while signing jwt: rpc error: code = Unavailable desc = token signing failed: threshold not met
T-sameregion-optimistic@v2nb-c100,331,1791053693101983618,144949281,0,Internal error occurred: failed to generate token: while signing jwt: rpc error: code = Unavailable desc = token signing failed: threshold not met
T-sameregion-optimistic@v2nb-c100,296,1791053693058086246,189119888,0,Internal error occurred: failed to generate token: while signing jwt: rpc error: code = Unavailable desc = token signing failed: threshold not met
T-sameregion-optimistic@v2nb-c100,300,1791053693064004585,183236308,0,Internal error occurred: failed to generate token: while signing jwt: rpc error: code = Unavailable desc = token signing failed: threshold not met
T-sameregion-optimistic@v2nb-c100,312,1791053693065293881,182412890,0,Internal error occurred: failed to generate token: while signing jwt: rpc error: code = Unavailable desc = token signing failed: threshold not met
T-sameregion-optimistic@v2nb-c100,319,1791053693070602031,177135952,0,Internal error occurred: failed to generate token: while signing jwt: rpc error: code = Unavailable desc = token signing failed: threshold not met
T-sameregion-optimistic@v2nb-c100,305,1791053693064854043,182997892,0,Internal error occurred: failed to generate token: while signing jwt: rpc error: code = Unavailable desc = token signing failed: threshold not met
T-sameregion-optimistic@v2nb-c100,294,1791053693058031315,191551799,0,Internal error occurred: failed to generate token: while signing jwt: rpc error: code = Unavailable desc = token signing failed: threshold not met
T-sameregion-optimistic@v2nb-c100,315,1791053693065429273,184325898,0,Internal error occurred: failed to generate token: while signing jwt: rpc error: code = Unavailable desc = token signing failed: threshold not met
T-sameregion-optimistic@v2nb-c100,328,1791053693096212356,163082129,0,Internal error occurred: failed to generate token: while signing jwt: rpc error: code = Unavailable desc = token signing failed: threshold not met
T-sameregion-optimistic@v2nb-c100,322,1791053693073791246,185826497,0,Internal error occurred: failed to generate token: while signing jwt: rpc error: code = Unavailable desc = token signing failed: threshold not met
T-sameregion-optimistic@v2nb-c100,288,1791053693055489045,204129384,0,Internal error occurred: failed to generate token: while signing jwt: rpc error: code = Unavailable desc = token signing failed: threshold not met
T-sameregion-optimistic@v2nb-c100,351,1791053693156252740,103492151,0,Internal error occurred: failed to generate token: while signing jwt: rpc error: code = Unavailable desc = token signing failed: threshold not met
T-sameregion-optimistic@v2nb-c100,317,1791053693069882833,189903732,0,Internal error occurred: failed to generate token: while signing jwt: rpc error: code = Unavailable desc = token signing failed: threshold not met
T-sameregion-optimistic@v2nb-c100,290,1791053693057706960,202142490,0,Internal error occurred: failed to generate token: while signing jwt: rpc error: code = Unavailable desc = token signing failed: threshold not met
T-sameregion-optimistic@v2nb-c100,349,1791053693155986437,103952418,0,Internal error occurred: failed to generate token: while signing jwt: rpc error: code = Unavailable desc = token signing failed: threshold not met
T-sameregion-optimistic@v2nb-c100,297,1791053693063804203,196294098,0,Internal error occurred: failed to generate token: while signing jwt: rpc error: code = Unavailable desc = token signing failed: threshold not met
T-sameregion-optimistic@v2nb-c100,343,1791053693155508275,104727402,0,Internal error occurred: failed to generate token: while signing jwt: rpc error: code = Unavailable desc = token signing failed: threshold not met
T-sameregion-optimistic@v2nb-c100,361,1791053693161664231,98656565,0,Internal error occurred: failed to generate token: while signing jwt: rpc error: code = Unavailable desc = token signing failed: threshold not met
T-sameregion-optimistic@v2nb-c100,358,1791053693161520859,98919888,0,Internal error occurred: failed to generate token: while signing jwt: rpc error: code = Unavailable desc = token signing failed: threshold not met
T-sameregion-optimistic@v2nb-c100,352,1791053693156253883,104186718,0,Internal error occurred: failed to generate token: while signing jwt: rpc error: code = Unavailable desc = token signing failed: threshold not met
T-sameregion-optimistic@v2nb-c100,337,1791053693153086226,107525988,0,Internal error occurred: failed to generate token: while signing jwt: rpc error: code = Unavailable desc = token signing failed: threshold not met
T-sameregion-optimistic@v2nb-c100,335,1791053693106130734,154481746,0,Internal error occurred: failed to generate token: while signing jwt: rpc error: code = Unavailable desc = token signing failed: threshold not met
T-sameregion-optimistic@v2nb-c100,344,1791053693155524046,105251827,0,Internal error occurred: failed to generate token: while signing jwt: rpc error: code = Unavailable desc = token signing failed: threshold not met
T-sameregion-optimistic@v2nb-c100,307,1791053693065043792,195734776,0,Internal error occurred: failed to generate token: while signing jwt: rpc error: code = Unavailable desc = token signing failed: threshold not met
T-sameregion-optimistic@v2nb-c100,346,1791053693155705522,105157925,0,Internal error occurred: failed to generate token: while signing jwt: rpc error: code = Unavailable desc = token signing failed: threshold not met
T-sameregion-optimistic@v2nb-c100,324,1791053693073935864,187008102,0,Internal error occurred: failed to generate token: while signing jwt: rpc error: code = Unavailable desc = token signing failed: threshold not met
T-sameregion-optimistic@v2nb-c100,353,1791053693156474780,104527850,0,Internal error occurred: failed to generate token: while signing jwt: rpc error: code = Unavailable desc = token signing failed: threshold not met
T-sameregion-optimistic@v2nb-c100,320,1791053693071464743,189587274,0,Internal error occurred: failed to generate token: while signing jwt: rpc error: code = Unavailable desc = token signing failed: threshold not met
T-sameregion-optimistic@v2nb-c100,354,1791053693156575310,104534530,0,Internal error occurred: failed to generate token: while signing jwt: rpc error: code = Unavailable desc = token signing failed: threshold not met
T-sameregion-optimistic@v2nb-c100,340,1791053693155308294,105858234,0,Internal error occurred: failed to generate token: while signing jwt: rpc error: code = Unavailable desc = token signing failed: threshold not met
T-sameregion-optimistic@v2nb-c100,326,1791053693093268779,168040731,0,Internal error occurred: failed to generate token: while signing jwt: rpc error: code = Unavailable desc = token signing failed: threshold not met
T-sameregion-optimistic@v2nb-c100,341,1791053693155436808,105984256,0,Internal error occurred: failed to generate token: while signing jwt: rpc error: code = Unavailable desc = token signing failed: threshold not met
T-sameregion-optimistic@v2nb-c100,357,1791053693161271420,100169425,0,Internal error occurred: failed to generate token: while signing jwt: rpc error: code = Unavailable desc = token signing failed: threshold not met
T-sameregion-optimistic@v2nb-c100,359,1791053693161523161,100015337,0,Internal error occurred: failed to generate token: while signing jwt: rpc error: code = Unavailable desc = token signing failed: threshold not met
T-sameregion-optimistic@v2nb-c100,332,1791053693102112865,159440050,0,Internal error occurred: failed to generate token: while signing jwt: rpc error: code = Unavailable desc = token signing failed: threshold not met
T-sameregion-optimistic@v2nb-c100,350,1791053693156059210,105588717,0,Internal error occurred: failed to generate token: while signing jwt: rpc error: code = Unavailable desc = token signing failed: threshold not met
T-sameregion-optimistic@v2nb-c100,348,1791053693155978899,105694835,0,Internal error occurred: failed to generate token: while signing jwt: rpc error: code = Unavailable desc = token signing failed: threshold not met
T-sameregion-optimistic@v2nb-c100,338,1791053693155103945,106600200,0,Internal error occurred: failed to generate token: while signing jwt: rpc error: code = Unavailable desc = token signing failed: threshold not met
T-sameregion-optimistic@v2nb-c100,311,1791053693065254407,196501060,0,Internal error occurred: failed to generate token: while signing jwt: rpc error: code = Unavailable desc = token signing failed: threshold not met
T-sameregion-optimistic@v2nb-c100,336,1791053693150563476,111237308,0,Internal error occurred: failed to generate token: while signing jwt: rpc error: code = Unavailable desc = token signing failed: threshold not met
T-sameregion-optimistic@v2nb-c100,342,1791053693155437393,106424619,0,Internal error occurred: failed to generate token: while signing jwt: rpc error: code = Unavailable desc = token signing failed: threshold not met
T-sameregion-optimistic@v2nb-c100,355,1791053693156647853,105291707,0,Internal error occurred: failed to generate token: while signing jwt: rpc error: code = Unavailable desc = token signing failed: threshold not met
T-sameregion-optimistic@v2nb-c100,347,1791053693155793425,106249679,0,Internal error occurred: failed to generate token: while signing jwt: rpc error: code = Unavailable desc = token signing failed: threshold not met
T-sameregion-optimistic@v2nb-c100,356,1791053693161271411,103032177,0,Internal error occurred: failed to generate token: while signing jwt: rpc error: code = Unavailable desc = token signing failed: threshold not met
T-sameregion-optimistic@v2nb-c100,18,1791053692470580705,793750491,1,
T-sameregion-optimistic@v2nb-c100,339,1791053693155211686,109233439,0,Internal error occurred: failed to generate token: while signing jwt: rpc error: code = Unavailable desc = token signing failed: threshold not met
T-sameregion-optimistic@v2nb-c100,345,1791053693155673553,108780185,0,Internal error occurred: failed to generate token: while signing jwt: rpc error: code = Unavailable desc = token signing failed: threshold not met
T-sameregion-optimistic@v2nb-c100,360,1791053693161626487,103030563,0,Internal error occurred: failed to generate token: while signing jwt: rpc error: code = Unavailable desc = token signing failed: threshold not met
T-sameregion-optimistic@v2nb-c100,362,1791053693227568696,68218460,0,Internal error occurred: failed to generate token: while signing jwt: rpc error: code = Unavailable desc = token signing failed: threshold not met
T-sameregion-optimistic@v2nb-c100,363,1791053693245728921,85750730,0,Internal error occurred: failed to generate token: while signing jwt: rpc error: code = Unavailable desc = token signing failed: threshold not met
T-sameregion-optimistic@v2nb-c100,364,1791053693245738560,85741098,0,Internal error occurred: failed to generate token: while signing jwt: rpc error: code = Unavailable desc = token signing failed: threshold not met
T-sameregion-optimistic@v2nb-c100,366,1791053693246047711,103172266,0,Internal error occurred: failed to generate token: while signing jwt: rpc error: code = Unavailable desc = token signing failed: threshold not met
T-sameregion-optimistic@v2nb-c100,373,1791053693247243738,102205768,0,Internal error occurred: failed to generate token: while signing jwt: rpc error: code = Unavailable desc = token signing failed: threshold not met
T-sameregion-optimistic@v2nb-c100,375,1791053693247740330,102562773,0,Internal error occurred: failed to generate token: while signing jwt: rpc error: code = Unavailable desc = token signing failed: threshold not met
T-sameregion-optimistic@v2nb-c100,368,1791053693246139513,104176315,0,Internal error occurred: failed to generate token: while signing jwt: rpc error: code = Unavailable desc = token signing failed: threshold not met
T-sameregion-optimistic@v2nb-c100,369,1791053693246612276,104281730,0,Internal error occurred: failed to generate token: while signing jwt: rpc error: code = Unavailable desc = token signing failed: threshold not met
T-sameregion-optimistic@v2nb-c100,372,1791053693247209012,105769273,0,Internal error occurred: failed to generate token: while signing jwt: rpc error: code = Unavailable desc = token signing failed: threshold not met
T-sameregion-optimistic@v2nb-c100,381,1791053693259621078,97247911,0,Internal error occurred: failed to generate token: while signing jwt: rpc error: code = Unavailable desc = token signing failed: threshold not met
T-sameregion-optimistic@v2nb-c100,401,1791053693261311967,95630415,0,Internal error occurred: failed to generate token: while signing jwt: rpc error: code = Unavailable desc = token signing failed: threshold not met
T-sameregion-optimistic@v2nb-c100,379,1791053693259308118,97717658,0,Internal error occurred: failed to generate token: while signing jwt: rpc error: code = Unavailable desc = token signing failed: threshold not met
T-sameregion-optimistic@v2nb-c100,378,1791053693249758137,107311816,0,Internal error occurred: failed to generate token: while signing jwt: rpc error: code = Unavailable desc = token signing failed: threshold not met
T-sameregion-optimistic@v2nb-c100,389,1791053693260443113,98583014,0,Internal error occurred: failed to generate token: while signing jwt: rpc error: code = Unavailable desc = token signing failed: threshold not met
T-sameregion-optimistic@v2nb-c100,383,1791053693259788790,99268914,0,Internal error occurred: failed to generate token: while signing jwt: rpc error: code = Unavailable desc = token signing failed: threshold not met
T-sameregion-optimistic@v2nb-c100,374,1791053693247709789,112281301,0,Internal error occurred: failed to generate token: while signing jwt: rpc error: code = Unavailable desc = token signing failed: threshold not met
T-sameregion-optimistic@v2nb-c100,365,1791053693245927238,148135249,0,Internal error occurred: failed to generate token: while signing jwt: rpc error: code = Unavailable desc = token signing failed: threshold not met
T-sameregion-optimistic@v2nb-c100,367,1791053693246093013,147969571,0,Internal error occurred: failed to generate token: while signing jwt: rpc error: code = Unavailable desc = token signing failed: threshold not met
T-sameregion-optimistic@v2nb-c100,406,1791053693261651954,135985713,0,Internal error occurred: failed to generate token: while signing jwt: rpc error: code = Unavailable desc = token signing failed: threshold not met
T-sameregion-optimistic@v2nb-c100,382,1791053693259747428,137914953,0,Internal error occurred: failed to generate token: while signing jwt: rpc error: code = Unavailable desc = token signing failed: threshold not met
T-sameregion-optimistic@v2nb-c100,387,1791053693260239438,137480783,0,Internal error occurred: failed to generate token: while signing jwt: rpc error: code = Unavailable desc = token signing failed: threshold not met
T-sameregion-optimistic@v2nb-c100,376,1791053693247855077,149952478,0,Internal error occurred: failed to generate token: while signing jwt: rpc error: code = Unavailable desc = token signing failed: threshold not met
T-sameregion-optimistic@v2nb-c100,380,1791053693259621043,138234641,0,Internal error occurred: failed to generate token: while signing jwt: rpc error: code = Unavailable desc = token signing failed: threshold not met
T-sameregion-optimistic@v2nb-c100,405,1791053693261554902,136385514,0,Internal error occurred: failed to generate token: while signing jwt: rpc error: code = Unavailable desc = token signing failed: threshold not met
T-sameregion-optimistic@v2nb-c100,371,1791053693246937199,151044271,0,Internal error occurred: failed to generate token: while signing jwt: rpc error: code = Unavailable desc = token signing failed: threshold not met
T-sameregion-optimistic@v2nb-c100,370,1791053693246714743,151308023,0,Internal error occurred: failed to generate token: while signing jwt: rpc error: code = Unavailable desc = token signing failed: threshold not met
T-sameregion-optimistic@v2nb-c100,421,1791053693331484885,71158490,0,Internal error occurred: failed to generate token: while signing jwt: rpc error: code = Unavailable desc = token signing failed: threshold not met
T-sameregion-optimistic@v2nb-c100,410,1791053693261802353,140849106,0,Internal error occurred: failed to generate token: while signing jwt: rpc error: code = Unavailable desc = token signing failed: threshold not met
T-sameregion-optimistic@v2nb-c100,411,1791053693261863924,140847228,0,Internal error occurred: failed to generate token: while signing jwt: rpc error: code = Unavailable desc = token signing failed: threshold not met
T-sameregion-optimistic@v2nb-c100,398,1791053693261054408,141749406,0,Internal error occurred: failed to generate token: while signing jwt: rpc error: code = Unavailable desc = token signing failed: threshold not met
T-sameregion-optimistic@v2nb-c100,390,1791053693260443343,142489146,0,Internal error occurred: failed to generate token: while signing jwt: rpc error: code = Unavailable desc = token signing failed: threshold not met
T-sameregion-optimistic@v2nb-c100,407,1791053693261675608,141288465,0,Internal error occurred: failed to generate token: while signing jwt: rpc error: code = Unavailable desc = token signing failed: threshold not met
T-sameregion-optimistic@v2nb-c100,392,1791053693260614712,142449166,0,Internal error occurred: failed to generate token: while signing jwt: rpc error: code = Unavailable desc = token signing failed: threshold not met
T-sameregion-optimistic@v2nb-c100,394,1791053693260780880,142320845,0,Internal error occurred: failed to generate token: while signing jwt: rpc error: code = Unavailable desc = token signing failed: threshold not met
T-sameregion-optimistic@v2nb-c100,416,1791053693264447766,138778778,0,Internal error occurred: failed to generate token: while signing jwt: rpc error: code = Unavailable desc = token signing failed: threshold not met
T-sameregion-optimistic@v2nb-c100,403,1791053693261443431,187019796,0,Internal error occurred: failed to generate token: while signing jwt: rpc error: code = Unavailable desc = token signing failed: threshold not met
T-sameregion-optimistic@v2nb-c100,412,1791053693261941996,186598899,0,Internal error occurred: failed to generate token: while signing jwt: rpc error: code = Unavailable desc = token signing failed: threshold not met
T-sameregion-optimistic@v2nb-c100,386,1791053693260101230,188565890,0,Internal error occurred: failed to generate token: while signing jwt: rpc error: code = Unavailable desc = token signing failed: threshold not met
T-sameregion-optimistic@v2nb-c100,377,1791053693249587536,199085484,0,Internal error occurred: failed to generate token: while signing jwt: rpc error: code = Unavailable desc = token signing failed: threshold not met
T-sameregion-optimistic@v2nb-c100,408,1791053693261706145,187078086,0,Internal error occurred: failed to generate token: while signing jwt: rpc error: code = Unavailable desc = token signing failed: threshold not met
T-sameregion-optimistic@v2nb-c100,400,1791053693261168452,187294829,0,Internal error occurred: failed to generate token: while signing jwt: rpc error: code = Unavailable desc = token signing failed: threshold not met
T-sameregion-optimistic@v2nb-c100,397,1791053693261004969,187939026,0,Internal error occurred: failed to generate token: while signing jwt: rpc error: code = Unavailable desc = token signing failed: threshold not met
T-sameregion-optimistic@v2nb-c100,424,1791053693350306498,101089299,0,Internal error occurred: failed to generate token: while signing jwt: rpc error: code = Unavailable desc = token signing failed: threshold not met
T-sameregion-optimistic@v2nb-c100,419,1791053693295792123,157894276,0,Internal error occurred: failed to generate token: while signing jwt: rpc error: code = Unavailable desc = token signing failed: threshold not met
T-sameregion-optimistic@v2nb-c100,430,1791053693357028402,96657933,0,Internal error occurred: failed to generate token: while signing jwt: rpc error: code = Unavailable desc = token signing failed: threshold not met
T-sameregion-optimistic@v2nb-c100,441,1791053693397858284,59770098,0,Internal error occurred: failed to generate token: while signing jwt: rpc error: code = Unavailable desc = token signing failed: threshold not met
T-sameregion-optimistic@v2nb-c100,414,1791053693264306893,194641905,0,Internal error occurred: failed to generate token: while signing jwt: rpc error: code = Unavailable desc = token signing failed: threshold not met
T-sameregion-optimistic@v2nb-c100,393,1791053693260778005,198239100,0,Internal error occurred: failed to generate token: while signing jwt: rpc error: code = Unavailable desc = token signing failed: threshold not met
T-sameregion-optimistic@v2nb-c100,404,1791053693261540458,197620562,0,Internal error occurred: failed to generate token: while signing jwt: rpc error: code = Unavailable desc = token signing failed: threshold not met
T-sameregion-optimistic@v2nb-c100,431,1791053693357073131,102100161,0,Internal error occurred: failed to generate token: while signing jwt: rpc error: code = Unavailable desc = token signing failed: threshold not met
T-sameregion-optimistic@v2nb-c100,420,1791053693331484887,127776519,0,Internal error occurred: failed to generate token: while signing jwt: rpc error: code = Unavailable desc = token signing failed: threshold not met
T-sameregion-optimistic@v2nb-c100,417,1791053693264455794,194824308,0,Internal error occurred: failed to generate token: while signing jwt: rpc error: code = Unavailable desc = token signing failed: threshold not met
T-sameregion-optimistic@v2nb-c100,433,1791053693359060384,100283206,0,Internal error occurred: failed to generate token: while signing jwt: rpc error: code = Unavailable desc = token signing failed: threshold not met
T-sameregion-optimistic@v2nb-c100,19,1791053692470609242,988771919,1,
T-sameregion-optimistic@v2nb-c100,385,1791053693259941018,199469563,0,Internal error occurred: failed to generate token: while signing jwt: rpc error: code = Unavailable desc = token signing failed: threshold not met
T-sameregion-optimistic@v2nb-c100,384,1791053693259851492,199578669,0,Internal error occurred: failed to generate token: while signing jwt: rpc error: code = Unavailable desc = token signing failed: threshold not met
T-sameregion-optimistic@v2nb-c100,428,1791053693356873843,102587553,0,Internal error occurred: failed to generate token: while signing jwt: rpc error: code = Unavailable desc = token signing failed: threshold not met
T-sameregion-optimistic@v2nb-c100,409,1791053693261757280,197718203,0,Internal error occurred: failed to generate token: while signing jwt: rpc error: code = Unavailable desc = token signing failed: threshold not met
T-sameregion-optimistic@v2nb-c100,427,1791053693352981021,106559472,0,Internal error occurred: failed to generate token: while signing jwt: rpc error: code = Unavailable desc = token signing failed: threshold not met
T-sameregion-optimistic@v2nb-c100,422,1791053693349225520,110342912,0,Internal error occurred: failed to generate token: while signing jwt: rpc error: code = Unavailable desc = token signing failed: threshold not met
T-sameregion-optimistic@v2nb-c100,425,1791053693350318089,109299295,0,Internal error occurred: failed to generate token: while signing jwt: rpc error: code = Unavailable desc = token signing failed: threshold not met
T-sameregion-optimistic@v2nb-c100,395,1791053693260865560,198770728,0,Internal error occurred: failed to generate token: while signing jwt: rpc error: code = Unavailable desc = token signing failed: threshold not met
T-sameregion-optimistic@v2nb-c100,418,1791053693264659635,195025581,0,Internal error occurred: failed to generate token: while signing jwt: rpc error: code = Unavailable desc = token signing failed: threshold not met
T-sameregion-optimistic@v2nb-c100,426,1791053693350914955,108774923,0,Internal error occurred: failed to generate token: while signing jwt: rpc error: code = Unavailable desc = token signing failed: threshold not met
T-sameregion-optimistic@v2nb-c100,434,1791053693359993599,99761225,0,Internal error occurred: failed to generate token: while signing jwt: rpc error: code = Unavailable desc = token signing failed: threshold not met
T-sameregion-optimistic@v2nb-c100,429,1791053693356945101,102818709,0,Internal error occurred: failed to generate token: while signing jwt: rpc error: code = Unavailable desc = token signing failed: threshold not met
T-sameregion-optimistic@v2nb-c100,423,1791053693349451994,110366967,0,Internal error occurred: failed to generate token: while signing jwt: rpc error: code = Unavailable desc = token signing failed: threshold not met
T-sameregion-optimistic@v2nb-c100,388,1791053693260341945,199481926,0,Internal error occurred: failed to generate token: while signing jwt: rpc error: code = Unavailable desc = token signing failed: threshold not met
T-sameregion-optimistic@v2nb-c100,432,1791053693359031481,100837311,0,Internal error occurred: failed to generate token: while signing jwt: rpc error: code = Unavailable desc = token signing failed: threshold not met
T-sameregion-optimistic@v2nb-c100,396,1791053693260950588,199078263,0,Internal error occurred: failed to generate token: while signing jwt: rpc error: code = Unavailable desc = token signing failed: threshold not met
T-sameregion-optimistic@v2nb-c100,415,1791053693264333833,195768606,0,Internal error occurred: failed to generate token: while signing jwt: rpc error: code = Unavailable desc = token signing failed: threshold not met
T-sameregion-optimistic@v2nb-c100,402,1791053693261423090,198972727,0,Internal error occurred: failed to generate token: while signing jwt: rpc error: code = Unavailable desc = token signing failed: threshold not met
T-sameregion-optimistic@v2nb-c100,391,1791053693260614752,199889208,0,Internal error occurred: failed to generate token: while signing jwt: rpc error: code = Unavailable desc = token signing failed: threshold not met
T-sameregion-optimistic@v2nb-c100,413,1791053693262045060,198670074,0,Internal error occurred: failed to generate token: while signing jwt: rpc error: code = Unavailable desc = token signing failed: threshold not met
T-sameregion-optimistic@v2nb-c100,399,1791053693261111821,199767343,0,Internal error occurred: failed to generate token: while signing jwt: rpc error: code = Unavailable desc = token signing failed: threshold not met
T-sameregion-optimistic@v2nb-c100,437,1791053693397642950,95361712,0,Internal error occurred: failed to generate token: while signing jwt: rpc error: code = Unavailable desc = token signing failed: threshold not met
T-sameregion-optimistic@v2nb-c100,435,1791053693394068466,98951319,0,Internal error occurred: failed to generate token: while signing jwt: rpc error: code = Unavailable desc = token signing failed: threshold not met
T-sameregion-optimistic@v2nb-c100,436,1791053693394068175,99179564,0,Internal error occurred: failed to generate token: while signing jwt: rpc error: code = Unavailable desc = token signing failed: threshold not met
T-sameregion-optimistic@v2nb-c100,446,1791053693402653737,97328787,0,Internal error occurred: failed to generate token: while signing jwt: rpc error: code = Unavailable desc = token signing failed: threshold not met
T-sameregion-optimistic@v2nb-c100,450,1791053693402966601,97078771,0,Internal error occurred: failed to generate token: while signing jwt: rpc error: code = Unavailable desc = token signing failed: threshold not met
T-sameregion-optimistic@v2nb-c100,452,1791053693403104365,97315688,0,Internal error occurred: failed to generate token: while signing jwt: rpc error: code = Unavailable desc = token signing failed: threshold not met
T-sameregion-optimistic@v2nb-c100,444,1791053693398024521,102479973,0,Internal error occurred: failed to generate token: while signing jwt: rpc error: code = Unavailable desc = token signing failed: threshold not met
T-sameregion-optimistic@v2nb-c100,453,1791053693403228744,97596193,0,Internal error occurred: failed to generate token: while signing jwt: rpc error: code = Unavailable desc = token signing failed: threshold not met
T-sameregion-optimistic@v2nb-c100,449,1791053693402934778,97890075,0,Internal error occurred: failed to generate token: while signing jwt: rpc error: code = Unavailable desc = token signing failed: threshold not met
T-sameregion-optimistic@v2nb-c100,448,1791053693402806025,98174199,0,Internal error occurred: failed to generate token: while signing jwt: rpc error: code = Unavailable desc = token signing failed: threshold not met
T-sameregion-optimistic@v2nb-c100,439,1791053693397723187,107928039,0,Internal error occurred: failed to generate token: while signing jwt: rpc error: code = Unavailable desc = token signing failed: threshold not met
T-sameregion-optimistic@v2nb-c100,445,1791053693402649811,103074239,0,Internal error occurred: failed to generate token: while signing jwt: rpc error: code = Unavailable desc = token signing failed: threshold not met
T-sameregion-optimistic@v2nb-c100,459,1791053693448851592,81413280,0,Internal error occurred: failed to generate token: while signing jwt: rpc error: code = Unavailable desc = token signing failed: threshold not met
T-sameregion-optimistic@v2nb-c100,16,1791053692470506324,1061477546,0,Internal error occurred: failed to generate token: while signing jwt: rpc error: code = Unavailable desc = token signing failed: threshold not met
T-sameregion-optimistic@v2nb-c100,456,1791053693448670853,98991553,0,Internal error occurred: failed to generate token: while signing jwt: rpc error: code = Unavailable desc = token signing failed: threshold not met
T-sameregion-optimistic@v2nb-c100,21,1791053692470693562,1083583560,1,
T-sameregion-optimistic@v2nb-c100,462,1791053693453691350,101032348,0,Internal error occurred: failed to generate token: while signing jwt: rpc error: code = Unavailable desc = token signing failed: threshold not met
T-sameregion-optimistic@v2nb-c100,458,1791053693448786783,106197297,0,Internal error occurred: failed to generate token: while signing jwt: rpc error: code = Unavailable desc = token signing failed: threshold not met
T-sameregion-optimistic@v2nb-c100,461,1791053693451399432,103743758,0,Internal error occurred: failed to generate token: while signing jwt: rpc error: code = Unavailable desc = token signing failed: threshold not met
T-sameregion-optimistic@v2nb-c100,478,1791053693459570676,97596371,0,Internal error occurred: failed to generate token: while signing jwt: rpc error: code = Unavailable desc = token signing failed: threshold not met
T-sameregion-optimistic@v2nb-c100,464,1791053693457633920,100072412,0,Internal error occurred: failed to generate token: while signing jwt: rpc error: code = Unavailable desc = token signing failed: threshold not met
T-sameregion-optimistic@v2nb-c100,491,1791053693460506108,100412973,0,Internal error occurred: failed to generate token: while signing jwt: rpc error: code = Unavailable desc = token signing failed: threshold not met
T-sameregion-optimistic@v2nb-c100,468,1791053693459175482,101950240,0,Internal error occurred: failed to generate token: while signing jwt: rpc error: code = Unavailable desc = token signing failed: threshold not met
T-sameregion-optimistic@v2nb-c100,472,1791053693459383123,101853363,0,Internal error occurred: failed to generate token: while signing jwt: rpc error: code = Unavailable desc = token signing failed: threshold not met
T-sameregion-optimistic@v2nb-c100,486,1791053693459825949,101580448,0,Internal error occurred: failed to generate token: while signing jwt: rpc error: code = Unavailable desc = token signing failed: threshold not met
T-sameregion-optimistic@v2nb-c100,466,1791053693459021057,102385679,0,Internal error occurred: failed to generate token: while signing jwt: rpc error: code = Unavailable desc = token signing failed: threshold not met
T-sameregion-optimistic@v2nb-c100,484,1791053693459765601,101708377,0,Internal error occurred: failed to generate token: while signing jwt: rpc error: code = Unavailable desc = token signing failed: threshold not met
T-sameregion-optimistic@v2nb-c100,496,1791053693493250923,68284813,0,Internal error occurred: failed to generate token: while signing jwt: rpc error: code = Unavailable desc = token signing failed: threshold not met
T-sameregion-optimistic@v2nb-c100,465,1791053693458963855,102626387,0,Internal error occurred: failed to generate token: while signing jwt: rpc error: code = Unavailable desc = token signing failed: threshold not met
T-sameregion-optimistic@v2nb-c100,493,1791053693460881888,104749366,0,Internal error occurred: failed to generate token: while signing jwt: rpc error: code = Unavailable desc = token signing failed: threshold not met
T-sameregion-optimistic@v2nb-c100,480,1791053693459638216,106277688,0,Internal error occurred: failed to generate token: while signing jwt: rpc error: code = Unavailable desc = token signing failed: threshold not met
T-sameregion-optimistic@v2nb-c100,495,1791053693493022350,73102712,0,Internal error occurred: failed to generate token: while signing jwt: rpc error: code = Unavailable desc = token signing failed: threshold not met
T-sameregion-optimistic@v2nb-c100,482,1791053693459692711,106751481,0,Internal error occurred: failed to generate token: while signing jwt: rpc error: code = Unavailable desc = token signing failed: threshold not met
T-sameregion-optimistic@v2nb-c100,477,1791053693459542935,135460645,0,Internal error occurred: failed to generate token: while signing jwt: rpc error: code = Unavailable desc = token signing failed: threshold not met
T-sameregion-optimistic@v2nb-c100,447,1791053693402712957,192298072,0,Internal error occurred: failed to generate token: while signing jwt: rpc error: code = Unavailable desc = token signing failed: threshold not met
T-sameregion-optimistic@v2nb-c100,451,1791053693403066977,192699064,0,Internal error occurred: failed to generate token: while signing jwt: rpc error: code = Unavailable desc = token signing failed: threshold not met
T-sameregion-optimistic@v2nb-c100,457,1791053693448675100,149156412,0,Internal error occurred: failed to generate token: while signing jwt: rpc error: code = Unavailable desc = token signing failed: threshold not met
T-sameregion-optimistic@v2nb-c100,454,1791053693448470668,149397508,0,Internal error occurred: failed to generate token: while signing jwt: rpc error: code = Unavailable desc = token signing failed: threshold not met
T-sameregion-optimistic@v2nb-c100,467,1791053693459164517,138893815,0,Internal error occurred: failed to generate token: while signing jwt: rpc error: code = Unavailable desc = token signing failed: threshold not met
T-sameregion-optimistic@v2nb-c100,471,1791053693459345881,138777002,0,Internal error occurred: failed to generate token: while signing jwt: rpc error: code = Unavailable desc = token signing failed: threshold not met
T-sameregion-optimistic@v2nb-c100,438,1791053693397666496,200510282,0,Internal error occurred: failed to generate token: while signing jwt: rpc error: code = Unavailable desc = token signing failed: threshold not met
T-sameregion-optimistic@v2nb-c100,470,1791053693459282353,138971531,0,Internal error occurred: failed to generate token: while signing jwt: rpc error: code = Unavailable desc = token signing failed: threshold not met
T-sameregion-optimistic@v2nb-c100,494,1791053693493011216,105349299,0,Internal error occurred: failed to generate token: while signing jwt: rpc error: code = Unavailable desc = token signing failed: threshold not met
T-sameregion-optimistic@v2nb-c100,505,1791053693505727276,92633343,0,Internal error occurred: failed to generate token: while signing jwt: rpc error: code = Unavailable desc = token signing failed: threshold not met
T-sameregion-optimistic@v2nb-c100,490,1791053693460398906,138051199,0,Internal error occurred: failed to generate token: while signing jwt: rpc error: code = Unavailable desc = token signing failed: threshold not met
T-sameregion-optimistic@v2nb-c100,501,1791053693500827625,97614349,0,Internal error occurred: failed to generate token: while signing jwt: rpc error: code = Unavailable desc = token signing failed: threshold not met
T-sameregion-optimistic@v2nb-c100,504,1791053693505655815,92870014,0,Internal error occurred: failed to generate token: while signing jwt: rpc error: code = Unavailable desc = token signing failed: threshold not met
T-sameregion-optimistic@v2nb-c100,479,1791053693459619282,138956088,0,Internal error occurred: failed to generate token: while signing jwt: rpc error: code = Unavailable desc = token signing failed: threshold not met
T-sameregion-optimistic@v2nb-c100,469,1791053693459263604,139385542,0,Internal error occurred: failed to generate token: while signing jwt: rpc error: code = Unavailable desc = token signing failed: threshold not met
T-sameregion-optimistic@v2nb-c100,500,1791053693500506274,98342322,0,Internal error occurred: failed to generate token: while signing jwt: rpc error: code = Unavailable desc = token signing failed: threshold not met
T-sameregion-optimistic@v2nb-c100,488,1791053693460031981,138843311,0,Internal error occurred: failed to generate token: while signing jwt: rpc error: code = Unavailable desc = token signing failed: threshold not met
T-sameregion-optimistic@v2nb-c100,508,1791053693547667292,57072294,0,Internal error occurred: failed to generate token: while signing jwt: rpc error: code = Unavailable desc = token signing failed: threshold not met
T-sameregion-optimistic@v2nb-c100,506,1791053693530270161,74989147,0,Internal error occurred: failed to generate token: while signing jwt: rpc error: code = Unavailable desc = token signing failed: threshold not met
T-sameregion-optimistic@v2nb-c100,498,1791053693500047957,105362261,0,Internal error occurred: failed to generate token: while signing jwt: rpc error: code = Unavailable desc = token signing failed: threshold not met
T-sameregion-optimistic@v2nb-c100,499,1791053693500422253,105525703,0,Internal error occurred: failed to generate token: while signing jwt: rpc error: code = Unavailable desc = token signing failed: threshold not met
T-sameregion-optimistic@v2nb-c100,509,1791053693554281530,70510332,0,Internal error occurred: failed to generate token: while signing jwt: rpc error: code = Unavailable desc = token signing failed: threshold not met
T-sameregion-optimistic@v2nb-c100,513,1791053693557171716,67816670,0,Internal error occurred: failed to generate token: while signing jwt: rpc error: code = Unavailable desc = token signing failed: threshold not met
T-sameregion-optimistic@v2nb-c100,514,1791053693557709017,89028309,0,Internal error occurred: failed to generate token: while signing jwt: rpc error: code = Unavailable desc = token signing failed: threshold not met
T-sameregion-optimistic@v2nb-c100,510,1791053693554728187,96068817,0,Internal error occurred: failed to generate token: while signing jwt: rpc error: code = Unavailable desc = token signing failed: threshold not met
T-sameregion-optimistic@v2nb-c100,525,1791053693566128184,86195771,0,Internal error occurred: failed to generate token: while signing jwt: rpc error: code = Unavailable desc = token signing failed: threshold not met
T-sameregion-optimistic@v2nb-c100,520,1791053693561478501,90848952,0,Internal error occurred: failed to generate token: while signing jwt: rpc error: code = Unavailable desc = token signing failed: threshold not met
T-sameregion-optimistic@v2nb-c100,527,1791053693595009852,58577403,0,Internal error occurred: failed to generate token: while signing jwt: rpc error: code = Unavailable desc = token signing failed: threshold not met
T-sameregion-optimistic@v2nb-c100,526,1791053693566447431,87147208,0,Internal error occurred: failed to generate token: while signing jwt: rpc error: code = Unavailable desc = token signing failed: threshold not met
T-sameregion-optimistic@v2nb-c100,522,1791053693561592424,92067139,0,Internal error occurred: failed to generate token: while signing jwt: rpc error: code = Unavailable desc = token signing failed: threshold not met
T-sameregion-optimistic@v2nb-c100,518,1791053693561409323,92342263,0,Internal error occurred: failed to generate token: while signing jwt: rpc error: code = Unavailable desc = token signing failed: threshold not met
T-sameregion-optimistic@v2nb-c100,521,1791053693561538144,92644335,0,Internal error occurred: failed to generate token: while signing jwt: rpc error: code = Unavailable desc = token signing failed: threshold not met
T-sameregion-optimistic@v2nb-c100,529,1791053693595769886,60797631,0,Internal error occurred: failed to generate token: while signing jwt: rpc error: code = Unavailable desc = token signing failed: threshold not met
T-sameregion-optimistic@v2nb-c100,530,1791053693597835445,60797590,0,Internal error occurred: failed to generate token: while signing jwt: rpc error: code = Unavailable desc = token signing failed: threshold not met
T-sameregion-optimistic@v2nb-c100,519,1791053693561409290,97354026,0,Internal error occurred: failed to generate token: while signing jwt: rpc error: code = Unavailable desc = token signing failed: threshold not met
T-sameregion-optimistic@v2nb-c100,523,1791053693565636001,93135159,0,Internal error occurred: failed to generate token: while signing jwt: rpc error: code = Unavailable desc = token signing failed: threshold not met
T-sameregion-optimistic@v2nb-c100,524,1791053693565924130,92936038,0,Internal error occurred: failed to generate token: while signing jwt: rpc error: code = Unavailable desc = token signing failed: threshold not met
T-sameregion-optimistic@v2nb-c100,512,1791053693555145225,103790471,0,Internal error occurred: failed to generate token: while signing jwt: rpc error: code = Unavailable desc = token signing failed: threshold not met
T-sameregion-optimistic@v2nb-c100,515,1791053693560922980,98083758,0,Internal error occurred: failed to generate token: while signing jwt: rpc error: code = Unavailable desc = token signing failed: threshold not met
T-sameregion-optimistic@v2nb-c100,528,1791053693595013752,66778030,0,Internal error occurred: failed to generate token: while signing jwt: rpc error: code = Unavailable desc = token signing failed: threshold not met
T-sameregion-optimistic@v2nb-c100,548,1791053693605951099,88649826,0,Internal error occurred: failed to generate token: while signing jwt: rpc error: code = Unavailable desc = token signing failed: threshold not met
T-sameregion-optimistic@v2nb-c100,533,1791053693598140738,96481333,0,Internal error occurred: failed to generate token: while signing jwt: rpc error: code = Unavailable desc = token signing failed: threshold not met
T-sameregion-optimistic@v2nb-c100,536,1791053693598362861,96238011,0,Internal error occurred: failed to generate token: while signing jwt: rpc error: code = Unavailable desc = token signing failed: threshold not met
T-sameregion-optimistic@v2nb-c100,546,1791053693605264326,89443080,0,Internal error occurred: failed to generate token: while signing jwt: rpc error: code = Unavailable desc = token signing failed: threshold not met
T-sameregion-optimistic@v2nb-c100,534,1791053693598180505,100383637,0,Internal error occurred: failed to generate token: while signing jwt: rpc error: code = Unavailable desc = token signing failed: threshold not met
T-sameregion-optimistic@v2nb-c100,550,1791053693624991573,73610324,0,Internal error occurred: failed to generate token: while signing jwt: rpc error: code = Unavailable desc = token signing failed: threshold not met
T-sameregion-optimistic@v2nb-c100,540,1791053693598528010,101903297,0,Internal error occurred: failed to generate token: while signing jwt: rpc error: code = Unavailable desc = token signing failed: threshold not met
T-sameregion-optimistic@v2nb-c100,545,1791053693604746436,95684850,0,Internal error occurred: failed to generate token: while signing jwt: rpc error: code = Unavailable desc = token signing failed: threshold not met
T-sameregion-optimistic@v2nb-c100,541,1791053693598577159,102715232,0,Internal error occurred: failed to generate token: while signing jwt: rpc error: code = Unavailable desc = token signing failed: threshold not met
T-sameregion-optimistic@v2nb-c100,547,1791053693605415334,95877035,0,Internal error occurred: failed to generate token: while signing jwt: rpc error: code = Unavailable desc = token signing failed: threshold not met
T-sameregion-optimistic@v2nb-c100,535,1791053693598255929,103108139,0,Internal error occurred: failed to generate token: while signing jwt: rpc error: code = Unavailable desc = token signing failed: threshold not met
T-sameregion-optimistic@v2nb-c100,544,1791053693598877710,102951732,0,Internal error occurred: failed to generate token: while signing jwt: rpc error: code = Unavailable desc = token signing failed: threshold not met
T-sameregion-optimistic@v2nb-c100,15,1791053692470460163,1266668450,0,Internal error occurred: failed to generate token: while signing jwt: rpc error: code = Unavailable desc = token signing failed: threshold not met
T-sameregion-optimistic@v2nb-c100,559,1791053693654185211,89040595,0,Internal error occurred: failed to generate token: while signing jwt: rpc error: code = Unavailable desc = token signing failed: threshold not met
T-sameregion-optimistic@v2nb-c100,558,1791053693653754449,94105449,0,Internal error occurred: failed to generate token: while signing jwt: rpc error: code = Unavailable desc = token signing failed: threshold not met
T-sameregion-optimistic@v2nb-c100,552,1791053693650802704,97064266,0,Internal error occurred: failed to generate token: while signing jwt: rpc error: code = Unavailable desc = token signing failed: threshold not met
T-sameregion-optimistic@v2nb-c100,555,1791053693653591726,94485929,0,Internal error occurred: failed to generate token: while signing jwt: rpc error: code = Unavailable desc = token signing failed: threshold not met
T-sameregion-optimistic@v2nb-c100,560,1791053693656571980,94628449,0,Internal error occurred: failed to generate token: while signing jwt: rpc error: code = Unavailable desc = token signing failed: threshold not met
T-sameregion-optimistic@v2nb-c100,572,1791053693698569107,52631300,0,Internal error occurred: failed to generate token: while signing jwt: rpc error: code = Unavailable desc = token signing failed: threshold not met
T-sameregion-optimistic@v2nb-c100,565,1791053693658938478,93558336,0,Internal error occurred: failed to generate token: while signing jwt: rpc error: code = Unavailable desc = token signing failed: threshold not met
T-sameregion-optimistic@v2nb-c100,553,1791053693652329693,100787675,0,Internal error occurred: failed to generate token: while signing jwt: rpc error: code = Unavailable desc = token signing failed: threshold not met
T-sameregion-optimistic@v2nb-c100,570,1791053693694648568,58468845,0,Internal error occurred: failed to generate token: while signing jwt: rpc error: code = Unavailable desc = token signing failed: threshold not met
T-sameregion-optimistic@v2nb-c100,567,1791053693661794321,91466293,0,Internal error occurred: failed to generate token: while signing jwt: rpc error: code = Unavailable desc = token signing failed: threshold not met
T-sameregion-optimistic@v2nb-c100,563,1791053693658773801,94523997,0,Internal error occurred: failed to generate token: while signing jwt: rpc error: code = Unavailable desc = token signing failed: threshold not met
T-sameregion-optimistic@v2nb-c100,568,1791053693694607280,58817243,0,Internal error occurred: failed to generate token: while signing jwt: rpc error: code = Unavailable desc = token signing failed: threshold not met
T-sameregion-optimistic@v2nb-c100,562,1791053693658766480,97247841,0,Internal error occurred: failed to generate token: while signing jwt: rpc error: code = Unavailable desc = token signing failed: threshold not met
T-sameregion-optimistic@v2nb-c100,566,1791053693659008726,97080418,0,Internal error occurred: failed to generate token: while signing jwt: rpc error: code = Unavailable desc = token signing failed: threshold not met
T-sameregion-optimistic@v2nb-c100,573,1791053693698604980,57688910,0,Internal error occurred: failed to generate token: while signing jwt: rpc error: code = Unavailable desc = token signing failed: threshold not met
T-sameregion-optimistic@v2nb-c100,571,1791053693694709486,63892889,0,Internal error occurred: failed to generate token: while signing jwt: rpc error: code = Unavailable desc = token signing failed: threshold not met
T-sameregion-optimistic@v2nb-c100,575,1791053693700436259,58541940,0,Internal error occurred: failed to generate token: while signing jwt: rpc error: code = Unavailable desc = token signing failed: threshold not met
T-sameregion-optimistic@v2nb-c100,569,1791053693694626040,64412347,0,Internal error occurred: failed to generate token: while signing jwt: rpc error: code = Unavailable desc = token signing failed: threshold not met
T-sameregion-optimistic@v2nb-c100,578,1791053693701366258,93981255,0,Internal error occurred: failed to generate token: while signing jwt: rpc error: code = Unavailable desc = token signing failed: threshold not met
T-sameregion-optimistic@v2nb-c100,579,1791053693701832132,93528756,0,Internal error occurred: failed to generate token: while signing jwt: rpc error: code = Unavailable desc = token signing failed: threshold not met
T-sameregion-optimistic@v2nb-c100,580,1791053693737133194,58298533,0,Internal error occurred: failed to generate token: while signing jwt: rpc error: code = Unavailable desc = token signing failed: threshold not met
T-sameregion-optimistic@v2nb-c100,576,1791053693701297281,97485307,0,Internal error occurred: failed to generate token: while signing jwt: rpc error: code = Unavailable desc = token signing failed: threshold not met
T-sameregion-optimistic@v2nb-c100,577,1791053693701297078,97508589,0,Internal error occurred: failed to generate token: while signing jwt: rpc error: code = Unavailable desc = token signing failed: threshold not met
T-sameregion-optimistic@v2nb-c100,581,1791053693743232475,83930629,0,Internal error occurred: failed to generate token: while signing jwt: rpc error: code = Unavailable desc = token signing failed: threshold not met
T-sameregion-optimistic@v2nb-c100,589,1791053693753121202,74056776,0,Internal error occurred: failed to generate token: while signing jwt: rpc error: code = Unavailable desc = token signing failed: threshold not met
T-sameregion-optimistic@v2nb-c100,585,1791053693751204499,76047258,0,Internal error occurred: failed to generate token: while signing jwt: rpc error: code = Unavailable desc = token signing failed: threshold not met
T-sameregion-optimistic@v2nb-c100,584,1791053693748080545,79082378,0,Internal error occurred: failed to generate token: while signing jwt: rpc error: code = Unavailable desc = token signing failed: threshold not met
T-sameregion-optimistic@v2nb-c100,583,1791053693747869358,80209284,0,Internal error occurred: failed to generate token: while signing jwt: rpc error: code = Unavailable desc = token signing failed: threshold not met
T-sameregion-optimistic@v2nb-c100,591,1791053693753300702,93667591,0,Internal error occurred: failed to generate token: while signing jwt: rpc error: code = Unavailable desc = token signing failed: threshold not met
T-sameregion-optimistic@v2nb-c100,590,1791053693753263440,93788529,0,Internal error occurred: failed to generate token: while signing jwt: rpc error: code = Unavailable desc = token signing failed: threshold not met
T-sameregion-optimistic@v2nb-c100,596,1791053693758605947,88646363,0,Internal error occurred: failed to generate token: while signing jwt: rpc error: code = Unavailable desc = token signing failed: threshold not met
T-sameregion-optimistic@v2nb-c100,592,1791053693753427183,93835178,0,Internal error occurred: failed to generate token: while signing jwt: rpc error: code = Unavailable desc = token signing failed: threshold not met
T-sameregion-optimistic@v2nb-c100,595,1791053693756296694,93019400,0,Internal error occurred: failed to generate token: while signing jwt: rpc error: code = Unavailable desc = token signing failed: threshold not met
T-sameregion-optimistic@v2nb-c100,594,1791053693756092135,93225622,0,Internal error occurred: failed to generate token: while signing jwt: rpc error: code = Unavailable desc = token signing failed: threshold not met
T-sameregion-optimistic@v2nb-c100,607,1791053693827293567,22685812,0,Internal error occurred: failed to generate token: while signing jwt: rpc error: code = Unavailable desc = token signing failed: threshold not met
T-sameregion-optimistic@v2nb-c100,601,1791053693795434063,54668706,0,Internal error occurred: failed to generate token: while signing jwt: rpc error: code = Unavailable desc = token signing failed: threshold not met
T-sameregion-optimistic@v2nb-c100,608,1791053693828082850,24412832,0,Internal error occurred: failed to generate token: while signing jwt: rpc error: code = Unavailable desc = token signing failed: threshold not met
T-sameregion-optimistic@v2nb-c100,599,1791053693795352852,58427217,0,Internal error occurred: failed to generate token: while signing jwt: rpc error: code = Unavailable desc = token signing failed: threshold not met
T-sameregion-optimistic@v2nb-c100,602,1791053693798787162,55154832,0,Internal error occurred: failed to generate token: while signing jwt: rpc error: code = Unavailable desc = token signing failed: threshold not met
T-sameregion-optimistic@v2nb-c100,603,1791053693798810528,55135780,0,Internal error occurred: failed to generate token: while signing jwt: rpc error: code = Unavailable desc = token signing failed: threshold not met
T-sameregion-optimistic@v2nb-c100,600,1791053693795363575,58946005,0,Internal error occurred: failed to generate token: while signing jwt: rpc error: code = Unavailable desc = token signing failed: threshold not met
T-sameregion-optimistic@v2nb-c100,606,1791053693827253812,27213818,0,Internal error occurred: failed to generate token: while signing jwt: rpc error: code = Unavailable desc = token signing failed: threshold not met
T-sameregion-optimistic@v2nb-c100,605,1791053693827180337,28306334,0,Internal error occurred: failed to generate token: while signing jwt: rpc error: code = Unavailable desc = token signing failed: threshold not met
T-sameregion-optimistic@v2nb-c100,604,1791053693827169950,67445315,0,Internal error occurred: failed to generate token: while signing jwt: rpc error: code = Unavailable desc = token signing failed: threshold not met
T-sameregion-optimistic@v2nb-c100,614,1791053693849321066,75807061,0,Internal error occurred: failed to generate token: while signing jwt: rpc error: code = Unavailable desc = token signing failed: threshold not met
T-sameregion-optimistic@v2nb-c100,53,1791053692471936529,1453655948,1,
T-sameregion-optimistic@v2nb-c100,613,1791053693849321068,95666138,0,Internal error occurred: failed to generate token: while signing jwt: rpc error: code = Unavailable desc = token signing failed: threshold not met
T-sameregion-optimistic@v2nb-c100,612,1791053693847265278,98907896,0,Internal error occurred: failed to generate token: while signing jwt: rpc error: code = Unavailable desc = token signing failed: threshold not met
T-sameregion-optimistic@v2nb-c100,609,1791053693846973985,99213849,0,Internal error occurred: failed to generate token: while signing jwt: rpc error: code = Unavailable desc = token signing failed: threshold not met
T-sameregion-optimistic@v2nb-c100,623,1791053693855489870,90828800,0,Internal error occurred: failed to generate token: while signing jwt: rpc error: code = Unavailable desc = token signing failed: threshold not met
T-sameregion-optimistic@v2nb-c100,622,1791053693854469822,91883155,0,Internal error occurred: failed to generate token: while signing jwt: rpc error: code = Unavailable desc = token signing failed: threshold not met
T-sameregion-optimistic@v2nb-c100,610,1791053693847057153,99374581,0,Internal error occurred: failed to generate token: while signing jwt: rpc error: code = Unavailable desc = token signing failed: threshold not met
T-sameregion-optimistic@v2nb-c100,624,1791053693894621293,51810931,0,Internal error occurred: failed to generate token: while signing jwt: rpc error: code = Unavailable desc = token signing failed: threshold not met
T-sameregion-optimistic@v2nb-c100,620,1791053693853948535,95305136,0,Internal error occurred: failed to generate token: while signing jwt: rpc error: code = Unavailable desc = token signing failed: threshold not met
T-sameregion-optimistic@v2nb-c100,625,1791053693925133429,24781795,0,Internal error occurred: failed to generate token: while signing jwt: rpc error: code = Unavailable desc = token signing failed: threshold not met
T-sameregion-optimistic@v2nb-c100,632,1791053693946433976,76788584,0,Internal error occurred: failed to generate token: while signing jwt: rpc error: code = Unavailable desc = token signing failed: threshold not met
T-sameregion-optimistic@v2nb-c100,635,1791053693949920563,74774495,0,Internal error occurred: failed to generate token: while signing jwt: rpc error: code = Unavailable desc = token signing failed: threshold not met
T-sameregion-optimistic@v2nb-c100,634,1791053693949258234,75436832,0,Internal error occurred: failed to generate token: while signing jwt: rpc error: code = Unavailable desc = token signing failed: threshold not met
T-sameregion-optimistic@v2nb-c100,630,1791053693946322862,79251014,0,Internal error occurred: failed to generate token: while signing jwt: rpc error: code = Unavailable desc = token signing failed: threshold not met
T-sameregion-optimistic@v2nb-c100,629,1791053693946190531,79808522,0,Internal error occurred: failed to generate token: while signing jwt: rpc error: code = Unavailable desc = token signing failed: threshold not met
T-sameregion-optimistic@v2nb-c100,627,1791053693944992140,81123541,0,Internal error occurred: failed to generate token: while signing jwt: rpc error: code = Unavailable desc = token signing failed: threshold not met
T-sameregion-optimistic@v2nb-c100,636,1791053694023228683,69924478,0,Internal error occurred: failed to generate token: while signing jwt: rpc error: code = Unavailable desc = token signing failed: threshold not met
T-sameregion-optimistic@v2nb-c100,637,1791053694024700922,68566257,0,Internal error occurred: failed to generate token: while signing jwt: rpc error: code = Unavailable desc = token signing failed: threshold not met
T-sameregion-optimistic@v2nb-c100,641,1791053694026117594,67304011,0,Internal error occurred: failed to generate token: while signing jwt: rpc error: code = Unavailable desc = token signing failed: threshold not met
T-sameregion-optimistic@v2nb-c100,640,1791053694026003809,67484169,0,Internal error occurred: failed to generate token: while signing jwt: rpc error: code = Unavailable desc = token signing failed: threshold not met
T-sameregion-optimistic@v2nb-c100,638,1791053694024700491,68825705,0,Internal error occurred: failed to generate token: while signing jwt: rpc error: code = Unavailable desc = token signing failed: threshold not met
T-sameregion-optimistic@v2nb-c100,642,1791053694093159546,51737879,0,Internal error occurred: failed to generate token: while signing jwt: rpc error: code = Unavailable desc = token signing failed: threshold not met
T-sameregion-optimistic@v2nb-c100,646,1791053694093527985,51384847,0,Internal error occurred: failed to generate token: while signing jwt: rpc error: code = Unavailable desc = token signing failed: threshold not met
T-sameregion-optimistic@v2nb-c100,643,1791053694093270522,51702637,0,Internal error occurred: failed to generate token: while signing jwt: rpc error: code = Unavailable desc = token signing failed: threshold not met
T-sameregion-optimistic@v2nb-c100,644,1791053694093423899,54584565,0,Internal error occurred: failed to generate token: while signing jwt: rpc error: code = Unavailable desc = token signing failed: threshold not met
T-sameregion-optimistic@v2nb-c100,647,1791053694144917331,5270243,0,Internal error occurred: failed to generate token: while signing jwt: rpc error: code = Unavailable desc = token signing failed: threshold not met
T-sameregion-optimistic@v2nb-c100,649,1791053694144975365,5402809,0,Internal error occurred: failed to generate token: while signing jwt: rpc error: code = Unavailable desc = token signing failed: threshold not met
T-sameregion-optimistic@v2nb-c100,648,1791053694144917321,7120607,0,Internal error occurred: failed to generate token: while signing jwt: rpc error: code = Unavailable desc = token signing failed: threshold not met
T-sameregion-optimistic@v2nb-c100,11,1791053692470282208,1729235402,1,
T-sameregion-optimistic@v2nb-c100,651,1791053694150197014,73773555,0,Internal error occurred: failed to generate token: while signing jwt: rpc error: code = Unavailable desc = token signing failed: threshold not met
T-sameregion-optimistic@v2nb-c100,652,1791053694150380695,73640044,0,Internal error occurred: failed to generate token: while signing jwt: rpc error: code = Unavailable desc = token signing failed: threshold not met
T-sameregion-optimistic@v2nb-c100,654,1791053694199522338,49064905,0,Internal error occurred: failed to generate token: while signing jwt: rpc error: code = Unavailable desc = token signing failed: threshold not met
T-sameregion-optimistic@v2nb-c100,30,1791053692471059743,1824177157,1,
T-sameregion-optimistic@v2nb-c100,71,1791053692472720397,1839892607,1,
T-sameregion-optimistic@v2nb-c100,657,1791053694248592102,74273638,0,Internal error occurred: failed to generate token: while signing jwt: rpc error: code = Unavailable desc = token signing failed: threshold not met
T-sameregion-optimistic@v2nb-c100,658,1791053694295242173,27634551,0,Internal error occurred: failed to generate token: while signing jwt: rpc error: code = Unavailable desc = token signing failed: threshold not met
T-sameregion-optimistic@v2nb-c100,33,1791053692471170586,1883931594,1,
T-sameregion-optimistic@v2nb-c100,29,1791053692471020292,1884861725,1,
T-sameregion-optimistic@v2nb-c100,659,1791053694312618069,80615069,0,Internal error occurred: failed to generate token: while signing jwt: rpc error: code = Unavailable desc = token signing failed: threshold not met
T-sameregion-optimistic@v2nb-c100,663,1791053694355885392,37562643,0,Internal error occurred: failed to generate token: while signing jwt: rpc error: code = Unavailable desc = token signing failed: threshold not met
T-sameregion-optimistic@v2nb-c100,660,1791053694322871516,70638253,0,Internal error occurred: failed to generate token: while signing jwt: rpc error: code = Unavailable desc = token signing failed: threshold not met
T-sameregion-optimistic@v2nb-c100,662,1791053694355108194,38515215,0,Internal error occurred: failed to generate token: while signing jwt: rpc error: code = Unavailable desc = token signing failed: threshold not met
T-sameregion-optimistic@v2nb-c100,661,1791053694322879852,70978409,0,Internal error occurred: failed to generate token: while signing jwt: rpc error: code = Unavailable desc = token signing failed: threshold not met
T-sameregion-optimistic@v2nb-c100,98,1791053692473827117,1934587046,0,Internal error occurred: failed to generate token: while signing jwt: rpc error: code = Unavailable desc = token signing failed: threshold not met
T-sameregion-optimistic@v2nb-c100,664,1791053694393238698,51970026,0,Internal error occurred: failed to generate token: while signing jwt: rpc error: code = Unavailable desc = token signing failed: threshold not met
T-sameregion-optimistic@v2nb-c100,667,1791053694393625329,51740735,0,Internal error occurred: failed to generate token: while signing jwt: rpc error: code = Unavailable desc = token signing failed: threshold not met
T-sameregion-optimistic@v2nb-c100,665,1791053694393451138,52001479,0,Internal error occurred: failed to generate token: while signing jwt: rpc error: code = Unavailable desc = token signing failed: threshold not met
T-sameregion-optimistic@v2nb-c100,668,1791053694393861277,51698233,0,Internal error occurred: failed to generate token: while signing jwt: rpc error: code = Unavailable desc = token signing failed: threshold not met
T-sameregion-optimistic@v2nb-c100,669,1791053694408421474,39887826,0,Internal error occurred: failed to generate token: while signing jwt: rpc error: code = Unavailable desc = token signing failed: threshold not met
T-sameregion-optimistic@v2nb-c100,666,1791053694393512727,54812285,0,Internal error occurred: failed to generate token: while signing jwt: rpc error: code = Unavailable desc = token signing failed: threshold not met
T-sameregion-optimistic@v2nb-c100,672,1791053694445454358,5213431,0,Internal error occurred: failed to generate token: while signing jwt: rpc error: code = Unavailable desc = token signing failed: threshold not met
T-sameregion-optimistic@v2nb-c100,673,1791053694445560965,5651536,0,Internal error occurred: failed to generate token: while signing jwt: rpc error: code = Unavailable desc = token signing failed: threshold not met
T-sameregion-optimistic@v2nb-c100,670,1791053694445214283,6014378,0,Internal error occurred: failed to generate token: while signing jwt: rpc error: code = Unavailable desc = token signing failed: threshold not met
T-sameregion-optimistic@v2nb-c100,671,1791053694445369286,6022982,0,Internal error occurred: failed to generate token: while signing jwt: rpc error: code = Unavailable desc = token signing failed: threshold not met
T-sameregion-optimistic@v2nb-c100,91,1791053692473556498,1979629011,1,
T-sameregion-optimistic@v2nb-c100,90,1791053692473518057,1985990136,1,
T-sameregion-optimistic@v2nb-c100,675,1791053694448331560,78093262,0,Internal error occurred: failed to generate token: while signing jwt: rpc error: code = Unavailable desc = token signing failed: threshold not met
T-sameregion-optimistic@v2nb-c100,679,1791053694451394638,75031741,0,Internal error occurred: failed to generate token: while signing jwt: rpc error: code = Unavailable desc = token signing failed: threshold not met
T-sameregion-optimistic@v2nb-c100,70,1791053692472682698,2079987131,1,
T-sameregion-optimistic@v2nb-c100,684,1791053694552676654,40422830,0,Internal error occurred: failed to generate token: while signing jwt: rpc error: code = Unavailable desc = token signing failed: threshold not met
T-sameregion-optimistic@v2nb-c100,46,1791053692471664363,2130364982,0,Internal error occurred: failed to generate token: while signing jwt: rpc error: code = Unavailable desc = token signing failed: threshold not met
T-sameregion-optimistic@v2nb-c100,48,1791053692471733818,2130324781,0,Internal error occurred: failed to generate token: while signing jwt: rpc error: code = Unavailable desc = token signing failed: threshold not met
T-sameregion-optimistic@v2nb-c100,100,1791053692473914974,2128211445,0,Internal error occurred: failed to generate token: while signing jwt: rpc error: code = Unavailable desc = token signing failed: threshold not met
T-sameregion-optimistic@v2nb-c100,59,1791053692472231249,2133562219,0,Internal error occurred: failed to generate token: while signing jwt: rpc error: code = Unavailable desc = token signing failed: threshold not met
T-sameregion-optimistic@v2nb-c100,55,1791053692472008388,2135867545,0,Internal error occurred: failed to generate token: while signing jwt: rpc error: code = Unavailable desc = token signing failed: threshold not met
T-sameregion-optimistic@v2nb-c100,76,1791053692472920657,2135516299,0,Internal error occurred: failed to generate token: while signing jwt: rpc error: code = Unavailable desc = token signing failed: threshold not met
T-sameregion-optimistic@v2nb-c100,27,1791053692470939413,2139106156,0,Internal error occurred: failed to generate token: while signing jwt: rpc error: code = Unavailable desc = token signing failed: threshold not met
T-sameregion-optimistic@v2nb-c100,80,1791053692473087843,2138255272,0,Internal error occurred: failed to generate token: while signing jwt: rpc error: code = Unavailable desc = token signing failed: threshold not met
T-sameregion-optimistic@v2nb-c100,78,1791053692473001539,2138699453,0,Internal error occurred: failed to generate token: while signing jwt: rpc error: code = Unavailable desc = token signing failed: threshold not met
T-sameregion-optimistic@v2nb-c100,45,1791053692471625723,2140473764,0,Internal error occurred: failed to generate token: while signing jwt: rpc error: code = Unavailable desc = token signing failed: threshold not met
T-sameregion-optimistic@v2nb-c100,77,1791053692472963158,2140558398,0,Internal error occurred: failed to generate token: while signing jwt: rpc error: code = Unavailable desc = token signing failed: threshold not met
T-sameregion-optimistic@v2nb-c100,81,1791053692473135958,2141458199,0,Internal error occurred: failed to generate token: while signing jwt: rpc error: code = Unavailable desc = token signing failed: threshold not met
T-sameregion-optimistic@v2nb-c100,74,1791053692472837288,2142978834,0,Internal error occurred: failed to generate token: while signing jwt: rpc error: code = Unavailable desc = token signing failed: threshold not met
T-sameregion-optimistic@v2nb-c100,31,1791053692471096055,2145331650,0,Internal error occurred: failed to generate token: while signing jwt: rpc error: code = Unavailable desc = token signing failed: threshold not met
T-sameregion-optimistic@v2nb-c100,99,1791053692473855570,2144702631,0,Internal error occurred: failed to generate token: while signing jwt: rpc error: code = Unavailable desc = token signing failed: threshold not met
T-sameregion-optimistic@v2nb-c100,86,1791053692473351825,2145227033,0,Internal error occurred: failed to generate token: while signing jwt: rpc error: code = Unavailable desc = token signing failed: threshold not met
T-sameregion-optimistic@v2nb-c100,50,1791053692471798375,2146898713,0,Internal error occurred: failed to generate token: while signing jwt: rpc error: code = Unavailable desc = token signing failed: threshold not met
T-sameregion-optimistic@v2nb-c100,28,1791053692470980631,2147776650,0,Internal error occurred: failed to generate token: while signing jwt: rpc error: code = Unavailable desc = token signing failed: threshold not met
T-sameregion-optimistic@v2nb-c100,58,1791053692472194256,2146593799,0,Internal error occurred: failed to generate token: while signing jwt: rpc error: code = Unavailable desc = token signing failed: threshold not met
T-sameregion-optimistic@v2nb-c100,93,1791053692473633298,2145301253,0,Internal error occurred: failed to generate token: while signing jwt: rpc error: code = Unavailable desc = token signing failed: threshold not met
T-sameregion-optimistic@v2nb-c100,56,1791053692472052188,2147000654,0,Internal error occurred: failed to generate token: while signing jwt: rpc error: code = Unavailable desc = token signing failed: threshold not met
T-sameregion-optimistic@v2nb-c100,82,1791053692473169491,2148844865,0,Internal error occurred: failed to generate token: while signing jwt: rpc error: code = Unavailable desc = token signing failed: threshold not met
T-sameregion-optimistic@v2nb-c100,109,1791053692591849009,2038852521,0,Internal error occurred: failed to generate token: while signing jwt: rpc error: code = Unavailable desc = token signing failed: threshold not met
T-sameregion-optimistic@v2nb-c100,106,1791053692591422786,2040167118,0,Internal error occurred: failed to generate token: while signing jwt: rpc error: code = Unavailable desc = token signing failed: threshold not met
T-sameregion-optimistic@v2nb-c100,118,1791053692644556368,2003990680,0,Internal error occurred: failed to generate token: while signing jwt: rpc error: code = Unavailable desc = token signing failed: threshold not met
T-sameregion-optimistic@v2nb-c100,685,1791053694593105087,56862196,0,Internal error occurred: failed to generate token: while signing jwt: rpc error: code = Unavailable desc = token signing failed: threshold not met
T-sameregion-optimistic@v2nb-c100,688,1791053694602128731,47891970,0,Internal error occurred: failed to generate token: while signing jwt: rpc error: code = Unavailable desc = token signing failed: threshold not met
T-sameregion-optimistic@v2nb-c100,689,1791053694605799587,46154641,0,Internal error occurred: failed to generate token: while signing jwt: rpc error: code = Unavailable desc = token signing failed: threshold not met
T-sameregion-optimistic@v2nb-c100,687,1791053694602065034,50374180,0,Internal error occurred: failed to generate token: while signing jwt: rpc error: code = Unavailable desc = token signing failed: threshold not met
T-sameregion-optimistic@v2nb-c100,694,1791053694611704566,82319304,0,Internal error occurred: failed to generate token: while signing jwt: rpc error: code = Unavailable desc = token signing failed: threshold not met
T-sameregion-optimistic@v2nb-c100,695,1791053694612101893,82019164,0,Internal error occurred: failed to generate token: while signing jwt: rpc error: code = Unavailable desc = token signing failed: threshold not met
T-sameregion-optimistic@v2nb-c100,696,1791053694613523694,84643822,0,Internal error occurred: failed to generate token: while signing jwt: rpc error: code = Unavailable desc = token signing failed: threshold not met
T-sameregion-optimistic@v2nb-c100,702,1791053694618699838,79631541,0,Internal error occurred: failed to generate token: while signing jwt: rpc error: code = Unavailable desc = token signing failed: threshold not met
T-sameregion-optimistic@v2nb-c100,707,1791053694622018202,76388157,0,Internal error occurred: failed to generate token: while signing jwt: rpc error: code = Unavailable desc = token signing failed: threshold not met
T-sameregion-optimistic@v2nb-c100,711,1791053694649971317,48467768,0,Internal error occurred: failed to generate token: while signing jwt: rpc error: code = Unavailable desc = token signing failed: threshold not met
T-sameregion-optimistic@v2nb-c100,703,1791053694618761185,79745842,0,Internal error occurred: failed to generate token: while signing jwt: rpc error: code = Unavailable desc = token signing failed: threshold not met
T-sameregion-optimistic@v2nb-c100,710,1791053694648552644,50025715,0,Internal error occurred: failed to generate token: while signing jwt: rpc error: code = Unavailable desc = token signing failed: threshold not met
T-sameregion-optimistic@v2nb-c100,704,1791053694618790551,79813291,0,Internal error occurred: failed to generate token: while signing jwt: rpc error: code = Unavailable desc = token signing failed: threshold not met
T-sameregion-optimistic@v2nb-c100,697,1791053694614596756,84109656,0,Internal error occurred: failed to generate token: while signing jwt: rpc error: code = Unavailable desc = token signing failed: threshold not met
T-sameregion-optimistic@v2nb-c100,708,1791053694630707347,68006750,0,Internal error occurred: failed to generate token: while signing jwt: rpc error: code = Unavailable desc = token signing failed: threshold not met
T-sameregion-optimistic@v2nb-c100,692,1791053694610049013,88810891,0,Internal error occurred: failed to generate token: while signing jwt: rpc error: code = Unavailable desc = token signing failed: threshold not met
T-sameregion-optimistic@v2nb-c100,701,1791053694618581273,80289645,0,Internal error occurred: failed to generate token: while signing jwt: rpc error: code = Unavailable desc = token signing failed: threshold not met
T-sameregion-optimistic@v2nb-c100,705,1791053694618937155,80075446,0,Internal error occurred: failed to generate token: while signing jwt: rpc error: code = Unavailable desc = token signing failed: threshold not met
T-sameregion-optimistic@v2nb-c100,714,1791053694652443497,71946545,0,Internal error occurred: failed to generate token: while signing jwt: rpc error: code = Unavailable desc = token signing failed: threshold not met
T-sameregion-optimistic@v2nb-c100,715,1791053694694028155,57306060,0,Internal error occurred: failed to generate token: while signing jwt: rpc error: code = Unavailable desc = token signing failed: threshold not met
T-sameregion-optimistic@v2nb-c100,720,1791053694698464501,52881665,0,Internal error occurred: failed to generate token: while signing jwt: rpc error: code = Unavailable desc = token signing failed: threshold not met
T-sameregion-optimistic@v2nb-c100,723,1791053694698605838,52833310,0,Internal error occurred: failed to generate token: while signing jwt: rpc error: code = Unavailable desc = token signing failed: threshold not met
T-sameregion-optimistic@v2nb-c100,716,1791053694694124282,57374848,0,Internal error occurred: failed to generate token: while signing jwt: rpc error: code = Unavailable desc = token signing failed: threshold not met
T-sameregion-optimistic@v2nb-c100,721,1791053694698509074,53482620,0,Internal error occurred: failed to generate token: while signing jwt: rpc error: code = Unavailable desc = token signing failed: threshold not met
T-sameregion-optimistic@v2nb-c100,717,1791053694698172324,53837970,0,Internal error occurred: failed to generate token: while signing jwt: rpc error: code = Unavailable desc = token signing failed: threshold not met
T-sameregion-optimistic@v2nb-c100,724,1791053694698708430,57664184,0,Internal error occurred: failed to generate token: while signing jwt: rpc error: code = Unavailable desc = token signing failed: threshold not met
T-sameregion-optimistic@v2nb-c100,125,1791053692745240230,2011317004,0,Internal error occurred: failed to generate token: while signing jwt: rpc error: code = Unavailable desc = token signing failed: threshold not met
T-sameregion-optimistic@v2nb-c100,122,1791053692744628124,2012048589,0,Internal error occurred: failed to generate token: while signing jwt: rpc error: code = Unavailable desc = token signing failed: threshold not met
T-sameregion-optimistic@v2nb-c100,719,1791053694698409303,58358054,0,Internal error occurred: failed to generate token: while signing jwt: rpc error: code = Unavailable desc = token signing failed: threshold not met
T-sameregion-optimistic@v2nb-c100,727,1791053694698873056,57983389,0,Internal error occurred: failed to generate token: while signing jwt: rpc error: code = Unavailable desc = token signing failed: threshold not met
T-sameregion-optimistic@v2nb-c100,128,1791053692745547331,2011412411,0,Internal error occurred: failed to generate token: while signing jwt: rpc error: code = Unavailable desc = token signing failed: threshold not met
T-sameregion-optimistic@v2nb-c100,726,1791053694698862748,58177665,0,Internal error occurred: failed to generate token: while signing jwt: rpc error: code = Unavailable desc = token signing failed: threshold not met
T-sameregion-optimistic@v2nb-c100,735,1791053694752012992,43773777,0,Internal error occurred: failed to generate token: while signing jwt: rpc error: code = Unavailable desc = token signing failed: threshold not met
T-sameregion-optimistic@v2nb-c100,730,1791053694751340239,44446551,0,Internal error occurred: failed to generate token: while signing jwt: rpc error: code = Unavailable desc = token signing failed: threshold not met
T-sameregion-optimistic@v2nb-c100,729,1791053694724396781,71482977,0,Internal error occurred: failed to generate token: while signing jwt: rpc error: code = Unavailable desc = token signing failed: threshold not met
T-sameregion-optimistic@v2nb-c100,732,1791053694751440868,44555362,0,Internal error occurred: failed to generate token: while signing jwt: rpc error: code = Unavailable desc = token signing failed: threshold not met
T-sameregion-optimistic@v2nb-c100,176,1791053692779924989,2018425793,0,Internal error occurred: failed to generate token: while signing jwt: rpc error: code = Unavailable desc = token signing failed: threshold not met
T-sameregion-optimistic@v2nb-c100,440,1791053693397809682,1406026915,0,Internal error occurred: failed to generate token: while signing jwt: rpc error: code = Unavailable desc = token signing failed: threshold not met
T-sameregion-optimistic@v2nb-c100,737,1791053694756560314,67772197,0,Internal error occurred: failed to generate token: while signing jwt: rpc error: code = Unavailable desc = token signing failed: threshold not met
T-sameregion-optimistic@v2nb-c100,741,1791053694756962236,67387411,0,Internal error occurred: failed to generate token: while signing jwt: rpc error: code = Unavailable desc = token signing failed: threshold not met
T-sameregion-optimistic@v2nb-c100,738,1791053694756679092,67710683,0,Internal error occurred: failed to generate token: while signing jwt: rpc error: code = Unavailable desc = token signing failed: threshold not met
T-sameregion-optimistic@v2nb-c100,731,1791053694751348516,73379884,0,Internal error occurred: failed to generate token: while signing jwt: rpc error: code = Unavailable desc = token signing failed: threshold not met
T-sameregion-optimistic@v2nb-c100,736,1791053694756377938,68405078,0,Internal error occurred: failed to generate token: while signing jwt: rpc error: code = Unavailable desc = token signing failed: threshold not met
T-sameregion-optimistic@v2nb-c100,747,1791053694798356803,54477462,0,Internal error occurred: failed to generate token: while signing jwt: rpc error: code = Unavailable desc = token signing failed: threshold not met
T-sameregion-optimistic@v2nb-c100,746,1791053694796000202,56862219,0,Internal error occurred: failed to generate token: while signing jwt: rpc error: code = Unavailable desc = token signing failed: threshold not met
T-sameregion-optimistic@v2nb-c100,745,1791053694795882026,57064525,0,Internal error occurred: failed to generate token: while signing jwt: rpc error: code = Unavailable desc = token signing failed: threshold not met
T-sameregion-optimistic@v2nb-c100,748,1791053694803843316,49186784,0,Internal error occurred: failed to generate token: while signing jwt: rpc error: code = Unavailable desc = token signing failed: threshold not met
T-sameregion-optimistic@v2nb-c100,739,1791053694756769487,97172430,0,Internal error occurred: failed to generate token: while signing jwt: rpc error: code = Unavailable desc = token signing failed: threshold not met
T-sameregion-optimistic@v2nb-c100,744,1791053694795798808,58283115,0,Internal error occurred: failed to generate token: while signing jwt: rpc error: code = Unavailable desc = token signing failed: threshold not met
T-sameregion-optimistic@v2nb-c100,752,1791053694824731454,29442081,0,Internal error occurred: failed to generate token: while signing jwt: rpc error: code = Unavailable desc = token signing failed: threshold not met
T-sameregion-optimistic@v2nb-c100,750,1791053694824352309,69210076,0,Internal error occurred: failed to generate token: while signing jwt: rpc error: code = Unavailable desc = token signing failed: threshold not met
T-sameregion-optimistic@v2nb-c100,753,1791053694824786365,68776058,0,Internal error occurred: failed to generate token: while signing jwt: rpc error: code = Unavailable desc = token signing failed: threshold not met
T-sameregion-optimistic@v2nb-c100,751,1791053694824391273,69449746,0,Internal error occurred: failed to generate token: while signing jwt: rpc error: code = Unavailable desc = token signing failed: threshold not met
T-sameregion-optimistic@v2nb-c100,749,1791053694824338291,69512789,0,Internal error occurred: failed to generate token: while signing jwt: rpc error: code = Unavailable desc = token signing failed: threshold not met
T-sameregion-optimistic@v2nb-c100,463,1791053693453691093,1452611712,0,Internal error occurred: failed to generate token: while signing jwt: rpc error: code = Unavailable desc = token signing failed: threshold not met
T-sameregion-optimistic@v2nb-c100,759,1791053694854084096,70164078,0,Internal error occurred: failed to generate token: while signing jwt: rpc error: code = Unavailable desc = token signing failed: threshold not met
T-sameregion-optimistic@v2nb-c100,758,1791053694853946640,70548011,0,Internal error occurred: failed to generate token: while signing jwt: rpc error: code = Unavailable desc = token signing failed: threshold not met
T-sameregion-optimistic@v2nb-c100,754,1791053694852841986,71660147,0,Internal error occurred: failed to generate token: while signing jwt: rpc error: code = Unavailable desc = token signing failed: threshold not met
T-sameregion-optimistic@v2nb-c100,756,1791053694852949133,71615582,0,Internal error occurred: failed to generate token: while signing jwt: rpc error: code = Unavailable desc = token signing failed: threshold not met
T-sameregion-optimistic@v2nb-c100,757,1791053694853032283,71644934,0,Internal error occurred: failed to generate token: while signing jwt: rpc error: code = Unavailable desc = token signing failed: threshold not met
T-sameregion-optimistic@v2nb-c100,761,1791053694893567565,55601790,0,Internal error occurred: failed to generate token: while signing jwt: rpc error: code = Unavailable desc = token signing failed: threshold not met
T-sameregion-optimistic@v2nb-c100,762,1791053694893567539,55827013,0,Internal error occurred: failed to generate token: while signing jwt: rpc error: code = Unavailable desc = token signing failed: threshold not met
T-sameregion-optimistic@v2nb-c100,763,1791053694893846184,55566942,0,Internal error occurred: failed to generate token: while signing jwt: rpc error: code = Unavailable desc = token signing failed: threshold not met
T-sameregion-optimistic@v2nb-c100,764,1791053694893853641,56042428,0,Internal error occurred: failed to generate token: while signing jwt: rpc error: code = Unavailable desc = token signing failed: threshold not met
T-sameregion-optimistic@v2nb-c100,765,1791053694906308479,44890678,0,Internal error occurred: failed to generate token: while signing jwt: rpc error: code = Unavailable desc = token signing failed: threshold not met
T-sameregion-optimistic@v2nb-c100,766,1791053694924254416,68624796,0,Internal error occurred: failed to generate token: while signing jwt: rpc error: code = Unavailable desc = token signing failed: threshold not met
T-sameregion-optimistic@v2nb-c100,767,1791053694924497814,68381388,0,Internal error occurred: failed to generate token: while signing jwt: rpc error: code = Unavailable desc = token signing failed: threshold not met
T-sameregion-optimistic@v2nb-c100,770,1791053694924679849,68859086,0,Internal error occurred: failed to generate token: while signing jwt: rpc error: code = Unavailable desc = token signing failed: threshold not met
T-sameregion-optimistic@v2nb-c100,771,1791053694949176826,45910934,0,Internal error occurred: failed to generate token: while signing jwt: rpc error: code = Unavailable desc = token signing failed: threshold not met
T-sameregion-optimistic@v2nb-c100,769,1791053694924566670,70523892,0,Internal error occurred: failed to generate token: while signing jwt: rpc error: code = Unavailable desc = token signing failed: threshold not met
T-sameregion-optimistic@v2nb-c100,768,1791053694924505555,71031357,0,Internal error occurred: failed to generate token: while signing jwt: rpc error: code = Unavailable desc = token signing failed: threshold not met
T-sameregion-optimistic@v2nb-c100,772,1791053694949398065,46145393,0,Internal error occurred: failed to generate token: while signing jwt: rpc error: code = Unavailable desc = token signing failed: threshold not met
T-sameregion-optimistic@v2nb-c100,455,1791053693448548462,1556917415,0,Internal error occurred: failed to generate token: while signing jwt: rpc error: code = Unavailable desc = token signing failed: threshold not met
T-sameregion-optimistic@v2nb-c100,778,1791053694993544066,31022805,0,Internal error occurred: failed to generate token: while signing jwt: rpc error: code = Unavailable desc = token signing failed: threshold not met
T-sameregion-optimistic@v2nb-c100,782,1791053694995546143,29020734,0,Internal error occurred: failed to generate token: while signing jwt: rpc error: code = Unavailable desc = token signing failed: threshold not met
T-sameregion-optimistic@v2nb-c100,777,1791053694992885003,53855381,0,Internal error occurred: failed to generate token: while signing jwt: rpc error: code = Unavailable desc = token signing failed: threshold not met
T-sameregion-optimistic@v2nb-c100,460,1791053693448946529,1598231883,1,
T-sameregion-optimistic@v2nb-c100,780,1791053694995406282,54637027,0,Internal error occurred: failed to generate token: while signing jwt: rpc error: code = Unavailable desc = token signing failed: threshold not met
T-sameregion-optimistic@v2nb-c100,779,1791053694995155572,54976715,0,Internal error occurred: failed to generate token: while signing jwt: rpc error: code = Unavailable desc = token signing failed: threshold not met
T-sameregion-optimistic@v2nb-c100,485,1791053693459820411,1591618399,1,
T-sameregion-optimistic@v2nb-c100,784,1791053695024573151,69907623,0,Internal error occurred: failed to generate token: while signing jwt: rpc error: code = Unavailable desc = token signing failed: threshold not met
T-sameregion-optimistic@v2nb-c100,790,1791053695051444700,73045000,0,Internal error occurred: failed to generate token: while signing jwt: rpc error: code = Unavailable desc = token signing failed: threshold not met
T-sameregion-optimistic@v2nb-c100,788,1791053695050048807,74464803,0,Internal error occurred: failed to generate token: while signing jwt: rpc error: code = Unavailable desc = token signing failed: threshold not met
T-sameregion-optimistic@v2nb-c100,786,1791053695046746459,77743229,0,Internal error occurred: failed to generate token: while signing jwt: rpc error: code = Unavailable desc = token signing failed: threshold not met
T-sameregion-optimistic@v2nb-c100,474,1791053693459432920,1685861431,1,
T-sameregion-optimistic@v2nb-c100,497,1791053693499987858,1649878904,1,
T-sameregion-optimistic@v2nb-c100,794,1791053695125209713,24663588,0,Internal error occurred: failed to generate token: while signing jwt: rpc error: code = Unavailable desc = token signing failed: threshold not met
T-sameregion-optimistic@v2nb-c100,791,1791053695094490436,55476518,0,Internal error occurred: failed to generate token: while signing jwt: rpc error: code = Unavailable desc = token signing failed: threshold not met
T-sameregion-optimistic@v2nb-c100,793,1791053695124516379,25546360,0,Internal error occurred: failed to generate token: while signing jwt: rpc error: code = Unavailable desc = token signing failed: threshold not met
T-sameregion-optimistic@v2nb-c100,473,1791053693459412500,1709752759,1,
T-sameregion-optimistic@v2nb-c100,798,1791053695149969065,74022959,0,Internal error occurred: failed to generate token: while signing jwt: rpc error: code = Unavailable desc = token signing failed: threshold not met
T-sameregion-optimistic@v2nb-c100,800,1791053695169171204,54888971,0,Internal error occurred: failed to generate token: while signing jwt: rpc error: code = Unavailable desc = token signing failed: threshold not met
T-sameregion-optimistic@v2nb-c100,795,1791053695145300279,78986607,0,Internal error occurred: failed to generate token: while signing jwt: rpc error: code = Unavailable desc = token signing failed: threshold not met
T-sameregion-optimistic@v2nb-c100,799,1791053695150065129,74221822,0,Internal error occurred: failed to generate token: while signing jwt: rpc error: code = Unavailable desc = token signing failed: threshold not met
T-sameregion-optimistic@v2nb-c100,796,1791053695149873125,74882541,0,Internal error occurred: failed to generate token: while signing jwt: rpc error: code = Unavailable desc = token signing failed: threshold not met
T-sameregion-optimistic@v2nb-c100,801,1791053695223998056,20882112,0,Internal error occurred: failed to generate token: while signing jwt: rpc error: code = Unavailable desc = token signing failed: threshold not met
T-sameregion-optimistic@v2nb-c100,805,1791053695224759904,23685693,0,Internal error occurred: failed to generate token: while signing jwt: rpc error: code = Unavailable desc = token signing failed: threshold not met
T-sameregion-optimistic@v2nb-c100,804,1791053695224341300,24104132,0,Internal error occurred: failed to generate token: while signing jwt: rpc error: code = Unavailable desc = token signing failed: threshold not met
T-sameregion-optimistic@v2nb-c100,481,1791053693459686982,1802712606,1,
T-sameregion-optimistic@v2nb-c100,807,1791053695248451114,44910946,0,Internal error occurred: failed to generate token: while signing jwt: rpc error: code = Unavailable desc = token signing failed: threshold not met
T-sameregion-optimistic@v2nb-c100,806,1791053695244887045,48475021,0,Internal error occurred: failed to generate token: while signing jwt: rpc error: code = Unavailable desc = token signing failed: threshold not met
T-sameregion-optimistic@v2nb-c100,808,1791053695248451112,44968136,0,Internal error occurred: failed to generate token: while signing jwt: rpc error: code = Unavailable desc = token signing failed: threshold not met
T-sameregion-optimistic@v2nb-c100,809,1791053695262405915,61297960,0,Internal error occurred: failed to generate token: while signing jwt: rpc error: code = Unavailable desc = token signing failed: threshold not met
T-sameregion-optimistic@v2nb-c100,489,1791053693460181018,1879279362,1,
T-sameregion-optimistic@v2nb-c100,812,1791053695293420932,51853453,0,Internal error occurred: failed to generate token: while signing jwt: rpc error: code = Unavailable desc = token signing failed: threshold not met
T-sameregion-optimistic@v2nb-c100,810,1791053695293367424,56476175,0,Internal error occurred: failed to generate token: while signing jwt: rpc error: code = Unavailable desc = token signing failed: threshold not met
T-sameregion-optimistic@v2nb-c100,814,1791053695339467687,54053678,0,Internal error occurred: failed to generate token: while signing jwt: rpc error: code = Unavailable desc = token signing failed: threshold not met
T-sameregion-optimistic@v2nb-c100,813,1791053695323709260,69861415,0,Internal error occurred: failed to generate token: while signing jwt: rpc error: code = Unavailable desc = token signing failed: threshold not met
T-sameregion-optimistic@v2nb-c100,815,1791053695345281013,48543348,0,Internal error occurred: failed to generate token: while signing jwt: rpc error: code = Unavailable desc = token signing failed: threshold not met
T-sameregion-optimistic@v2nb-c100,442,1791053693397942464,1995914698,0,Internal error occurred: failed to generate token: while signing jwt: rpc error: code = Unavailable desc = token signing failed: threshold not met
T-sameregion-optimistic@v2nb-c100,443,1791053693397983903,1999350797,0,Internal error occurred: failed to generate token: while signing jwt: rpc error: code = Unavailable desc = token signing failed: threshold not met
T-sameregion-optimistic@v2nb-c100,492,1791053693460718137,1974006140,1,
T-sameregion-optimistic@v2nb-c100,476,1791053693459477044,1989181629,0,Internal error occurred: failed to generate token: while signing jwt: rpc error: code = Unavailable desc = token signing failed: threshold not met
T-sameregion-optimistic@v2nb-c100,818,1791053695393573718,55085007,0,Internal error occurred: failed to generate token: while signing jwt: rpc error: code = Unavailable desc = token signing failed: threshold not met
T-sameregion-optimistic@v2nb-c100,487,1791053693459870853,1989021886,0,Internal error occurred: failed to generate token: while signing jwt: rpc error: code = Unavailable desc = token signing failed: threshold not met
T-sameregion-optimistic@v2nb-c100,483,1791053693459756796,1989319196,0,Internal error occurred: failed to generate token: while signing jwt: rpc error: code = Unavailable desc = token signing failed: threshold not met
T-sameregion-optimistic@v2nb-c100,820,1791053695393862272,55802724,0,Internal error occurred: failed to generate token: while signing jwt: rpc error: code = Unavailable desc = token signing failed: threshold not met
T-sameregion-optimistic@v2nb-c100,821,1791053695397341493,52328851,0,Internal error occurred: failed to generate token: while signing jwt: rpc error: code = Unavailable desc = token signing failed: threshold not met
T-sameregion-optimistic@v2nb-c100,819,1791053695393827719,55982602,0,Internal error occurred: failed to generate token: while signing jwt: rpc error: code = Unavailable desc = token signing failed: threshold not met
T-sameregion-optimistic@v2nb-c100,475,1791053693459463091,1997213145,1,
T-sameregion-optimistic@v2nb-c100,511,1791053693554986908,1938144247,0,Internal error occurred: failed to generate token: while signing jwt: rpc error: code = Unavailable desc = token signing failed: threshold not met
T-sameregion-optimistic@v2nb-c100,503,1791053693500983291,1992155707,0,Internal error occurred: failed to generate token: while signing jwt: rpc error: code = Unavailable desc = token signing failed: threshold not met
T-sameregion-optimistic@v2nb-c100,822,1791053695434731229,58515515,0,Internal error occurred: failed to generate token: while signing jwt: rpc error: code = Unavailable desc = token signing failed: threshold not met
T-sameregion-optimistic@v2nb-c100,507,1791053693531990623,1961343879,0,Internal error occurred: failed to generate token: while signing jwt: rpc error: code = Unavailable desc = token signing failed: threshold not met
T-sameregion-optimistic@v2nb-c100,502,1791053693500827828,1995666536,0,Internal error occurred: failed to generate token: while signing jwt: rpc error: code = Unavailable desc = token signing failed: threshold not met
T-sameregion-optimistic@v2nb-c100,824,1791053695448663822,74724738,0,Internal error occurred: failed to generate token: while signing jwt: rpc error: code = Unavailable desc = token signing failed: threshold not met
T-sameregion-optimistic@v2nb-c100,830,1791053695456683274,66791709,0,Internal error occurred: failed to generate token: while signing jwt: rpc error: code = Unavailable desc = token signing failed: threshold not met
T-sameregion-optimistic@v2nb-c100,826,1791053695449079078,74460402,0,Internal error occurred: failed to generate token: while signing jwt: rpc error: code = Unavailable desc = token signing failed: threshold not met
T-sameregion-optimistic@v2nb-c100,827,1791053695449668009,74801388,0,Internal error occurred: failed to generate token: while signing jwt: rpc error: code = Unavailable desc = token signing failed: threshold not met
T-sameregion-optimistic@v2nb-c100,823,1791053695448663580,75828008,0,Internal error occurred: failed to generate token: while signing jwt: rpc error: code = Unavailable desc = token signing failed: threshold not met
T-sameregion-optimistic@v2nb-c100,825,1791053695448895828,75888046,0,Internal error occurred: failed to generate token: while signing jwt: rpc error: code = Unavailable desc = token signing failed: threshold not met
T-sameregion-optimistic@v2nb-c100,828,1791053695449672252,75538729,0,Internal error occurred: failed to generate token: while signing jwt: rpc error: code = Unavailable desc = token signing failed: threshold not met
T-sameregion-optimistic@v2nb-c100,829,1791053695449812844,77745636,0,Internal error occurred: failed to generate token: while signing jwt: rpc error: code = Unavailable desc = token signing failed: threshold not met
T-sameregion-optimistic@v2nb-c100,543,1791053693598850921,1930709056,0,Internal error occurred: failed to generate token: while signing jwt: rpc error: code = Unavailable desc = token signing failed: threshold not met
T-sameregion-optimistic@v2nb-c100,537,1791053693598372335,1932945562,0,Internal error occurred: failed to generate token: while signing jwt: rpc error: code = Unavailable desc = token signing failed: threshold not met
T-sameregion-optimistic@v2nb-c100,834,1791053695493336734,56033065,0,Internal error occurred: failed to generate token: while signing jwt: rpc error: code = Unavailable desc = token signing failed: threshold not met
T-sameregion-optimistic@v2nb-c100,833,1791053695493249109,58744363,0,Internal error occurred: failed to generate token: while signing jwt: rpc error: code = Unavailable desc = token signing failed: threshold not met
T-sameregion-optimistic@v2nb-c100,835,1791053695496499802,55763816,0,Internal error occurred: failed to generate token: while signing jwt: rpc error: code = Unavailable desc = token signing failed: threshold not met
T-sameregion-optimistic@v2nb-c100,539,1791053693598454541,1953927051,0,Internal error occurred: failed to generate token: while signing jwt: rpc error: code = Unavailable desc = token signing failed: threshold not met
T-sameregion-optimistic@v2nb-c100,516,1791053693561128130,1991343389,0,Internal error occurred: failed to generate token: while signing jwt: rpc error: code = Unavailable desc = token signing failed: threshold not met
T-sameregion-optimistic@v2nb-c100,517,1791053693561238744,1991239098,0,Internal error occurred: failed to generate token: while signing jwt: rpc error: code = Unavailable desc = token signing failed: threshold not met
T-sameregion-optimistic@v2nb-c100,531,1791053693597870847,1954996300,0,Internal error occurred: failed to generate token: while signing jwt: rpc error: code = Unavailable desc = token signing failed: threshold not met
T-sameregion-optimistic@v2nb-c100,532,1791053693598060885,1995096708,0,Internal error occurred: failed to generate token: while signing jwt: rpc error: code = Unavailable desc = token signing failed: threshold not met
T-sameregion-optimistic@v2nb-c100,551,1791053693646743101,1946665400,0,Internal error occurred: failed to generate token: while signing jwt: rpc error: code = Unavailable desc = token signing failed: threshold not met
T-sameregion-optimistic@v2nb-c100,844,1791053695529566060,63928233,0,Internal error occurred: failed to generate token: while signing jwt: rpc error: code = Unavailable desc = token signing failed: threshold not met
T-sameregion-optimistic@v2nb-c100,542,1791053693598651460,1994884870,0,Internal error occurred: failed to generate token: while signing jwt: rpc error: code = Unavailable desc = token signing failed: threshold not met
T-sameregion-optimistic@v2nb-c100,538,1791053693598452157,1995174359,0,Internal error occurred: failed to generate token: while signing jwt: rpc error: code = Unavailable desc = token signing failed: threshold not met
T-sameregion-optimistic@v2nb-c100,841,1791053695524787497,70445935,0,Internal error occurred: failed to generate token: while signing jwt: rpc error: code = Unavailable desc = token signing failed: threshold not met
T-sameregion-optimistic@v2nb-c100,846,1791053695549375990,46499897,0,Internal error occurred: failed to generate token: while signing jwt: rpc error: code = Unavailable desc = token signing failed: threshold not met
T-sameregion-optimistic@v2nb-c100,840,1791053695524494275,72588301,0,Internal error occurred: failed to generate token: while signing jwt: rpc error: code = Unavailable desc = token signing failed: threshold not met
T-sameregion-optimistic@v2nb-c100,845,1791053695531323751,67188765,0,Internal error occurred: failed to generate token: while signing jwt: rpc error: code = Unavailable desc = token signing failed: threshold not met
T-sameregion-optimistic@v2nb-c100,836,1791053695523393502,75181768,0,Internal error occurred: failed to generate token: while signing jwt: rpc error: code = Unavailable desc = token signing failed: threshold not met
T-sameregion-optimistic@v2nb-c100,549,1791053693624797480,1985523412,1,
T-sameregion-optimistic@v2nb-c100,850,1791053695552474633,71112592,0,Internal error occurred: failed to generate token: while signing jwt: rpc error: code = Unavailable desc = token signing failed: threshold not met
T-sameregion-optimistic@v2nb-c100,847,1791053695552000931,71599565,0,Internal error occurred: failed to generate token: while signing jwt: rpc error: code = Unavailable desc = token signing failed: threshold not met
T-sameregion-optimistic@v2nb-c100,848,1791053695552266799,72767347,0,Internal error occurred: failed to generate token: while signing jwt: rpc error: code = Unavailable desc = token signing failed: threshold not met
T-sameregion-optimistic@v2nb-c100,852,1791053695552870431,72193610,0,Internal error occurred: failed to generate token: while signing jwt: rpc error: code = Unavailable desc = token signing failed: threshold not met
T-sameregion-optimistic@v2nb-c100,588,1791053693753120960,1896212443,0,Internal error occurred: failed to generate token: while signing jwt: rpc error: code = Unavailable desc = token signing failed: threshold not met
T-sameregion-optimistic@v2nb-c100,582,1791053693747865326,1902074330,0,Internal error occurred: failed to generate token: while signing jwt: rpc error: code = Unavailable desc = token signing failed: threshold not met
T-sameregion-optimistic@v2nb-c100,858,1791053695595237517,54721329,0,Internal error occurred: failed to generate token: while signing jwt: rpc error: code = Unavailable desc = token signing failed: threshold not met
T-sameregion-optimistic@v2nb-c100,561,1791053693658635928,1991689350,0,Internal error occurred: failed to generate token: while signing jwt: rpc error: code = Unavailable desc = token signing failed: threshold not met
T-sameregion-optimistic@v2nb-c100,564,1791053693658861931,1991510825,0,Internal error occurred: failed to generate token: while signing jwt: rpc error: code = Unavailable desc = token signing failed: threshold not met
T-sameregion-optimistic@v2nb-c100,556,1791053693653597040,1996833983,0,Internal error occurred: failed to generate token: while signing jwt: rpc error: code = Unavailable desc = token signing failed: threshold not met
T-sameregion-optimistic@v2nb-c100,586,1791053693751204497,1899822123,0,Internal error occurred: failed to generate token: while signing jwt: rpc error: code = Unavailable desc = token signing failed: threshold not met
T-sameregion-optimistic@v2nb-c100,855,1791053695593498826,57530518,0,Internal error occurred: failed to generate token: while signing jwt: rpc error: code = Unavailable desc = token signing failed: threshold not met
T-sameregion-optimistic@v2nb-c100,859,1791053695595891942,55316902,0,Internal error occurred: failed to generate token: while signing jwt: rpc error: code = Unavailable desc = token signing failed: threshold not met
T-sameregion-optimistic@v2nb-c100,860,1791053695597088096,54450375,0,Internal error occurred: failed to generate token: while signing jwt: rpc error: code = Unavailable desc = token signing failed: threshold not met
T-sameregion-optimistic@v2nb-c100,862,1791053695598578380,56382626,0,Internal error occurred: failed to generate token: while signing jwt: rpc error: code = Unavailable desc = token signing failed: threshold not met
T-sameregion-optimistic@v2nb-c100,554,1791053693652329916,2004175165,0,Internal error occurred: failed to generate token: while signing jwt: rpc error: code = Unavailable desc = token signing failed: threshold not met
T-sameregion-optimistic@v2nb-c100,557,1791053693653661836,2065534587,0,Internal error occurred: failed to generate token: while signing jwt: rpc error: code = Unavailable desc = token signing failed: threshold not met
T-sameregion-optimistic@v2nb-c100,574,1791053693700436272,2019343765,0,Internal error occurred: failed to generate token: while signing jwt: rpc error: code = Unavailable desc = token signing failed: threshold not met
T-sameregion-optimistic@v2nb-c100,867,1791053695625067680,99139237,0,Internal error occurred: failed to generate token: while signing jwt: rpc error: code = Unavailable desc = token signing failed: threshold not met
T-sameregion-optimistic@v2nb-c100,866,1791053695625040391,99249595,0,Internal error occurred: failed to generate token: while signing jwt: rpc error: code = Unavailable desc = token signing failed: threshold not met
T-sameregion-optimistic@v2nb-c100,597,1791053693758981210,1965514070,0,Internal error occurred: failed to generate token: while signing jwt: rpc error: code = Unavailable desc = token signing failed: threshold not met
T-sameregion-optimistic@v2nb-c100,587,1791053693752501823,1972674124,0,Internal error occurred: failed to generate token: while signing jwt: rpc error: code = Unavailable desc = token signing failed: threshold not met
T-sameregion-optimistic@v2nb-c100,611,1791053693847255282,1896624014,0,Internal error occurred: failed to generate token: while signing jwt: rpc error: code = Unavailable desc = token signing failed: threshold not met
T-sameregion-optimistic@v2nb-c100,598,1791053693759041364,1986227857,0,Internal error occurred: failed to generate token: while signing jwt: rpc error: code = Unavailable desc = token signing failed: threshold not met
T-sameregion-optimistic@v2nb-c100,621,1791053693854313038,1891302660,0,Internal error occurred: failed to generate token: while signing jwt: rpc error: code = Unavailable desc = token signing failed: threshold not met
T-sameregion-optimistic@v2nb-c100,618,1791053693853783795,1897266230,0,Internal error occurred: failed to generate token: while signing jwt: rpc error: code = Unavailable desc = token signing failed: threshold not met
T-sameregion-optimistic@v2nb-c100,593,1791053693756018861,2000689269,0,Internal error occurred: failed to generate token: while signing jwt: rpc error: code = Unavailable desc = token signing failed: threshold not met
T-sameregion-optimistic@v2nb-c100,615,1791053693849981993,1942747526,0,Internal error occurred: failed to generate token: while signing jwt: rpc error: code = Unavailable desc = token signing failed: threshold not met
T-sameregion-optimistic@v2nb-c100,885,1791053695725178774,68757020,0,Internal error occurred: failed to generate token: while signing jwt: rpc error: code = Unavailable desc = token signing failed: threshold not met
T-sameregion-optimistic@v2nb-c100,871,1791053695650328809,143606948,0,Internal error occurred: failed to generate token: while signing jwt: rpc error: code = Unavailable desc = token signing failed: threshold not met
T-sameregion-optimistic@v2nb-c100,878,1791053695654967740,139154411,0,Internal error occurred: failed to generate token: while signing jwt: rpc error: code = Unavailable desc = token signing failed: threshold not met
T-sameregion-optimistic@v2nb-c100,876,1791053695651211839,142934876,0,Internal error occurred: failed to generate token: while signing jwt: rpc error: code = Unavailable desc = token signing failed: threshold not met
T-sameregion-optimistic@v2nb-c100,877,1791053695651542186,145139839,0,Internal error occurred: failed to generate token: while signing jwt: rpc error: code = Unavailable desc = token signing failed: threshold not met
T-sameregion-optimistic@v2nb-c100,870,1791053695649961445,147345387,0,Internal error occurred: failed to generate token: while signing jwt: rpc error: code = Unavailable desc = token signing failed: threshold not met
T-sameregion-optimistic@v2nb-c100,869,1791053695649943405,151213424,0,Internal error occurred: failed to generate token: while signing jwt: rpc error: code = Unavailable desc = token signing failed: threshold not met
T-sameregion-optimistic@v2nb-c100,875,1791053695651032087,150136706,0,Internal error occurred: failed to generate token: while signing jwt: rpc error: code = Unavailable desc = token signing failed: threshold not met
T-sameregion-optimistic@v2nb-c100,883,1791053695724293241,76966973,0,Internal error occurred: failed to generate token: while signing jwt: rpc error: code = Unavailable desc = token signing failed: threshold not met
T-sameregion-optimistic@v2nb-c100,872,1791053695650376384,150885820,0,Internal error occurred: failed to generate token: while signing jwt: rpc error: code = Unavailable desc = token signing failed: threshold not met
T-sameregion-optimistic@v2nb-c100,879,1791053695656509617,144868355,0,Internal error occurred: failed to generate token: while signing jwt: rpc error: code = Unavailable desc = token signing failed: threshold not met
T-sameregion-optimistic@v2nb-c100,884,1791053695724499376,76927052,0,Internal error occurred: failed to generate token: while signing jwt: rpc error: code = Unavailable desc = token signing failed: threshold not met
T-sameregion-optimistic@v2nb-c100,881,1791053695719785280,81715142,0,Internal error occurred: failed to generate token: while signing jwt: rpc error: code = Unavailable desc = token signing failed: threshold not met
T-sameregion-optimistic@v2nb-c100,880,1791053695719201429,82364930,0,Internal error occurred: failed to generate token: while signing jwt: rpc error: code = Unavailable desc = token signing failed: threshold not met
T-sameregion-optimistic@v2nb-c100,873,1791053695650433450,151178279,0,Internal error occurred: failed to generate token: while signing jwt: rpc error: code = Unavailable desc = token signing failed: threshold not met
T-sameregion-optimistic@v2nb-c100,868,1791053695649720498,151919532,0,Internal error occurred: failed to generate token: while signing jwt: rpc error: code = Unavailable desc = token signing failed: threshold not met
T-sameregion-optimistic@v2nb-c100,891,1791053695792736451,31036689,0,Internal error occurred: failed to generate token: while signing jwt: rpc error: code = Unavailable desc = token signing failed: threshold not met
T-sameregion-optimistic@v2nb-c100,890,1791053695756712700,69660864,0,Internal error occurred: failed to generate token: while signing jwt: rpc error: code = Unavailable desc = token signing failed: threshold not met
T-sameregion-optimistic@v2nb-c100,889,1791053695751056373,75381735,0,Internal error occurred: failed to generate token: while signing jwt: rpc error: code = Unavailable desc = token signing failed: threshold not met
T-sameregion-optimistic@v2nb-c100,892,1791053695793939268,32740618,0,Internal error occurred: failed to generate token: while signing jwt: rpc error: code = Unavailable desc = token signing failed: threshold not met
T-sameregion-optimistic@v2nb-c100,617,1791053693852499015,1990989493,0,Internal error occurred: failed to generate token: while signing jwt: rpc error: code = Unavailable desc = token signing failed: threshold not met
T-sameregion-optimistic@v2nb-c100,633,1791053693946434605,1899826694,0,Internal error occurred: failed to generate token: while signing jwt: rpc error: code = Unavailable desc = token signing failed: threshold not met
T-sameregion-optimistic@v2nb-c100,628,1791053693946185361,1900076949,0,Internal error occurred: failed to generate token: while signing jwt: rpc error: code = Unavailable desc = token signing failed: threshold not met
T-sameregion-optimistic@v2nb-c100,896,1791053695796687274,51388881,0,Internal error occurred: failed to generate token: while signing jwt: rpc error: code = Unavailable desc = token signing failed: threshold not met
T-sameregion-optimistic@v2nb-c100,631,1791053693946355212,1902185122,0,Internal error occurred: failed to generate token: while signing jwt: rpc error: code = Unavailable desc = token signing failed: threshold not met
T-sameregion-optimistic@v2nb-c100,894,1791053695794125630,55464262,0,Internal error occurred: failed to generate token: while signing jwt: rpc error: code = Unavailable desc = token signing failed: threshold not met
T-sameregion-optimistic@v2nb-c100,902,1791053695801380577,49161642,0,Internal error occurred: failed to generate token: while signing jwt: rpc error: code = Unavailable desc = token signing failed: threshold not met
T-sameregion-optimistic@v2nb-c100,619,1791053693853945823,1997171013,0,Internal error occurred: failed to generate token: while signing jwt: rpc error: code = Unavailable desc = token signing failed: threshold not met
T-sameregion-optimistic@v2nb-c100,895,1791053695794149811,58100841,0,Internal error occurred: failed to generate token: while signing jwt: rpc error: code = Unavailable desc = token signing failed: threshold not met
T-sameregion-optimistic@v2nb-c100,901,1791053695801264197,51000194,0,Internal error occurred: failed to generate token: while signing jwt: rpc error: code = Unavailable desc = token signing failed: threshold not met
T-sameregion-optimistic@v2nb-c100,626,1791053693925595584,1929893068,0,Internal error occurred: failed to generate token: while signing jwt: rpc error: code = Unavailable desc = token signing failed: threshold not met
T-sameregion-optimistic@v2nb-c100,616,1791053693850105472,2012507895,0,Internal error occurred: failed to generate token: while signing jwt: rpc error: code = Unavailable desc = token signing failed: threshold not met
T-sameregion-optimistic@v2nb-c100,903,1791053695801428213,91274282,0,Internal error occurred: failed to generate token: while signing jwt: rpc error: code = Unavailable desc = token signing failed: threshold not met
T-sameregion-optimistic@v2nb-c100,900,1791053695801263674,91537019,0,Internal error occurred: failed to generate token: while signing jwt: rpc error: code = Unavailable desc = token signing failed: threshold not met
T-sameregion-optimistic@v2nb-c100,905,1791053695801568939,93512857,0,Internal error occurred: failed to generate token: while signing jwt: rpc error: code = Unavailable desc = token signing failed: threshold not met
T-sameregion-optimistic@v2nb-c100,899,1791053695801171226,96032822,0,Internal error occurred: failed to generate token: while signing jwt: rpc error: code = Unavailable desc = token signing failed: threshold not met
T-sameregion-optimistic@v2nb-c100,908,1791053695823778220,73848102,0,Internal error occurred: failed to generate token: while signing jwt: rpc error: code = Unavailable desc = token signing failed: threshold not met
T-sameregion-optimistic@v2nb-c100,909,1791053695826378132,71839935,0,Internal error occurred: failed to generate token: while signing jwt: rpc error: code = Unavailable desc = token signing failed: threshold not met
T-sameregion-optimistic@v2nb-c100,906,1791053695801613581,96605676,0,Internal error occurred: failed to generate token: while signing jwt: rpc error: code = Unavailable desc = token signing failed: threshold not met
T-sameregion-optimistic@v2nb-c100,913,1791053695846266777,52131649,0,Internal error occurred: failed to generate token: while signing jwt: rpc error: code = Unavailable desc = token signing failed: threshold not met
T-sameregion-optimistic@v2nb-c100,907,1791053695801642689,99028435,0,Internal error occurred: failed to generate token: while signing jwt: rpc error: code = Unavailable desc = token signing failed: threshold not met
T-sameregion-optimistic@v2nb-c100,912,1791053695843493252,57196712,0,Internal error occurred: failed to generate token: while signing jwt: rpc error: code = Unavailable desc = token signing failed: threshold not met
T-sameregion-optimistic@v2nb-c100,910,1791053695826441383,74353343,0,Internal error occurred: failed to generate token: while signing jwt: rpc error: code = Unavailable desc = token signing failed: threshold not met
T-sameregion-optimistic@v2nb-c100,904,1791053695801502166,99298911,0,Internal error occurred: failed to generate token: while signing jwt: rpc error: code = Unavailable desc = token signing failed: threshold not met
T-sameregion-optimistic@v2nb-c100,914,1791053695846265876,54591987,0,Internal error occurred: failed to generate token: while signing jwt: rpc error: code = Unavailable desc = token signing failed: threshold not met
T-sameregion-optimistic@v2nb-c100,922,1791053695855492725,69762602,0,Internal error occurred: failed to generate token: while signing jwt: rpc error: code = Unavailable desc = token signing failed: threshold not met
T-sameregion-optimistic@v2nb-c100,920,1791053695852254403,73013571,0,Internal error occurred: failed to generate token: while signing jwt: rpc error: code = Unavailable desc = token signing failed: threshold not met
T-sameregion-optimistic@v2nb-c100,923,1791053695862619279,62811396,0,Internal error occurred: failed to generate token: while signing jwt: rpc error: code = Unavailable desc = token signing failed: threshold not met
T-sameregion-optimistic@v2nb-c100,924,1791053695892708273,54823466,0,Internal error occurred: failed to generate token: while signing jwt: rpc error: code = Unavailable desc = token signing failed: threshold not met
T-sameregion-optimistic@v2nb-c100,935,1791053695900803486,47699337,0,Internal error occurred: failed to generate token: while signing jwt: rpc error: code = Unavailable desc = token signing failed: threshold not met
T-sameregion-optimistic@v2nb-c100,936,1791053695900860093,48216347,0,Internal error occurred: failed to generate token: while signing jwt: rpc error: code = Unavailable desc = token signing failed: threshold not met
T-sameregion-optimistic@v2nb-c100,925,1791053695892804903,57398013,0,Internal error occurred: failed to generate token: while signing jwt: rpc error: code = Unavailable desc = token signing failed: threshold not met
T-sameregion-optimistic@v2nb-c100,938,1791053695925270982,25567780,0,Internal error occurred: failed to generate token: while signing jwt: rpc error: code = Unavailable desc = token signing failed: threshold not met
T-sameregion-optimistic@v2nb-c100,639,1791053694025578240,1927738406,0,Internal error occurred: failed to generate token: while signing jwt: rpc error: code = Unavailable desc = token signing failed: threshold not met
T-sameregion-optimistic@v2nb-c100,934,1791053695900797027,52770741,0,Internal error occurred: failed to generate token: while signing jwt: rpc error: code = Unavailable desc = token signing failed: threshold not met
T-sameregion-optimistic@v2nb-c100,932,1791053695900674769,53128938,0,Internal error occurred: failed to generate token: while signing jwt: rpc error: code = Unavailable desc = token signing failed: threshold not met
T-sameregion-optimistic@v2nb-c100,937,1791053695925262001,67356265,0,Internal error occurred: failed to generate token: while signing jwt: rpc error: code = Unavailable desc = token signing failed: threshold not met
T-sameregion-optimistic@v2nb-c100,674,1791053694448313919,1547184960,0,Internal error occurred: failed to generate token: while signing jwt: rpc error: code = Unavailable desc = token signing failed: threshold not met
T-sameregion-optimistic@v2nb-c100,680,1791053694453189026,1560001550,0,Internal error occurred: failed to generate token: while signing jwt: rpc error: code = Unavailable desc = token signing failed: threshold not met
T-sameregion-optimistic@v2nb-c100,942,1791053695949079541,95928658,0,Internal error occurred: failed to generate token: while signing jwt: rpc error: code = Unavailable desc = token signing failed: threshold not met
T-sameregion-optimistic@v2nb-c100,943,1791053695950206305,94986711,0,Internal error occurred: failed to generate token: while signing jwt: rpc error: code = Unavailable desc = token signing failed: threshold not met
T-sameregion-optimistic@v2nb-c100,947,1791053695953806821,91528740,0,Internal error occurred: failed to generate token: while signing jwt: rpc error: code = Unavailable desc = token signing failed: threshold not met
T-sameregion-optimistic@v2nb-c100,941,1791053695948506462,96882421,0,Internal error occurred: failed to generate token: while signing jwt: rpc error: code = Unavailable desc = token signing failed: threshold not met
T-sameregion-optimistic@v2nb-c100,949,1791053695995503068,53018784,0,Internal error occurred: failed to generate token: while signing jwt: rpc error: code = Unavailable desc = token signing failed: threshold not met
T-sameregion-optimistic@v2nb-c100,653,1791053694152048412,1899495632,0,Internal error occurred: failed to generate token: while signing jwt: rpc error: code = Unavailable desc = token signing failed: threshold not met
T-sameregion-optimistic@v2nb-c100,645,1791053694093490300,1960936789,0,Internal error occurred: failed to generate token: while signing jwt: rpc error: code = Unavailable desc = token signing failed: threshold not met
T-sameregion-optimistic@v2nb-c100,650,1791053694148014308,1908601738,0,Internal error occurred: failed to generate token: while signing jwt: rpc error: code = Unavailable desc = token signing failed: threshold not met
T-sameregion-optimistic@v2nb-c100,677,1791053694451215972,1658243263,0,Internal error occurred: failed to generate token: while signing jwt: rpc error: code = Unavailable desc = token signing failed: threshold not met
T-sameregion-optimistic@v2nb-c100,957,1791053696054432769,69866883,0,Internal error occurred: failed to generate token: while signing jwt: rpc error: code = Unavailable desc = token signing failed: threshold not met
T-sameregion-optimistic@v2nb-c100,952,1791053696045196203,79115216,0,Internal error occurred: failed to generate token: while signing jwt: rpc error: code = Unavailable desc = token signing failed: threshold not met
T-sameregion-optimistic@v2nb-c100,954,1791053696045391570,79121896,0,Internal error occurred: failed to generate token: while signing jwt: rpc error: code = Unavailable desc = token signing failed: threshold not met
T-sameregion-optimistic@v2nb-c100,951,1791053696045014624,79607938,0,Internal error occurred: failed to generate token: while signing jwt: rpc error: code = Unavailable desc = token signing failed: threshold not met
T-sameregion-optimistic@v2nb-c100,955,1791053696048528294,76139199,0,Internal error occurred: failed to generate token: while signing jwt: rpc error: code = Unavailable desc = token signing failed: threshold not met
T-sameregion-optimistic@v2nb-c100,655,1791053694223975048,1926098563,0,Internal error occurred: failed to generate token: while signing jwt: rpc error: code = Unavailable desc = token signing failed: threshold not met
T-sameregion-optimistic@v2nb-c100,656,1791053694224024536,1932473731,0,Internal error occurred: failed to generate token: while signing jwt: rpc error: code = Unavailable desc = token signing failed: threshold not met
T-sameregion-optimistic@v2nb-c100,963,1791053696124625236,68517708,0,Internal error occurred: failed to generate token: while signing jwt: rpc error: code = Unavailable desc = token signing failed: threshold not met
T-sameregion-optimistic@v2nb-c100,960,1791053696124305804,68868058,0,Internal error occurred: failed to generate token: while signing jwt: rpc error: code = Unavailable desc = token signing failed: threshold not met
T-sameregion-optimistic@v2nb-c100,961,1791053696124313996,69309733,0,Internal error occurred: failed to generate token: while signing jwt: rpc error: code = Unavailable desc = token signing failed: threshold not met
T-sameregion-optimistic@v2nb-c100,965,1791053696150084700,45184212,0,Internal error occurred: failed to generate token: while signing jwt: rpc error: code = Unavailable desc = token signing failed: threshold not met
T-sameregion-optimistic@v2nb-c100,964,1791053696124670011,70767116,0,Internal error occurred: failed to generate token: while signing jwt: rpc error: code = Unavailable desc = token signing failed: threshold not met
T-sameregion-optimistic@v2nb-c100,966,1791053696156503991,38967311,0,Internal error occurred: failed to generate token: while signing jwt: rpc error: code = Unavailable desc = token signing failed: threshold not met
T-sameregion-optimistic@v2nb-c100,962,1791053696124516237,71072565,0,Internal error occurred: failed to generate token: while signing jwt: rpc error: code = Unavailable desc = token signing failed: threshold not met
T-sameregion-optimistic@v2nb-c100,676,1791053694450673181,1756811688,0,Internal error occurred: failed to generate token: while signing jwt: rpc error: code = Unavailable desc = token signing failed: threshold not met
T-sameregion-optimistic@v2nb-c100,969,1791053696193627604,51926842,0,Internal error occurred: failed to generate token: while signing jwt: rpc error: code = Unavailable desc = token signing failed: threshold not met
T-sameregion-optimistic@v2nb-c100,972,1791053696195473536,52193573,0,Internal error occurred: failed to generate token: while signing jwt: rpc error: code = Unavailable desc = token signing failed: threshold not met
T-sameregion-optimistic@v2nb-c100,968,1791053696193176744,56051177,0,Internal error occurred: failed to generate token: while signing jwt: rpc error: code = Unavailable desc = token signing failed: threshold not met
T-sameregion-optimistic@v2nb-c100,973,1791053696195591586,53656433,0,Internal error occurred: failed to generate token: while signing jwt: rpc error: code = Unavailable desc = token signing failed: threshold not met
T-sameregion-optimistic@v2nb-c100,967,1791053696193149331,56283266,0,Internal error occurred: failed to generate token: while signing jwt: rpc error: code = Unavailable desc = token signing failed: threshold not met
T-sameregion-optimistic@v2nb-c100,975,1791053696245559211,4719588,0,Internal error occurred: failed to generate token: while signing jwt: rpc error: code = Unavailable desc = token signing failed: threshold not met
T-sameregion-optimistic@v2nb-c100,979,1791053696249435590,43556011,0,Internal error occurred: failed to generate token: while signing jwt: rpc error: code = Unavailable desc = token signing failed: threshold not met
T-sameregion-optimistic@v2nb-c100,977,1791053696249232361,43759246,0,Internal error occurred: failed to generate token: while signing jwt: rpc error: code = Unavailable desc = token signing failed: threshold not met
T-sameregion-optimistic@v2nb-c100,980,1791053696250283405,42914787,0,Internal error occurred: failed to generate token: while signing jwt: rpc error: code = Unavailable desc = token signing failed: threshold not met
T-sameregion-optimistic@v2nb-c100,681,1791053694459512817,1849554850,0,Internal error occurred: failed to generate token: while signing jwt: rpc error: code = Unavailable desc = token signing failed: threshold not met
T-sameregion-optimistic@v2nb-c100,691,1791053694608439793,1727572312,1,
T-sameregion-optimistic@v2nb-c100,982,1791053696292997435,55633767,0,Internal error occurred: failed to generate token: while signing jwt: rpc error: code = Unavailable desc = token signing failed: threshold not met
T-sameregion-optimistic@v2nb-c100,983,1791053696293200887,55449670,0,Internal error occurred: failed to generate token: while signing jwt: rpc error: code = Unavailable desc = token signing failed: threshold not met
T-sameregion-optimistic@v2nb-c100,985,1791053696336017482,12686160,0,Internal error occurred: failed to generate token: while signing jwt: rpc error: code = Unavailable desc = token signing failed: threshold not met
T-sameregion-optimistic@v2nb-c100,984,1791053696309073787,39689316,0,Internal error occurred: failed to generate token: while signing jwt: rpc error: code = Unavailable desc = token signing failed: threshold not met
T-sameregion-optimistic@v2nb-c100,678,1791053694451231031,1955321496,0,Internal error occurred: failed to generate token: while signing jwt: rpc error: code = Unavailable desc = token signing failed: threshold not met
T-sameregion-optimistic@v2nb-c100,988,1791053696348705457,74590684,0,Internal error occurred: failed to generate token: while signing jwt: rpc error: code = Unavailable desc = token signing failed: threshold not met
T-sameregion-optimistic@v2nb-c100,986,1791053696348638108,74710772,0,Internal error occurred: failed to generate token: while signing jwt: rpc error: code = Unavailable desc = token signing failed: threshold not met
T-sameregion-optimistic@v2nb-c100,989,1791053696348766916,74741471,0,Internal error occurred: failed to generate token: while signing jwt: rpc error: code = Unavailable desc = token signing failed: threshold not met
T-sameregion-optimistic@v2nb-c100,987,1791053696348653782,74854718,0,Internal error occurred: failed to generate token: while signing jwt: rpc error: code = Unavailable desc = token signing failed: threshold not met
T-sameregion-optimistic@v2nb-c100,690,1791053694607880752,1841290327,1,
T-sameregion-optimistic@v2nb-c100,992,1791053696423352364,69206304,0,Internal error occurred: failed to generate token: while signing jwt: rpc error: code = Unavailable desc = token signing failed: threshold not met
T-sameregion-optimistic@v2nb-c100,682,1791053694526430541,1966129607,0,Internal error occurred: failed to generate token: while signing jwt: rpc error: code = Unavailable desc = token signing failed: threshold not met
T-sameregion-optimistic@v2nb-c100,994,1791053696423511367,69369670,0,Internal error occurred: failed to generate token: while signing jwt: rpc error: code = Unavailable desc = token signing failed: threshold not met
T-sameregion-optimistic@v2nb-c100,995,1791053696449178175,43835841,0,Internal error occurred: failed to generate token: while signing jwt: rpc error: code = Unavailable desc = token signing failed: threshold not met
T-sameregion-optimistic@v2nb-c100,997,1791053696492564419,5381027,0,Internal error occurred: failed to generate token: while signing jwt: rpc error: code = Unavailable desc = token signing failed: threshold not met
T-sameregion-optimistic@v2nb-c100,683,1791053694526430533,1975035158,0,Internal error occurred: failed to generate token: while signing jwt: rpc error: code = Unavailable desc = token signing failed: threshold not met
T-sameregion-optimistic@v2nb-c100,996,1791053696492564654,50871651,0,Internal error occurred: failed to generate token: while signing jwt: rpc error: code = Unavailable desc = token signing failed: threshold not met
T-sameregion-optimistic@v2nb-c100,998,1791053696492884180,50552119,0,Internal error occurred: failed to generate token: while signing jwt: rpc error: code = Unavailable desc = token signing failed: threshold not met
T-sameregion-optimistic@v2nb-c100,706,1791053694619055191,1940039314,1,
T-sameregion-optimistic@v2nb-c100,699,1791053694616432083,1981339577,0,Internal error occurred: failed to generate token: while signing jwt: rpc error: code = Unavailable desc = token signing failed: threshold not met
T-sameregion-optimistic@v2nb-c100,700,1791053694618561365,1979236360,0,Internal error occurred: failed to generate token: while signing jwt: rpc error: code = Unavailable desc = token signing failed: threshold not met
T-sameregion-optimistic@v2nb-c100,686,1791053694602034804,1996043218,1,
T-sameregion-optimistic@v2nb-c100,698,1791053694615819718,1986512119,0,Internal error occurred: failed to generate token: while signing jwt: rpc error: code = Unavailable desc = token signing failed: threshold not met
T-sameregion-optimistic@v2nb-c100,693,1791053694611348467,2005050138,1,
T-sameregion-optimistic@v2nb-c100,713,1791053694651958252,1970696219,0,Internal error occurred: failed to generate token: while signing jwt: rpc error: code = Unavailable desc = token signing failed: threshold not met
T-sameregion-optimistic@v2nb-c100,709,1791053694631597019,1991062834,0,Internal error occurred: failed to generate token: while signing jwt: rpc error: code = Unavailable desc = token signing failed: threshold not met
T-sameregion-optimistic@v2nb-c100,712,1791053694650023515,2003860465,0,Internal error occurred: failed to generate token: while signing jwt: rpc error: code = Unavailable desc = token signing failed: threshold not met
T-sameregion-optimistic@v2nb-c100,725,1791053694698716010,1956342086,0,Internal error occurred: failed to generate token: while signing jwt: rpc error: code = Unavailable desc = token signing failed: threshold not met
T-sameregion-optimistic@v2nb-c100,722,1791053694698580291,1956510130,0,Internal error occurred: failed to generate token: while signing jwt: rpc error: code = Unavailable desc = token signing failed: threshold not met
T-sameregion-optimistic@v2nb-c100,718,1791053694698333485,1962782686,1,
T-sameregion-optimistic@v2nb-c100,728,1791053694699015186,1968354670,0,Internal error occurred: failed to generate token: while signing jwt: rpc error: code = Unavailable desc = token signing failed: threshold not met
T-sameregion-optimistic@v2nb-c100,733,1791053694751501070,1947940423,0,Internal error occurred: failed to generate token: while signing jwt: rpc error: code = Unavailable desc = token signing failed: threshold not met
T-sameregion-optimistic@v2nb-c100,740,1791053694756858424,1991945958,0,Internal error occurred: failed to generate token: while signing jwt: rpc error: code = Unavailable desc = token signing failed: threshold not met
T-sameregion-optimistic@v2nb-c100,734,1791053694751995261,2003019359,1,
T-sameregion-optimistic@v2nb-c100,742,1791053694757042080,2003462523,0,Internal error occurred: failed to generate token: while signing jwt: rpc error: code = Unavailable desc = token signing failed: threshold not met
T-sameregion-optimistic@v2nb-c100,743,1791053694795792494,1968360632,0,Internal error occurred: failed to generate token: while signing jwt: rpc error: code = Unavailable desc = token signing failed: threshold not met
T-sameregion-optimistic@v2nb-c100,760,1791053694854175286,1975689114,0,Internal error occurred: failed to generate token: while signing jwt: rpc error: code = Unavailable desc = token signing failed: threshold not met
T-sameregion-optimistic@v2nb-c100,755,1791053694852865477,1999652087,1,
T-sameregion-optimistic@v2nb-c100,773,1791053694949415493,1948377773,0,Internal error occurred: failed to generate token: while signing jwt: rpc error: code = Unavailable desc = token signing failed: threshold not met
T-sameregion-optimistic@v2nb-c100,775,1791053694951203311,1971765111,0,Internal error occurred: failed to generate token: while signing jwt: rpc error: code = Unavailable desc = token signing failed: threshold not met
T-sameregion-optimistic@v2nb-c100,774,1791053694949913596,1998458651,1,
T-sameregion-optimistic@v2nb-c100,785,1791053695024573154,1927427948,0,Internal error occurred: failed to generate token: while signing jwt: rpc error: code = Unavailable desc = token signing failed: threshold not met
T-sameregion-optimistic@v2nb-c100,781,1791053694995541087,1956461358,0,Internal error occurred: failed to generate token: while signing jwt: rpc error: code = Unavailable desc = token signing failed: threshold not met
T-sameregion-optimistic@v2nb-c100,789,1791053695050135603,1908309578,0,Internal error occurred: failed to generate token: while signing jwt: rpc error: code = Unavailable desc = token signing failed: threshold not met
T-sameregion-optimistic@v2nb-c100,776,1791053694992885011,1972322870,1,
T-sameregion-optimistic@v2nb-c100,783,1791053695005475210,2004616080,0,Internal error occurred: failed to generate token: while signing jwt: rpc error: code = Unavailable desc = token signing failed: threshold not met
T-sameregion-optimistic@v2nb-c100,787,1791053695047189097,1999605437,0,Internal error occurred: failed to generate token: while signing jwt: rpc error: code = Unavailable desc = token signing failed: threshold not met
T-sameregion-optimistic@v2nb-c100,792,1791053695124496708,1938627882,0,Internal error occurred: failed to generate token: while signing jwt: rpc error: code = Unavailable desc = token signing failed: threshold not met
T-sameregion-optimistic@v2nb-c100,837,1791053695523478938,1602233957,0,Internal error occurred: failed to generate token: while signing jwt: rpc error: code = Unavailable desc = token signing failed: threshold not met
T-sameregion-optimistic@v2nb-c100,797,1791053695149877448,2005705535,0,Internal error occurred: failed to generate token: while signing jwt: rpc error: code = Unavailable desc = token signing failed: threshold not met
T-sameregion-optimistic@v2nb-c100,803,1791053695224290619,1969443218,0,Internal error occurred: failed to generate token: while signing jwt: rpc error: code = Unavailable desc = token signing failed: threshold not met
T-sameregion-optimistic@v2nb-c100,802,1791053695224063688,2006696467,0,Internal error occurred: failed to generate token: while signing jwt: rpc error: code = Unavailable desc = token signing failed: threshold not met
T-sameregion-optimistic@v2nb-c100,811,1791053695293367418,1955733863,1,
T-sameregion-optimistic@v2nb-c100,816,1791053695349850286,1913447088,0,Internal error occurred: failed to generate token: while signing jwt: rpc error: code = Unavailable desc = token signing failed: threshold not met
T-sameregion-optimistic@v2nb-c100,817,1791053695393527875,1913030635,1,
T-sameregion-optimistic@v2nb-c100,843,1791053695527564234,1802061823,0,Internal error occurred: failed to generate token: while signing jwt: rpc error: code = Unavailable desc = token signing failed: threshold not met
T-sameregion-optimistic@v2nb-c100,832,1791053695493142644,1906068994,1,
T-sameregion-optimistic@v2nb-c100,831,1791053695493156269,1967937052,0,Internal error occurred: failed to generate token: while signing jwt: rpc error: code = Unavailable desc = token signing failed: threshold not met
T-sameregion-optimistic@v2nb-c100,839,1791053695524473239,1942508265,1,
T-sameregion-optimistic@v2nb-c100,849,1791053695552384010,1960306448,0,Internal error occurred: failed to generate token: while signing jwt: rpc error: code = Unavailable desc = token signing failed: threshold not met
T-sameregion-optimistic@v2nb-c100,842,1791053695525215198,1987769867,0,Internal error occurred: failed to generate token: while signing jwt: rpc error: code = Unavailable desc = token signing failed: threshold not met
T-sameregion-optimistic@v2nb-c100,838,1791053695523541330,2010015075,0,Internal error occurred: failed to generate token: while signing jwt: rpc error: code = Unavailable desc = token signing failed: threshold not met
T-sameregion-optimistic@v2nb-c100,863,1791053695610326406,1923240419,0,Internal error occurred: failed to generate token: while signing jwt: rpc error: code = Unavailable desc = token signing failed: threshold not met
T-sameregion-optimistic@v2nb-c100,853,1791053695593162766,1941097139,0,Internal error occurred: failed to generate token: while signing jwt: rpc error: code = Unavailable desc = token signing failed: threshold not met
T-sameregion-optimistic@v2nb-c100,861,1791053695598516959,1935791989,0,Internal error occurred: failed to generate token: while signing jwt: rpc error: code = Unavailable desc = token signing failed: threshold not met
T-sameregion-optimistic@v2nb-c100,865,1791053695623603616,1913988691,0,Internal error occurred: failed to generate token: while signing jwt: rpc error: code = Unavailable desc = token signing failed: threshold not met
T-sameregion-optimistic@v2nb-c100,851,1791053695552480225,1995457362,0,Internal error occurred: failed to generate token: while signing jwt: rpc error: code = Unavailable desc = token signing failed: threshold not met
T-sameregion-optimistic@v2nb-c100,854,1791053695593412074,1965236184,0,Internal error occurred: failed to generate token: while signing jwt: rpc error: code = Unavailable desc = token signing failed: threshold not met
T-sameregion-optimistic@v2nb-c100,856,1791053695593538480,1971876896,0,Internal error occurred: failed to generate token: while signing jwt: rpc error: code = Unavailable desc = token signing failed: threshold not met
T-sameregion-optimistic@v2nb-c100,864,1791053695623595329,1969059206,0,Internal error occurred: failed to generate token: while signing jwt: rpc error: code = Unavailable desc = token signing failed: threshold not met
T-sameregion-optimistic@v2nb-c100,857,1791053695593629108,2009434386,0,Internal error occurred: failed to generate token: while signing jwt: rpc error: code = Unavailable desc = token signing failed: threshold not met
T-sameregion-optimistic@v2nb-c100,874,1791053695651029994,2001546322,1,
T-sameregion-optimistic@v2nb-c100,886,1791053695743887276,1964326372,0,Internal error occurred: failed to generate token: while signing jwt: rpc error: code = Unavailable desc = token signing failed: threshold not met
T-sameregion-optimistic@v2nb-c100,882,1791053695724212896,1989189497,1,
T-sameregion-optimistic@v2nb-c100,897,1791053695797311012,1933320789,0,Internal error occurred: failed to generate token: while signing jwt: rpc error: code = Unavailable desc = token signing failed: threshold not met
T-sameregion-optimistic@v2nb-c100,887,1791053695745275501,2003566846,0,Internal error occurred: failed to generate token: while signing jwt: rpc error: code = Unavailable desc = token signing failed: threshold not met
T-sameregion-optimistic@v2nb-c100,888,1791053695745641860,2004647216,0,Internal error occurred: failed to generate token: while signing jwt: rpc error: code = Unavailable desc = token signing failed: threshold not met
T-sameregion-optimistic@v2nb-c100,898,1791053695801162284,1982815912,0,Internal error occurred: failed to generate token: while signing jwt: rpc error: code = Unavailable desc = token signing failed: threshold not met
T-sameregion-optimistic@v2nb-c100,893,1791053695793939881,2008172939,0,Internal error occurred: failed to generate token: while signing jwt: rpc error: code = Unavailable desc = token signing failed: threshold not met
T-sameregion-optimistic@v2nb-c100,916,1791053695848543638,1954433171,0,Internal error occurred: failed to generate token: while signing jwt: rpc error: code = Unavailable desc = token signing failed: threshold not met
T-sameregion-optimistic@v2nb-c100,918,1791053695850545666,1977504312,0,Internal error occurred: failed to generate token: while signing jwt: rpc error: code = Unavailable desc = token signing failed: threshold not met
T-sameregion-optimistic@v2nb-c100,911,1791053695826682445,2002028221,0,Internal error occurred: failed to generate token: while signing jwt: rpc error: code = Unavailable desc = token signing failed: threshold not met
T-sameregion-optimistic@v2nb-c100,917,1791053695849593607,1979447053,0,Internal error occurred: failed to generate token: while signing jwt: rpc error: code = Unavailable desc = token signing failed: threshold not met
T-sameregion-optimistic@v2nb-c100,915,1791053695848083404,1982214711,0,Internal error occurred: failed to generate token: while signing jwt: rpc error: code = Unavailable desc = token signing failed: threshold not met
T-sameregion-optimistic@v2nb-c100,921,1791053695852267269,1978151485,0,Internal error occurred: failed to generate token: while signing jwt: rpc error: code = Unavailable desc = token signing failed: threshold not met
T-sameregion-optimistic@v2nb-c100,919,1791053695851121075,1994424072,0,Internal error occurred: failed to generate token: while signing jwt: rpc error: code = Unavailable desc = token signing failed: threshold not met
T-sameregion-optimistic@v2nb-c100,930,1791053695898221903,1962807343,0,Internal error occurred: failed to generate token: while signing jwt: rpc error: code = Unavailable desc = token signing failed: threshold not met
T-sameregion-optimistic@v2nb-c100,933,1791053695900692749,1960336503,0,Internal error occurred: failed to generate token: while signing jwt: rpc error: code = Unavailable desc = token signing failed: threshold not met
T-sameregion-optimistic@v2nb-c100,939,1791053695925433919,1956729903,0,Internal error occurred: failed to generate token: while signing jwt: rpc error: code = Unavailable desc = token signing failed: threshold not met
T-sameregion-optimistic@v2nb-c100,928,1791053695897630582,1984891033,0,Internal error occurred: failed to generate token: while signing jwt: rpc error: code = Unavailable desc = token signing failed: threshold not met
T-sameregion-optimistic@v2nb-c100,927,1791053695897208647,1985343080,0,Internal error occurred: failed to generate token: while signing jwt: rpc error: code = Unavailable desc = token signing failed: threshold not met
T-sameregion-optimistic@v2nb-c100,926,1791053695895087052,2004618058,0,Internal error occurred: failed to generate token: while signing jwt: rpc error: code = Unavailable desc = token signing failed: threshold not met
T-sameregion-optimistic@v2nb-c100,929,1791053695898221521,2005810993,0,Internal error occurred: failed to generate token: while signing jwt: rpc error: code = Unavailable desc = token signing failed: threshold not met
T-sameregion-optimistic@v2nb-c100,931,1791053695898402143,2006163372,0,Internal error occurred: failed to generate token: while signing jwt: rpc error: code = Unavailable desc = token signing failed: threshold not met
T-sameregion-optimistic@v2nb-c100,946,1791053695953572208,1973824659,0,Internal error occurred: failed to generate token: while signing jwt: rpc error: code = Unavailable desc = token signing failed: threshold not met
T-sameregion-optimistic@v2nb-c100,944,1791053695950842116,1990091710,0,Internal error occurred: failed to generate token: while signing jwt: rpc error: code = Unavailable desc = token signing failed: threshold not met
T-sameregion-optimistic@v2nb-c100,948,1791053695992624366,1955178331,0,Internal error occurred: failed to generate token: while signing jwt: rpc error: code = Unavailable desc = token signing failed: threshold not met
T-sameregion-optimistic@v2nb-c100,945,1791053695953320185,1994484392,0,Internal error occurred: failed to generate token: while signing jwt: rpc error: code = Unavailable desc = token signing failed: threshold not met
T-sameregion-optimistic@v2nb-c100,953,1791053696045338523,1908307978,0,Internal error occurred: failed to generate token: while signing jwt: rpc error: code = Unavailable desc = token signing failed: threshold not met
T-sameregion-optimistic@v2nb-c100,940,1791053695947537155,2008534329,0,Internal error occurred: failed to generate token: while signing jwt: rpc error: code = Unavailable desc = token signing failed: threshold not met
T-sameregion-optimistic@v2nb-c100,958,1791053696056620664,1906386394,0,Internal error occurred: failed to generate token: while signing jwt: rpc error: code = Unavailable desc = token signing failed: threshold not met
T-sameregion-optimistic@v2nb-c100,950,1791053696013195800,1981396108,0,Internal error occurred: failed to generate token: while signing jwt: rpc error: code = Unavailable desc = token signing failed: threshold not met
T-sameregion-optimistic@v2nb-c100,959,1791053696109464543,1907952198,0,Internal error occurred: failed to generate token: while signing jwt: rpc error: code = Unavailable desc = token signing failed: threshold not met
T-sameregion-optimistic@v2nb-c100,956,1791053696051551520,1998695808,0,Internal error occurred: failed to generate token: while signing jwt: rpc error: code = Unavailable desc = token signing failed: threshold not met
T-sameregion-optimistic@v2nb-c100,971,1791053696195440575,1867988580,0,Internal error occurred: failed to generate token: while signing jwt: rpc error: code = Unavailable desc = token signing failed: threshold not met
T-sameregion-optimistic@v2nb-c100,978,1791053696249250738,1819367580,0,Internal error occurred: failed to generate token: while signing jwt: rpc error: code = Unavailable desc = token signing failed: threshold not met
T-sameregion-optimistic@v2nb-c100,976,1791053696247671958,1908281007,0,Internal error occurred: failed to generate token: while signing jwt: rpc error: code = Unavailable desc = token signing failed: threshold not met
T-sameregion-optimistic@v2nb-c100,970,1791053696195272328,1961102037,1,
T-sameregion-optimistic@v2nb-c100,974,1791053696207492415,1951491403,0,Internal error occurred: failed to generate token: while signing jwt: rpc error: code = Unavailable desc = token signing failed: threshold not met
T-sameregion-optimistic@v2nb-c100,981,1791053696293014926,1956960811,0,Internal error occurred: failed to generate token: while signing jwt: rpc error: code = Unavailable desc = token signing failed: threshold not met
T-sameregion-optimistic@v2nb-c100,991,1791053696423302959,1829989991,0,Internal error occurred: failed to generate token: while signing jwt: rpc error: code = Unavailable desc = token signing failed: threshold not met
T-sameregion-optimistic@v2nb-c100,990,1791053696406557336,1860223925,0,Internal error occurred: failed to generate token: while signing jwt: rpc error: code = Unavailable desc = token signing failed: threshold not met
T-sameregion-optimistic@v2nb-c100,993,1791053696423511360,1870383643,0,Internal error occurred: failed to generate token: while signing jwt: rpc error: code = Unavailable desc = token signing failed: threshold not met
T-sameregion-optimistic@v2nb-c100,999,1791053696493016641,1818389909,0,Internal error occurred: failed to generate token: while signing jwt: rpc error: code = Unavailable desc = token signing failed: threshold not met
T-sameregion-optimistic@v2nb-c100,1000,1791053696497950374,1861617411,1,
